tripID,source,Choice,Options,turnsPerkm,turnsLeftPerkm,turnsRightPerkm,perc_Detour,signalsPerkm,percCycleWay,percBikeLane,percSharrow,percFootway,percPrimary,percSecondary,percResidential,FlickrPerkm,percIndustrial,percRoadRailroad,percPort,percUrbanFabric,percUrbanGreen,percCropland,percForest,percGrassShrub,percMarshland,percWaterbody,percBeach,PSOverlap,Gender,age,Weight,IntPerKM
1301593236,EndomondoTrip,1,4,1.025241,0.717669,0.307572,14.35644,0.205048,50.66393,5.317011,0,0,0,0,5.263474,2.255531,38.42764,0,2.613776,20.75646,4.735548,31.57032,0,0,0,1.896269,0,-0.510042,1,62,2.320185615,9.842316252
1301593236,GoogleTrip,0,4,1.856044,0.824909,1.031136,13.70274,0.103114,44.38364,5.027579,0,0,14,3,12.82807,2.268498,40.12988,0,2.628595,19.72993,4.772704,30.83187,0,0,0,1.90702,0,-0.470184,1,62,2.320185615,10.10512884
1301593236,MapQuestTrip,0,4,1.511805,1.079861,0.431944,8.572256,0.431944,57.44049,1.617215,0,0,0,0,8.256413,2.159722,38.2158,0,0,27.66489,0,32.06563,0,0,0,2.053678,0,-0.539622,1,62,2.320185615,10.58263736
1301593236,ShortestPath,0,4,3.048316,1.289672,1.758644,0,0.468972,10.14125,1.594077,0,2,36,0,3.093713,0.937944,48.03205,0,0,31.59321,0,10.87674,0,0,0,9.497996,0,-0.105257,1,62,2.320185615,15.59331109
1301684976,EndomondoTrip,1,4,3.664329,1.832164,1.832164,11.80124,0.785213,55.79549,2.833447,0,1,0,2,31.27581,1.832164,0,0,0,56.47304,0,9.846314,34,0,0,0,0,-0.01072,1,34,2.320185615,19.36859396
1301684976,GoogleTrip,0,4,4.125135,1.650054,2.475081,6.406,0.275009,1.711237,15.89543,0,6,0,76,1.733636,0.825027,0,0,0,91.47115,0,0,9,0,0,0,0,-0.20587,1,34,2.320185615,23.92578199
1301684976,MapQuestTrip,0,4,3.738317,1.602136,2.136181,9.588489,1.602136,55.06873,21.32287,0,4,0,11,10.21444,2.403204,0,0,0,87.5134,0,0.696677,12,0,0,0,0,-0.176616,1,34,2.320185615,23.23096885
1301684976,ShortestPath,0,4,4.389391,1.755756,2.633635,0,1.170504,10.53315,20.77804,0,2,0,34,22.74541,2.341008,0,0,0,80.7592,0,1.390901,18,0,0,0,0,-0.236084,1,34,2.320185615,25.45846767
1301868814,EndomondoTrip,1,4,1.618185,0.943941,0.674244,10.96169,0.674244,30.83352,8.407026,0,5,5,12,0,2.696975,0.174146,0,0,57.11989,0,40.37508,0,0,0,2.330878,0,-0.23319,0,48,1,12.13638901
1301868814,GoogleTrip,0,4,0.879622,0.146604,0.733019,2.06459,1.17283,18.96109,8.676563,0,0,39,33,0,2.345659,0.523713,0,0,47.9197,0,49.46174,0,0,0,2.09485,0,-0.218111,0,48,1,10.99527796
1301868814,MapQuestTrip,0,4,0.862583,0.287527,0.575055,4.080796,1.006346,77.90572,8.112586,0,0,0,15,0,2.587748,0.185767,0,0,49.07116,0,48.25665,0,0,0,2.486425,0,-0.726408,0,48,1,11.35733758
1301868814,ShortestPath,0,4,3.29187,1.496305,1.795566,0,1.047413,63.81585,10.94984,0,0,5,1,0,0.598522,0.255064,0,0,42.26557,4.366092,53.11328,0,0,0,0,0,-0.40454,0,48,1,13.61637297
1302349646,EndomondoTrip,1,4,1.902162,0.895135,1.007027,9.51255,0.223784,55.19545,3.04508,6,17,0,0,8.592701,1.007027,0,0,0,59.12868,0,10.85785,30,0,0,0,0,-0.438951,0,65,1,13.09135037
1302349646,GoogleTrip,0,4,1.271776,0.462464,0.809312,5.985052,0.462464,5.412246,1.044207,0,1,0,36,0,0.346848,0.483425,0,0,61.29144,0,12.1547,26,0,0,0,0,-0.361538,0,65,1,16.76431698
1302349646,MapQuestTrip,0,4,1.797393,0.718957,1.078436,2.261146,0.359479,75.1711,0,6,1,0,7,4.196349,0.718957,2.707235,0,0,60.18208,0,11.58361,26,0,0,0,0,-0.600556,0,65,1,13.54036168
1302349646,ShortestPath,0,4,1.838035,0.735214,1.102821,0,0.367607,17.77948,0,3,7,0,26,4.338228,0.612678,4.181952,0,0,60.88286,0,12.39912,19,3,0,0,0,-0.641708,0,65,1,15.92963522
1302528368,EndomondoTrip,1,4,2.084126,0.757864,1.326262,4.073778,0.94733,30.36721,50.79285,0,4,5,0,0,0.189466,0,0,0,74.24385,16.25023,0,10,0,0,0,0,-0.233444,0,0,1,19.51499579
1302528368,GoogleTrip,0,4,0.946115,0.378446,0.567669,4.207387,2.081454,0,59.51428,0,5,54,3,5.147096,0,0,0,0,74.89218,16.0885,0,9,0,0,0,0,-0.541677,0,0,1,19.11152858
1302528368,MapQuestTrip,0,4,2.352594,1.008254,1.344339,17.34205,1.176297,72.68604,3.433203,0,9,0,0,8.569699,0,0,0,0,48.70108,29.55466,0,22,0,0,0,0,-0.107278,0,0,1,17.47641045
1302528368,ShortestPath,0,4,1.183106,0.394369,0.788738,0,1.971844,6.91611,61.09195,0,9,40,3,11.2849,0,0,0,0,70.02921,20.58423,0,9,0,0,0,0,-0.653745,0,0,1,20.30999341
1304207314,EndomondoTrip,1,4,2.037989,1.198817,0.839172,4.754365,0.599409,84.09679,0,5,0,0,5,1.31998,0.479527,26.53574,0,30.11615,19.65034,13.0643,0,0,0,0,10.63346,0,-0.866972,0,56,1,14.265924
1304207314,GoogleTrip,0,4,1.920565,0.840247,1.080318,4.620336,0.600177,60.87419,0,5,0,0,19,1.324304,0.480141,26.60913,0,30.02517,19.87295,12.933,0,0,0,0,10.55975,0,-0.880806,0,56,1,14.04412951
1304207314,MapQuestTrip,0,4,1.826608,0.799141,1.027467,10.00178,0.684978,78.99556,4.008101,4,0,0,4,1.259999,0.456652,30.31132,0,28.50952,18.69084,12.44156,0,0,0,0,10.04676,0,-0.793597,0,56,1,13.69955937
1304207314,ShortestPath,0,4,3.516277,1.758139,1.758139,0,0.502325,32.76793,0,0,8,0,11,8.313091,0.376744,30.07187,0,30.02143,21.14487,12.9618,0,0,0,0,5.800025,0,-0.36917,0,56,1,16.32557273
1305592584,EndomondoTrip,1,4,2.595936,1.142212,1.453724,3.677983,0.934537,52.07792,10.55368,0,14,0,1,16.22204,0.41535,0,0,0,91.51925,8.480749,0,0,0,0,0,0,-0.22591,0,0,1,25.33633125
1305592584,GoogleTrip,0,4,1.579144,0.947486,0.631657,2.261011,1.052762,4.493874,1.885804,0,21,18,31,0,0.736934,0,0,0,87.18943,12.81057,0,0,0,0,0,0,-0.440066,0,0,1,22.63439115
1305592584,MapQuestTrip,0,4,2.379777,1.189888,1.189888,8.571401,1.189888,69.3276,1.741353,0,20,1,0,4.884776,0.39663,0,0,0,87.8902,12.1098,0,0,0,0,0,0,-0.187573,0,0,1,23.69861144
1305592584,ShortestPath,0,4,2.583757,1.291879,1.291879,0,1.076566,6.92759,8.494756,0,1,0,28,12.16079,0.538283,0,0,0,100,0,0,0,0,0,0,0,-0.301826,0,0,1,20.77771332
1306335864,EndomondoTrip,1,4,3.37008,1.78416,1.58592,8.369434,0.79296,70.19711,19.79051,1,2,0,2,12.97036,3.76656,0,0,0,98.00198,1.998022,0,0,0,0,0,0,-0.131216,1,0,2.320185615,21.80640089
1306335864,GoogleTrip,0,4,1.678994,0.839497,0.839497,2.362058,2.308616,2.707124,10.9705,0,2,8,74,4.067445,0.839497,0,0,0,99.208,0.791997,0,0,0,0,0,0,-0.473661,1,0,2.320185615,26.44415227
1306335864,MapQuestTrip,0,4,2.569844,1.101362,1.468482,17.036,1.468482,84.70341,0,0,3,8,2,0,1.284922,0,0,0,100,0,0,0,0,0,0,0,-0.095776,1,0,2.320185615,25.33131573
1306335864,ShortestPath,0,4,1.933484,0.859326,1.074158,0,2.577979,15.69213,7.174123,0,3,9,47,2.723909,1.074158,0,0,0,99.19166,0.808339,0,0,0,0,0,0,-0.553588,1,0,2.320185615,24.0611364
1306516016,EndomondoTrip,1,4,2.060057,0.824023,1.236034,15.57303,0,65.01162,0,0,0,0,24,0,0.412011,1.147541,0,0,33.31967,0,0,66,0,0,0,0,-0.771104,0,39,1,14.00838802
1306516016,GoogleTrip,0,4,2.068918,0.827567,1.241351,15.07806,0,18.7629,0,0,0,0,71,0,0.413784,1.556739,0,0,33.30602,0,0,65,0,0,0,0,-0.50474,0,39,1,15.72377333
1306516016,MapQuestTrip,0,4,3.132368,1.789925,1.342443,6.412091,0,96.57408,0,0,0,0,3,0,0.447481,9.777778,0,0,27.6,0,0,63,0,0,0,0,-0.303945,0,39,1,13.87191584
1306516016,ShortestPath,0,4,1.428522,0.952348,0.476174,0,0,4.160861,0,0,16,0,73,0,0,14.92257,0,0,28.53121,0,0,44,13,0,0,0,-0.338114,0,39,1,18.09461414
1306567462,EndomondoTrip,1,4,2.640158,0.440026,2.200131,9.753581,0.660039,24.07215,29.61128,6,0,0,35,14.69467,0,0,0,0,81.11258,0,8.641161,10,0,0,0,0,-0.016662,0,41,1,19.14114298
1306567462,GoogleTrip,0,4,2.606832,0.947939,1.658893,1.893597,1.658893,3.302503,0.982491,0,0,0,67,29.59089,0.236985,11.15065,0,0,66.95136,2.941874,17.48517,1,0,0,0,0,-0.415569,0,41,1,25.35736934
1306567462,MapQuestTrip,0,4,2.26188,0.904752,1.357128,6.757329,1.809504,84.58672,0.934139,0,0,0,0,15.41327,0,11.96409,0,0,68.91134,2.401796,15.06173,2,0,0,0,0,-0.146741,0,41,1,24.8806832
1306567462,ShortestPath,0,4,3.380612,1.690306,1.690306,0,1.448834,26.03665,0,0,0,0,38,35.8506,0.241472,5.923429,0,0,71.97207,2.985793,17.91476,1,0,0,0,0,-0.596953,0,41,1,23.66428511
1307747408,EndomondoTrip,1,4,1.093397,0.420537,0.67286,7.174387,0.504645,68.50382,16.93049,0,0,0,0,0,0.252322,10.19242,0,0,15.96504,4.05008,69.79246,0,0,0,0,0,-0.212821,0,0,1,8.494852077
1307747408,GoogleTrip,0,4,1.459054,0.600787,0.858267,5.027504,0.51496,8.679428,11.20191,0,0,0,21,0,1.544881,0,0,0,41.8475,0,53.8125,0,0,0,4.339995,0,-0.209722,0,0,1,9.355110224
1307747408,MapQuestTrip,0,4,2.114667,1.01504,1.099627,6.56718,0.592107,75.50902,8.28476,0,0,0,3,0.099029,1.184214,2.869342,0,0,43.90265,1.024765,49.60717,0,0,0,2.596072,0,-0.274309,0,0,1,9.473708265
1307747408,ShortestPath,0,4,1.983116,0.991558,0.991558,0,0.630992,22.35943,6.332352,0,1,40,12,5.125091,0,11.05791,0,0,21.90803,2.881922,64.15214,0,0,0,0,0,-0.257392,0,0,1,10.09586369
1308042882,EndomondoTrip,1,4,3.071718,1.31645,1.755267,36.23131,0,40.65815,0,0,0,0,0,0.835442,0.146272,0,0,0,61.39351,12.24072,0,2,25,0,0,0,-0.051377,1,0,2.320185615,10.67787578
1308042882,GoogleTrip,0,4,0.921155,0.184231,0.736924,8.162386,0,64.08628,13.58473,0,0,0,0,5.926965,0,0,0,0,73.36508,13.28082,0,2,11,0,0,0,-0.84952,1,0,2.320185615,8.843087426
1308042882,MapQuestTrip,0,4,0.921113,0.184223,0.736891,8.167258,0,63.74397,13.23118,0,1,0,0,5.772711,0,0,0,0,73.36508,13.28082,0,2,11,0,0,0,-0.849565,1,0,2.320185615,8.842689069
1308042882,ShortestPath,0,4,2.989029,1.39488,1.594149,0,0,59.10936,1.609182,0,0,0,0,1.133408,0,0,0,0,62.13786,22.21778,0,4,12,0,0,0,-0.446384,1,0,2.320185615,10.95977474
1308883908,EndomondoTrip,1,4,2.334929,1.245295,1.089633,15.70865,0.311324,45.11077,21.74046,0,0,0,19,0,2.023605,0,0,0,26.71212,0,16.71832,57,0,0,0,0,-0.286937,0,0,1,12.7642778
1308883908,GoogleTrip,0,4,0.965698,0.482849,0.482849,11.90721,0.482849,0.240306,6.827331,0,0,44,27,3.895821,2.092346,0,0,0,56.31973,2.231474,5.378851,36,0,0,0,0,-0.159064,0,0,1,11.74932738
1308883908,MapQuestTrip,0,4,1.725011,0.627277,1.097734,14.85476,0.470458,55.92041,21.20439,0,4,1,12,0,2.03865,0,0,0,45.57662,0,4.50237,50,0,0,0,0,-0.335551,0,0,1,13.17281234
1308883908,ShortestPath,0,4,2.5216,1.440915,1.080686,0,0.360229,6.526453,12.73624,0,0,0,4,2.181726,0.720457,0,0,0,63.2469,0,7.121383,30,0,0,0,0,-0.196165,0,0,1,16.39040211
1308897422,EndomondoTrip,1,4,0.991985,0.425136,0.566848,12.96807,0.070856,34.52437,5.428447,0,0,0,0,11.01937,2.975955,1.278591,0,0,13.411,0,40.28271,33,5,7,0,0,-0.303738,0,62,1,7.510743237
1308897422,GoogleTrip,0,4,0.797334,0.362424,0.434909,10.42955,0.217455,0.843319,0.06088,0,1,30,24,4.169566,4.059154,4.368897,0,0,26.50271,0,49.96022,7,2,10,0,0,-0.154914,0,62,1,11.23515672
1308897422,MapQuestTrip,0,4,0.858406,0.500737,0.357669,11.89779,0.214601,68.17504,0,3,0,0,0,1.016252,3.791291,4.850935,0,0,25.28694,0,50.92038,7,2,10,0,0,-0.124476,0,62,1,10.15779797
1308897422,ShortestPath,0,4,1.120626,0.400224,0.720403,0,0,15.03541,0.066265,0,1,0,7,0.804073,4.482505,2.866725,0,0,26.9584,0,44.0789,13,5,8,0,0,-0.467387,0,62,1,9.20514397
1309119596,EndomondoTrip,1,4,2.662904,1.141245,1.521659,29.59213,0.25361,83.23285,6.869058,0,8,0,0,9.196773,1.141245,19.35402,0,0,79.10732,0.559512,0,0,0,0,0.979146,0,-0.090928,1,40,2.320185615,19.27435411
1309119596,GoogleTrip,0,4,2.611826,1.469152,1.142674,0.667809,0.979435,17.57645,3.469138,0,11,17,30,6.630242,0.489717,39.75845,0,0,39.44835,17.90436,0,0,0,0,2.888853,0,-0.327537,1,40,2.320185615,20.73136823
1309119596,MapQuestTrip,0,4,3.214582,1.022822,2.191761,12.46386,0.876704,73.02689,4.933425,0,9,1,0,9.539799,0.292235,35.37736,0,0,45.71049,16.2441,0,0,0,0,2.668042,0,-0.22107,1,40,2.320185615,19.14137636
1309119596,ShortestPath,0,4,2.13628,0.985976,1.150305,0,0.657317,22.48618,2.854413,0,11,0,35,6.652806,0.328659,24.06646,6,0,37.99967,29.29758,0,0,0,0,2.928113,0,-0.280471,1,40,2.320185615,18.89786328
1309145740,EndomondoTrip,1,4,2.579903,0.978584,1.601319,11.95155,0.355849,68.5193,1.729422,0,1,0,0,9.757637,2.579903,0.260487,0,0,83.46358,11.43447,0,0,0,0,4.841462,0,-0.179768,0,34,1,21.35092106
1309145740,GoogleTrip,0,4,3.210817,1.516219,1.694598,11.66638,0.445947,41.63152,3.692754,0,4,2,25,6.080792,0.802704,1.30335,0,0,93.18954,0.348784,0,0,0,0,5.158329,0,-0.273929,0,34,1,22.56490716
1309145740,MapQuestTrip,0,4,1.621279,0.884334,0.736945,35.14516,0.66325,70.55605,16.24405,0,5,0,5,2.443541,0.368472,16.13721,3,0,57.05444,21.64057,2.40865,0,0,0,0,0,-0.009981,0,34,1,16.13909229
1309145740,ShortestPath,0,4,3.784592,1.693107,2.091485,0,1.09554,32.45498,0.97075,0,11,0,33,2.556773,2.091485,2.460828,0,0,93.55163,0.391724,0,0,0,0,3.595822,0,-0.28305,0,34,1,23.00633595
1309151116,EndomondoTrip,1,4,1.701324,0.94518,0.756144,27.65021,0.94518,84.75809,0,0,0,0,0,8.297614,2.079396,26.3667,8,23.73453,30.79865,10.68616,0,0,0,0,0,0,-0.437335,1,23,2.320185615,17.39131292
1309151116,GoogleTrip,0,4,3.678491,2.069151,1.60934,4.958191,0.689717,61.24463,0,0,12,0,0,21.97881,0.229906,20.88695,10,8.846507,37.33915,23.04688,0,0,0,0,0,0,-0.31645,1,23,2.320185615,21.61113613
1309151116,MapQuestTrip,0,4,2.578334,1.289167,1.289167,12.30733,0.644584,96.49112,0,0,2,0,0,0,0.644584,22.36449,8,9.411012,29.96159,30.23901,0,0,0,0,0,0,-0.361137,1,23,2.320185615,20.19695221
1309151116,ShortestPath,0,4,6.273927,3.136963,3.136963,0,1.206524,46.30693,0,0,12,29,1,9.299435,6.515232,32.74897,8,16.26491,30.89847,11.83346,0,0,0,0,0,0,-0.147424,1,23,2.320185615,23.16526721
1310717808,EndomondoTrip,1,4,0.936988,0.35137,0.585618,10.04408,0.175685,53.29355,12.14308,0,2,0,1,1.399117,1.698291,2.061856,0,0,28.3388,17.36762,49.60169,0,0,0,2.630038,0,-0.634081,2,0,1,10.54111587
1310717808,GoogleTrip,0,4,1.575544,0.660712,0.914832,26.79788,0.25412,37.70293,0.844855,0,0,5,6,7.742302,3.659328,5.059418,0,0.214209,31.26945,9.736319,42.66333,0,0,0,11.05728,0,-0.014695,2,0,1,14.94225384
1310717808,MapQuestTrip,0,4,1.340531,0.670265,0.670265,15.37596,0.335133,53.61999,11.08869,0,1,0,0,4.164924,3.18376,1.974533,0,0,31.14938,16.63207,47.48415,0,0,0,2.759859,0,-0.586677,2,0,1,11.11523242
1310717808,ShortestPath,0,4,1.224431,0.644437,0.579994,0,0.322219,20.14963,0.877043,0,1,21,6,11.5178,1.997756,2.446898,0,0,33.86274,7.411712,53.37982,0,0,0,2.898831,0,-0.076084,2,0,1,13.21096817
1311731454,EndomondoTrip,1,4,1.593122,0.885068,0.708054,9.428388,0.531041,59.20798,13.52296,0,1,0,0,13.98766,0.708054,19.53279,6,0,41.54537,29.02066,0,0,0,0,3.683738,0,-0.1469,1,32,2.320185615,16.4622582
1311731454,GoogleTrip,0,4,1.788103,0.715241,1.072862,8.32879,1.072862,14.97725,26.54737,0,0,27,34,4.301939,0.715241,36.35719,0,0,54.81928,5.616584,0,0,0,0,3.206945,0,-0.104982,1,32,2.320185615,21.4572379
1311731454,MapQuestTrip,0,4,1.523636,0.507879,1.015758,14.41887,1.18505,85.88776,7.045716,0,1,0,2,4.265968,0.338586,34.44444,0,0,57.25589,5.252525,0,0,0,0,3.047138,0,-0.094709,1,32,2.320185615,17.94504978
1311731454,ShortestPath,0,4,4.45517,2.324437,2.130733,0,0.387406,23.19341,9.828959,0,7,0,21,12.69721,0.581109,19.84112,7,0,43.05367,26.93276,0,0,0,0,3.448944,0,-0.146068,1,32,2.320185615,20.53252333
1314247708,EndomondoTrip,1,4,1.998524,0.932644,1.065879,12.03506,0.666175,93.0901,0,0,4,0,0,1.11644,0.26647,26.22312,0,23.56183,21.26344,17.05645,0,0,0,12,0,0,-0.321502,0,60,1,13.98966599
1314247708,GoogleTrip,0,4,1.642292,0.821146,0.821146,9.06941,0.821146,67.09155,0,0,0,6,3,0.95519,0.547431,21.78191,0,0.286964,41.11779,10.522,0,0,0,26,0,0,-0.192391,0,60,1,13.41204812
1314247708,MapQuestTrip,0,4,1.952265,0.697237,1.255028,7.043735,0.836685,94.23994,0,0,4,0,0,1.132349,2.510055,16.80884,0,62.50874,16.68298,3.999441,0,0,0,0,0,0,-0.429061,0,60,1,17.01259515
1314247708,ShortestPath,0,4,4.179555,2.239047,1.940508,0,0.447809,58.24759,0,0,6,2,1,1.015208,5.522983,21.18352,0,59.1161,19.62547,0.074906,0,0,0,0,0,0,-0.349522,0,60,1,18.21091732
1315213926,EndomondoTrip,1,4,1.352105,0.525819,0.826287,3.750426,0.150234,30.03499,7.419215,0,0,0,2,0.623424,1.352105,0,0,0,56.74884,10.85225,22.86187,10,0,0,0,0,-0.091035,0,0,1,14.34733812
1315213926,GoogleTrip,0,4,1.789353,0.745564,1.043789,4.530541,0.596451,6.158064,9.691061,0,1,44,15,2.981882,2.534916,0,0,0,78.87902,1.418016,11.94865,8,0,0,0,0,-0.283574,0,0,1,19.45920819
1315213926,MapQuestTrip,0,4,1.493348,0.933342,0.560006,25.2501,0.186668,74.37635,4.159288,0,1,0,0,0.664746,0.746674,29.67185,0,0,38.45185,11.99849,19.38653,0,0,0,0,0,-0.140154,0,0,1,12.19567526
1315213926,ShortestPath,0,4,2.493893,1.246947,1.246947,0,0.623473,36.98678,14.64347,0,4,15,26,0.158923,1.324881,0,0,0,79.38281,1.484375,11.01563,8,0,0,0,0,-0.48988,0,0,1,17.69105414
1316320008,EndomondoTrip,1,4,2.719651,1.359825,1.359825,14.97935,0.951878,86.38934,0,0,6,0,0,0,0.135983,36.58202,3,0,21.75703,15.41524,22.92382,0,0,0,0,0,-0.416375,1,34,2.320185615,19.85345127
1316320008,GoogleTrip,0,4,3.531923,1.222589,2.309335,15.09728,0.950902,40.60664,2.059802,0,0,0,5,0,0.271686,37.09722,3,0,21.53677,16.12503,22.62462,0,0,0,0,0,-0.434424,1,34,2.320185615,21.59906973
1316320008,MapQuestTrip,0,4,1.534203,0.82611,0.708094,32.484,0.944125,77.34167,15.08625,0,2,0,9,1.435204,0.236031,34.67049,4,0,50.41786,4.274117,6.220153,0,0,0,0,0,-0.24241,1,34,2.320185615,17.11226702
1316320008,ShortestPath,0,4,2.657981,1.563518,1.094463,0,0.938111,6.32779,33.70378,0,6,16,6,0,0.156352,11.21655,0,0,24.23771,18.66833,45.65961,0,0,0,0.217797,0,-0.127715,1,34,2.320185615,18.29316532
1317295366,EndomondoTrip,1,4,1.422139,0.387856,1.034283,0.831362,0.387856,84.16541,0,0,1,0,0,11.41218,0.646427,4.436728,0,0,79.71965,15.84362,0,0,0,0,0,0,-0.630548,0,35,1,20.55637592
1317295366,GoogleTrip,0,4,0.912333,0.130333,0.782,0.020663,0.521333,6.918165,0,0,1,0,64,11.82886,0.651666,3.093451,0,0,81.28397,15.62257,0,0,0,0,0,0,-0.144456,0,35,1,20.85332496
1317295366,MapQuestTrip,0,4,1.791997,0.895999,0.895999,16.39323,0.336,96.06786,0,0,1,0,0,0.08912,0.336,7.87729,0,4.832004,60.36633,16.82211,10.10226,0,0,0,0,0,-0.188631,0,35,1,17.69597219
1317295366,ShortestPath,0,4,2.867925,1.433962,1.433962,0,0.391081,61.10423,0,0,10,0,12,4.836944,0.391081,4.94084,0,0,79.35249,15.70667,0,0,0,0,0,0,-0.445393,0,35,1,22.16123608
1317342788,EndomondoTrip,1,4,0.671311,0.479508,0.191803,7.940641,1.150818,95.86131,0,0,0,0,0,2.762568,3.068849,16.66345,2,10.37481,51.09158,6.28864,12.39374,0,0,0,0.850077,0,-0.095193,0,0,1,22.63275908
1317342788,GoogleTrip,0,4,1.408343,0.603576,0.804768,2.903451,1.106556,17.406,0,0,0,0,28,12.97178,0.301788,18.90807,2,3.86391,53.63308,7.98876,12.65556,0,0,0,1.043758,0,-0.390689,0,0,1,21.62813203
1317342788,MapQuestTrip,0,4,1.452653,0.688099,0.764554,35.39488,0.611643,87.55901,9.662106,0,1,0,5,0.703728,0.305822,9.368041,3,3.386317,62.74284,10.88075,9.383399,0,0,1,0,0,-0.05925,0,0,1,15.13817251
1317342788,ShortestPath,0,4,2.070334,1.345717,0.724617,0,0.931651,33.07202,0,0,7,0,22,5.572508,0.6211,17.20241,2,0,59.19743,7.97387,12.93032,0,0,0,0.72584,0,-0.301048,0,0,1,20.49631006
1317591952,EndomondoTrip,1,4,1.770496,0.758784,1.011712,13.69366,1.517568,62.03355,6.481356,0,0,0,0,28.31858,0.758784,0,0,0,99.29489,0,0,0,0,0,0.705112,0,-0.171941,1,27,2.320185615,27.31622778
1317591952,GoogleTrip,0,4,3.345138,1.393807,1.95133,3.15742,1.95133,13.98013,6.817083,0,0,47,4,20.55061,0.278761,0,0,0,99.41876,0,0,0,0,0,0.581234,0,-0.521159,1,27,2.320185615,24.25224699
1317591952,MapQuestTrip,0,4,2.725636,1.090254,1.635382,5.503131,1.907945,66.76247,2.738899,0,1,0,0,23.90898,0.817691,0,0,0,99.43027,0,0,0,0,0,0.569723,0,-0.361737,1,27,2.320185615,24.53072373
1317591952,ShortestPath,0,4,3.738321,1.725379,2.012942,0,1.725379,27.02691,2.709991,0,0,39,3,24.9069,0.862689,0,0,0,99.40154,0,0,0,0,0,0.598461,0,-0.784867,1,27,2.320185615,23.86773974
1318378996,EndomondoTrip,1,4,4.320673,2.016314,2.304359,9.531952,1.440225,38.55804,27.15871,11,2,0,0,5.131907,4.608718,0,0,17.77843,82.22157,0,0,0,0,0,0,0,-0.501197,0,48,1,33.12516303
1318378996,GoogleTrip,0,4,4.893789,2.691584,2.202205,28.93944,0.734068,31.52024,37.61313,9,1,8,0,3.141278,1.712826,0,0,22.16203,67.69269,0,0,0,0,0,10.14528,0,-0.242029,0,48,1,30.5861793
1318378996,MapQuestTrip,0,4,3.608654,1.684039,1.924615,31.14358,1.202885,53.57352,29.45234,8,6,0,0,3.674378,3.368077,0,0,14.81028,85.18972,0,0,0,0,0,0,0,-0.547964,0,48,1,29.83153919
1318378996,ShortestPath,0,4,6.941026,3.155012,3.786014,0,0.946504,10.18867,11.6696,0,21,0,0,5.298187,4.101516,0,0,19.06566,80.93434,0,0,0,0,0,0,0,-0.219716,0,48,1,32.14566231
1318828572,EndomondoTrip,1,4,2.424049,1.45443,0.96962,18.10521,0.121203,92.99366,3.261602,0,0,0,0,0,0,11.69036,0,0,53.33576,14.59473,18.38619,0,0,0,1.992952,0,-0.322342,0,36,1,17.81676367
1318828572,GoogleTrip,0,4,2.098071,1.180165,0.917906,9.164234,1.049035,63.92284,0,0,3,14,6,0,0.131129,15.0255,0,0,25.86635,37.17798,19.78554,0,0,0,2.144632,0,-0.528173,0,36,1,14.81762543
1318828572,MapQuestTrip,0,4,3.071474,1.663715,1.407759,11.85232,0.127978,51.41041,2.606802,0,4,0,0,0.082497,0.255956,0,0,0,25.93742,35.46677,23.58417,0,0,0,15.01164,0,-0.299321,0,36,1,15.22939026
1318828572,ShortestPath,0,4,4.43754,2.147197,2.290343,0,0.286293,35.68096,0,0,36,6,0,0,0.286293,4.364054,0,0,24.99282,46.4542,21.71978,0,0,0,2.469136,0,-0.450734,0,36,1,18.32274391
1352161388,EndomondoTrip,1,4,0.573286,0.38219,0.191095,12.61529,0.859928,85.70579,3.356535,0,0,0,3,8.141724,0.812154,21.58335,3,0,57.18727,7.156183,7.151399,0,0,1,2.48266,0,-0.028009,0,40,1,13.23333939
1352161388,GoogleTrip,0,4,1.045972,0.460228,0.585745,28.58988,0.669422,29.40377,12.3364,0,0,30,14,2.680182,0.543906,5.730057,8,0,31.56172,10.97162,40.26672,0,0,0,3.517171,0,-0.430658,0,40,1,11.71489148
1352161388,MapQuestTrip,0,4,1.500978,0.703583,0.797395,14.6998,0.562867,85.27848,4.618677,0,0,0,2,2.099149,1.031922,5.686219,8,0,27.61406,11.21659,38.95343,0,0,0,8.77019,0,-0.161493,0,40,1,11.67948518
1352161388,ShortestPath,0,4,2.797631,1.345015,1.452616,0,0.538006,9.254046,7.698388,0,6,19,39,8.795629,0.430405,5.701921,5,0,54.63349,3.927509,30.61942,0,0,0,0,0,-0.133324,0,40,1,16.62438183
1352814006,EndomondoTrip,1,4,2.364282,1.401056,0.963226,4.942677,0.175132,67.19,13.59169,0,2,0,1,13.36712,2.977244,7.162292,0,0,80.01405,12.24436,0,0,0,0,0.579303,0,-0.467444,1,35,2.320185615,17.25049994
1352814006,GoogleTrip,0,4,1.559632,0.606524,0.953108,6.056666,1.38634,32.81093,3.682402,0,0,3,55,2.965823,1.126401,7.055561,0,0,91.21955,1.152813,0,0,0,0,0.572072,0,-0.449815,1,35,2.320185615,20.62180066
1352814006,MapQuestTrip,0,4,1.788421,0.975503,0.812919,13.04216,0.894211,83.29884,2.765015,0,10,0,1,2.765015,1.381962,5.49244,0,0,81.34859,12.61953,0,0,0,0,0.539436,0,-0.31159,1,35,2.320185615,20.07909332
1352814006,ShortestPath,0,4,1.745988,0.827047,0.918941,0,1.654094,29.64183,10.06346,0,0,4,39,9.575539,0.643259,7.569061,0,0,92.07182,0.359116,0,0,0,0,0,0,-0.51987,1,35,2.320185615,18.28692467
1352858656,EndomondoTrip,1,4,2.149102,1.21471,0.934392,18.93443,0.280318,67.2761,10.1444,0,0,0,9,7.774384,0.654075,0,1,0,43.5355,10.86977,5.886225,33,6,0,0,0,-0.150942,0,67,1,13.4552466
1352858656,GoogleTrip,0,4,1.701667,0.661759,1.039907,17.55328,0.567222,32.28183,0.539413,0,0,0,32,7.124386,0.472685,0,1,0,58.81346,14.28028,3.451226,13,10,0,0,0,-0.355216,0,67,1,14.18055679
1352858656,MapQuestTrip,0,4,2.398262,1.247096,1.151166,15.84575,0.575583,89.97096,0.923435,0,0,0,0,4.478936,0.479652,0,1,0,57.9395,15.56007,2.715763,14,9,0,0,0,-0.280099,0,67,1,14.29364337
1352858656,ShortestPath,0,4,4.00073,2.111496,1.889234,0,0.666788,14.03085,8.392721,1,0,0,46,3.4512,0.111131,0,0,0,76.32104,2.575489,0,21,0,0,0,0,-0.149793,0,67,1,19.78138808
1354443650,EndomondoTrip,1,4,1.184547,0.814376,0.370171,15.43627,1.702787,69.73617,11.13684,0,0,0,13,6.200006,0.88841,9.614098,0,0,67.76712,22.5593,0.044613,0,0,0,0,0,-0.264039,0,0,1,20.95168119
1354443650,GoogleTrip,0,4,3.159304,1.469444,1.68986,16.31929,0.146944,73.48546,1.25569,0,7,4,1,2.687076,0.514305,0,0,0,58.47966,29.08795,11.21731,0,0,0,1.215085,0,-0.088802,0,0,1,19.91096353
1354443650,MapQuestTrip,0,4,1.996663,1.257158,0.739505,15.56696,0.961356,95.33083,1.289852,0,0,0,0,4.138861,1.405059,19.72289,0,0,55.74652,23.95518,0.045427,0,0,0,0.51484,0,-0.489671,0,0,1,18.48762265
1354443650,ShortestPath,0,4,1.880171,0.854623,1.025548,0,0.341849,49.51351,13.38141,0,0,0,6,5.453257,1.025548,20.0409,0,0,57.7454,21.60872,0.008521,0,0,0,0.579414,0,-0.298148,0,0,1,17.26339076
1354482710,EndomondoTrip,1,4,2.03608,1.01804,1.01804,1.926969,0.678693,15.07571,23.45836,0,0,0,0,40.09938,1.696734,0,0,0,100,0,0,0,0,0,0,0,-0.096809,0,31,1,27.82643096
1354482710,GoogleTrip,0,4,2.575579,1.28779,1.28779,7.4355,2.575579,2.407207,11.64552,0,0,54,4,12.38497,1.609737,0,0,0,100,0,0,0,0,0,0,0,-0.312646,0,31,1,24.78995183
1354482710,MapQuestTrip,0,4,3.414344,1.707172,1.707172,1.303757,2.39004,67.01956,4.809435,0,0,0,0,19.27066,1.707172,0,0,0,100,0,0,0,0,0,0,0,-0.29443,0,31,1,27.65618254
1354482710,ShortestPath,0,4,3.458858,2.075315,1.383543,0,2.421201,24.01441,1.515268,0,0,41,4,13.65151,1.729429,0,0,0,100,0,0,0,0,0,0,0,-0.656629,0,31,1,25.59555111
1357403956,EndomondoTrip,1,4,3.582084,1.791042,1.791042,6.486467,1.302576,62.09047,4.71786,0,7,0,8,17.56756,0.976932,0,0,0,99.98364,0.016359,0,0,0,0,0,0,-0.417665,0,48,1,27.67974301
1357403956,GoogleTrip,0,4,2.503159,1.408027,1.095132,10.82535,0.938685,24.73873,10.6207,0,0,0,56,11.50348,1.408027,0,0,0,100,0,0,0,0,0,0,0,-0.165547,0,48,1,24.7186935
1357403956,MapQuestTrip,0,4,2.962793,1.645996,1.316797,5.336453,1.975196,82.7947,8.885181,0,2,0,10,0.100448,0.493799,0,0,0,99.98348,0.016521,0,0,0,0,0,0,-0.42639,0,48,1,26.33594099
1357403956,ShortestPath,0,4,3.120901,1.733834,1.387067,0,1.560451,47.77032,11.2818,0,2,0,26,9.970195,0.52015,0,0,0,100,0,0,0,0,0,0,0,-0.556369,0,48,1,28.08811311
1358229438,EndomondoTrip,1,4,2.933079,1.759847,1.173231,0.193338,1.173231,37.20881,17.75583,0,0,0,0,31.34395,0,0,0,0,59.37591,22.48469,18.1394,0,0,0,0,0,-0.064671,0,33,1,20.53155137
1358229438,GoogleTrip,0,4,1.760826,1.006186,0.75464,16.82724,2.263919,57.69555,7.955357,0,0,21,0,12.93347,0,0,0,0,79.4524,10.67571,9.871891,0,0,0,0,0,-0.309595,0,33,1,19.36908864
1358229438,MapQuestTrip,0,4,2.389238,1.520424,0.868814,35.2994,2.389238,91.87383,0.096245,0,0,0,0,0,0.65161,0,0,0,79.12495,11.9286,8.946452,0,0,0,0,0,-0.190152,0,33,1,21.93754818
1358229438,ShortestPath,0,4,3.820374,2.351,1.469375,0,1.76325,1.706816,20.34194,0,12,4,47,0,0,0,0,0,78.85731,11.62993,9.512761,0,0,0,0,0,-0.031333,0,33,1,24.97937096
1358714014,EndomondoTrip,1,4,3.783984,2.049658,1.734326,6.697973,0.630664,84.82159,0,0,0,0,0,8.489274,0.78833,0.601076,0,0,86.25435,13.14457,0,0,0,0,0,0,-0.43331,1,48,2.320185615,25.85722251
1358714014,GoogleTrip,0,4,4.360154,2.335797,2.024357,8.031491,0.778599,65.01068,0,0,0,0,0,9.280443,1.712918,0,0,0,85.95858,14.04142,0,0,0,0,0,0,-0.415844,1,48,2.320185615,27.25096404
1358714014,MapQuestTrip,0,4,2.454409,1.363561,1.090848,23.37289,0.954492,98.52639,0,0,0,0,0,1.30642,0.954492,5.194627,0,0,71.05264,17.32456,6.332237,0,0,0,0,0,-0.269203,1,48,2.320185615,16.09001511
1358714014,ShortestPath,0,4,4.542113,2.018717,2.523396,0,0.336453,25.60729,0,0,10,0,0,13.95209,2.35517,0,0,0,100,0,0,0,0,0,0,0,-0.104159,1,48,2.320185615,23.04701898
1359262470,EndomondoTrip,1,4,1.566164,0.783082,0.783082,0.919311,0.391541,48.86559,42.06936,0,1,0,0,6.441868,0.391541,0,0,0,19.64564,46.80685,33.54751,0,0,0,0,0,-0.56388,0,0,1,11.15892077
1359262470,GoogleTrip,0,4,2.441609,1.139418,1.302192,21.37708,0.325548,96.14642,0,0,0,0,0,3.354354,0.325548,0.674342,0,0,36.89145,62.43421,0,0,0,0,0,0,-0.216795,0,0,1,13.51023848
1359262470,MapQuestTrip,0,4,2.148947,1.790789,0.358158,10.32583,0,68.27773,0,0,26,0,0,5.722801,0.179079,1.002327,0,0,38.60748,57.598,2.792196,0,0,0,0,0,-0.154731,0,0,1,12.35644426
1359262470,ShortestPath,0,4,2.568414,1.185422,1.382992,0,0.395141,36.5489,42.45024,0,2,0,0,12.37748,0.395141,0,0,0,10.33327,61.48689,28.17985,0,0,0,0,0,-0.495184,0,0,1,11.65664646
1359594908,EndomondoTrip,1,4,1.23798,0.666605,0.571376,19.87852,0,0.448206,10.67504,0,5,0,1,4.896143,1.476054,2.596283,0,0,17.46503,9.158843,64.22208,0,0,0,6.55777,0,-0.180759,0,48,1,9.760999463
1359594908,GoogleTrip,0,4,0.868541,0.561997,0.306544,11.7224,0,10.90466,0.972911,0,7,0,0,0.591915,3.167621,0,0,0,14.93859,12.30297,62.81986,0,0,0,9.938587,0,-0.719774,0,48,1,8.123415381
1359594908,MapQuestTrip,0,4,1.021045,0.612627,0.408418,11.8065,0,14.69555,0.935179,1,3,0,0,2.958838,3.012082,0,0,0,17.98576,12.21249,62.881,0,0,0,6.920752,0,-0.679842,0,48,1,9.699924283
1359594908,ShortestPath,0,4,1.369913,0.684957,0.684957,0,0,0,8.922968,0,12,59,0,1.898901,2.340268,0.828808,0,0,18.43955,12.16919,61.72621,0,0,0,6.836239,0,-0.053646,0,48,1,5.765051276
1359721300,EndomondoTrip,1,4,2.575555,1.207291,1.368264,5.092845,0.965833,57.03246,9.280561,0,10,0,0,24.18013,0.402431,0,0,0,84.3664,15.6336,0,0,0,0,0,0,-0.173512,1,35,2.320185615,24.70923078
1359721300,GoogleTrip,0,4,1.064723,0.304206,0.760516,11.2207,1.444981,1.434669,5.452883,0,15,23,36,2.675471,0.912619,0,0,0,84.48564,15.51436,0,0,0,0,0,0,-0.303994,1,35,2.320185615,22.35917217
1359721300,MapQuestTrip,0,4,1.757035,0.840321,0.916714,10.72391,1.451464,82.054,0.969399,0,16,2,0,0.325021,0.53475,0,0,0,84.44291,15.55709,0,0,0,0,0,0,-0.201753,1,35,2.320185615,22.6122765
1359721300,ShortestPath,0,4,1.099607,0.592096,0.507511,0,1.353362,19.382,14.61686,0,0,0,30,2.383839,0.845851,0,0,0,93.14015,6.859846,0,0,0,0,0,0,-0.214807,1,35,2.320185615,22.7533988
1359750674,EndomondoTrip,1,4,2.512958,1.435976,1.076982,6.521372,0.239329,40.19492,3.833062,0,0,0,4,4.281732,0.119665,7.13686,0,0,75.95058,0,16.91256,0,0,0,0,0,-0.276338,0,0,1,17.35137552
1359750674,GoogleTrip,0,4,2.197365,0.925206,1.272159,10.21839,0.462603,9.420667,15.59864,0,0,0,8,6.414475,1.156508,8.097447,0,0,70.16241,0,21.74014,0,0,0,0,0,-0.36461,0,0,1,19.77628495
1359750674,MapQuestTrip,0,4,2.206582,1.21362,0.992962,15.53473,0.661975,95.54369,0.296592,0,0,0,0,1.585521,0.441316,10.03552,0,0,69.16074,0,16.24112,5,0,0,0,0,-0.063905,0,0,1,16.54936545
1359750674,ShortestPath,0,4,2.804306,1.274684,1.529621,0,0.382405,15.01509,21.40045,0,3,0,21,10.2329,0.254937,11.16368,0,0,68.17136,0,20.66496,0,0,0,0,0,-0.525772,0,0,1,17.71811264
1361345932,EndomondoTrip,1,4,2.334923,1.089631,1.245292,31.28096,0.933969,94.1678,0,0,3,0,0,0,0.933969,0,0,0,86.66875,13.33126,0,0,0,0,0,0,-0.136829,2,0,1,23.81621296
1361345932,GoogleTrip,0,4,2.616952,1.207824,1.409128,1.515104,0,74.09052,0,0,10,0,10,3.673166,0,0,0,0,82.53459,17.46541,0,0,0,0,0,0,-0.408453,2,0,1,20.13039721
1361345932,MapQuestTrip,0,4,2.394071,0.798024,1.596047,2.430024,0,98.30287,0,0,0,0,0,0,0.399012,26.1824,0,0,71.60248,0.878068,0,0,0,0,1.337058,0,-0.769181,2,0,1,18.75355411
1361345932,ShortestPath,0,4,2.452247,0.817416,1.634832,0,0.204354,78.29601,0,0,0,0,6,0,0.408708,26.67209,0,0,71.07136,0.894491,0,0,0,0,1.362065,0,-0.643194,2,0,1,19.41362393
1361374048,EndomondoTrip,1,4,2.376478,0.826601,1.549877,9.963072,0.103325,76.14278,3.395547,0,14,0,0,8.020731,0.929926,7.494048,0,7.494048,47.65552,26.26022,0,0,0,11,0.517545,0,-0.455627,1,0,2.320185615,20.97499993
1361374048,GoogleTrip,0,4,2.421004,0.907876,1.513127,12.63376,0.504376,48.4941,5.013642,0,8,0,33,8.794716,0.907876,7.342054,0,0.21296,47.37856,25.5248,0,0,0,20,0,0,-0.4337,1,0,2.320185615,20.57853171
1361374048,MapQuestTrip,0,4,1.895064,0.598441,1.296623,13.91539,0.398961,76.2379,2.55416,0,17,0,0,4.781478,0.498701,7.261786,0,0.210632,43.85155,29.34804,0,0,0,19,0,0,-0.611093,1,0,2.320185615,19.84830697
1361374048,ShortestPath,0,4,2.499629,1.136195,1.363434,0,1.022575,70.36404,4.60407,0,0,0,24,3.728361,0.454478,8.210479,0,0.045362,70.41279,5.556816,0,0,0,16,0,0,-0.269463,1,0,2.320185615,19.20169201
1362361370,EndomondoTrip,1,4,2.997785,1.332349,1.665436,19.30355,1.110291,50.64126,6.821676,0,20,3,4,0,0.888233,19.02482,0,0,65.40131,13.55894,0,0,0,0,2.014917,0,-0.37443,0,40,1,23.87125253
1362361370,GoogleTrip,0,4,1.816499,0.681187,1.135312,16.67425,1.135312,11.28796,3.946842,0,23,35,5,4.210404,0.681187,19.44759,0,0,64.71587,13.83292,0,0,0,0,2.003622,0,-0.356849,0,40,1,23.38742029
1362361370,MapQuestTrip,0,4,2.530935,0.876093,1.654842,36.07629,0.681406,86.63257,0,0,0,0,0,3.251899,1.07078,14.68744,0,0,69.46187,7.171758,0,0,0,0,8.67894,0,-0.084685,0,40,1,21.7076353
1362361370,ShortestPath,0,4,3.046618,1.722001,1.324616,0,0.927231,32.96228,26.05482,0,0,0,15,0,0.79477,22.137,0,0,75.62814,0,0,0,0,0,2.234859,0,-0.289278,0,40,1,25.03524877
1363094284,EndomondoTrip,1,4,1.627684,0.813842,0.813842,8.384621,0.116263,93.44305,0,0,2,0,0,0,0.232526,15.23279,0,0,72.43701,11.5523,0,0,0,0,0.777894,0,-0.529554,1,55,2.320185615,20.34605507
1363094284,GoogleTrip,0,4,1.798927,0.899464,0.899464,12.07691,1.12433,32.1484,1.217568,0,6,29,24,0,0.337299,35.90786,0,0,36.20145,25.70009,0,0,0,0,2.190605,0,-0.120014,1,55,2.320185615,20.68766581
1363094284,MapQuestTrip,0,4,2.406342,1.260465,1.145877,9.969401,0,93.15102,3.158551,0,1,0,0,0,0.229175,15.1975,0,0,79.24244,4.783968,0,0,0,0,0.776092,0,-0.233099,1,55,2.320185615,21.88624892
1363094284,ShortestPath,0,4,2.142194,0.88208,1.260114,0,0.126011,82.70624,0,0,7,0,3,2.377785,0.252023,16.49692,0,0,76.39884,5.985163,0,0,0,0,1.119075,0,-0.541265,1,55,2.320185615,18.27165271
1364201586,EndomondoTrip,1,4,2.833905,1.416953,1.416953,19.64247,1.771191,39.61901,17.49662,0,33,20,0,0.455087,0,0,0,0,78.08559,21.63026,0,0,0,0,0,0,-0.205777,1,32,2.320185615,25.50514717
1364201586,GoogleTrip,0,4,2.470634,1.235317,1.235317,20.07992,0.705895,8.807315,13.4194,0,37,8,8,1.04128,0,0,0,0,78.05179,21.52545,0,0,0,0,0,0,-0.19945,1,32,2.320185615,26.29460054
1364201586,MapQuestTrip,0,4,2.552113,1.276056,1.276056,16.24623,1.276056,74.96858,0,0,25,0,0,0,0,0,9,0,79.5825,11.90258,0,0,0,0,0,0,-0.036659,1,32,2.320185615,20.05231545
1364201586,ShortestPath,0,4,6.993018,3.390554,3.602464,0,0.847638,20.78358,13.21156,0,8,0,8,28.19481,0,0,0,0,99.63084,0.021716,0,0,0,0,0,0,-0.058345,1,32,2.320185615,22.0386022
1365476296,EndomondoTrip,1,4,1.545283,0.643868,0.901415,16.62102,0.064387,64.56106,21.11006,0,0,0,16,4.212384,1.867217,0,0,0,34.98674,15.81194,49.20132,0,0,0,0,0,-0.055304,1,62,2.320185615,14.03632144
1365476296,GoogleTrip,0,4,1.493025,0.522559,0.970467,0.585742,0.298605,31.4149,3.232274,0,0,0,7,4.112277,0.447908,0,0,0,34.4887,5.442431,60.06887,0,0,0,0,0,-0.694556,1,62,2.320185615,11.12303935
1365476296,MapQuestTrip,0,4,1.707849,0.614826,1.093023,9.916842,0.273256,70.13038,3.199125,0,1,0,0,5.376577,0.68314,0,0,0,32.52781,4.146643,63.32555,0,0,0,0,0,-0.402442,1,62,2.320185615,10.65697594
1365476296,ShortestPath,0,4,2.477922,1.051239,1.426682,0,0.225266,37.88672,1.163729,0,1,0,8,0,0.450531,0,0,0,35.26836,4.317959,60.41368,0,0,0,0,0,-0.711932,1,62,2.320185615,10.88783748
1365741072,EndomondoTrip,1,4,1.494582,0.467057,1.027525,9.561502,0,60.7983,3.332605,0,0,0,0,11.58029,1.120937,0,2,0,27.42942,9.438181,14.79549,15,0,0,30.55996,0,-0.516091,0,39,1,14.19853175
1365741072,GoogleTrip,0,4,0.40838,0.20419,0.20419,0.242833,0,81.93343,0,0,0,0,3,2.7807,0.510475,0,3,0,21.34375,7.114584,8.657262,9,0,0,50.82716,0,-1.196038,0,39,1,9.290645378
1365741072,MapQuestTrip,0,4,0.408189,0.306142,0.102047,0.289795,0,82.88898,0,0,3,0,0,0.635976,0.510236,0,3,0,20.36924,8.125381,8.652871,9,0,0,50.80138,0,-1.137628,0,39,1,8.980153354
1365741072,ShortestPath,0,4,0.921086,0.409372,0.511715,0,0,78.57143,0,0,1,0,3,5.356839,0.511715,0,3,0,22.38013,7.166956,8.720989,10,0,0,49.58593,0,-1.130295,0,39,1,10.33663541
1366171128,EndomondoTrip,1,4,1.276946,0.510778,0.766167,13.14699,0.893862,63.88277,9.241231,15,0,0,0,10.53592,0.255389,0,0,0,83.85291,3.855452,12.29164,0,0,0,0,0,-0.596047,1,49,2.320185615,12.64176076
1366171128,GoogleTrip,0,4,1.49819,0.817195,0.680995,6.081858,0.408597,52.30567,6.187561,5,0,0,2,24.57277,0.136199,0,0,0,74.11781,9.554832,16.32736,0,0,0,0,0,-0.43912,1,49,2.320185615,13.34751185
1366171128,MapQuestTrip,0,4,1.826501,0.644648,1.181854,34.47586,1.504177,91.09075,0.898261,0,0,0,1,3.887471,1.289295,0,0,0,87.67345,1.376788,10.94977,0,0,0,0,0,-0.201055,1,49,2.320185615,17.94268829
1366171128,ShortestPath,0,4,3.467581,1.589308,1.878273,0,0.57793,9.089475,0,0,3,30,9,23.08226,0.144483,0,0,0,76.33864,16.36758,7.293777,0,0,0,0,0,-0.072034,1,49,2.320185615,14.88170127
1366829154,EndomondoTrip,1,4,2.715115,1.357558,1.357558,3.915742,1.018168,30.52054,12.39896,0,0,21,9,15.7431,1.696947,0.535003,0,0,79.84064,5.828116,6.909505,0,0,0,6.886739,0,-0.530422,1,50,2.320185615,16.51695026
1366829154,GoogleTrip,0,4,1.683822,0.7976,0.886222,32.65257,0.088622,47.66821,1.361132,0,0,0,24,8.734682,0.620356,0.646418,0,0,31.50624,12.88409,48.83556,0,0,0,6.12769,0,-0.028533,1,50,2.320185615,13.02746773
1366829154,MapQuestTrip,0,4,2.005665,0.950052,1.055613,11.36624,1.055613,68.97252,4.265179,0,0,0,9,11.5464,0.422245,1.352923,0,0,81.86238,5.41169,6.690625,0,0,0,4.68238,0,-0.27927,1,50,2.320185615,16.36200424
1366829154,ShortestPath,0,4,2.586313,1.175597,1.410716,0,1.175597,31.72583,6.417259,0,1,22,18,13.66942,1.528276,0.552551,0,0,79.62614,6.818716,5.948742,0,0,0,7.053844,0,-0.528686,1,50,2.320185615,16.10567447
1366881008,EndomondoTrip,1,4,1.394759,0.697379,0.697379,17.21379,0,48.18475,25.65469,0,0,0,0,5.89771,4.881655,0,0,0,76.09745,22.52356,1.378993,0,0,0,0,0,-0.357276,0,54,1,20.92137872
1366881008,GoogleTrip,0,4,2.566266,1.166484,1.399781,16.7932,0,28.78142,25.74327,0,18,0,0,11.1234,5.132532,0,0,0,58.6223,39.98138,1.396323,0,0,0,0,0,-0.447816,0,54,1,20.53012598
1366881008,MapQuestTrip,0,4,1.800231,1.028703,0.771528,5.948869,0,67.55655,9.670424,0,0,0,0,16.02847,3.08611,0,0,0,67.79314,30.67076,1.536098,0,0,0,0,0,-0.287637,0,54,1,20.31689232
1366881008,ShortestPath,0,4,2.724749,1.0899,1.634849,0,0.54495,7.99227,14.36829,0,0,0,55,1.411356,3.814649,0,0,0,68.64748,29.73918,1.613337,0,0,0,0,0,-0.122646,0,54,1,20.98056783
1367968684,EndomondoTrip,1,4,1.822852,0.828569,0.994283,3.963722,0,74.79311,13.41848,0,0,0,0,8.940845,1.491424,0,0,0,34.50658,0,11.15132,47,7,0,0,0,-0.219168,1,0,2.320185615,13.25710224
1367968684,GoogleTrip,0,4,1.867009,0.339456,1.527553,1.504828,0.339456,0,5.848227,0,0,1,95,0,0.339456,0,0,0,57.72689,0,10.11026,32,0,0,0,0,-0.128798,1,0,2.320185615,12.22042281
1367968684,MapQuestTrip,0,4,2.916319,2.148867,0.767452,12.24292,0.153491,87.14159,3.862884,0,2,0,5,4.212703,0.613962,0,0,0,61.73352,0,9.236207,29,0,0,0,0,-0.149788,1,0,2.320185615,12.43272943
1367968684,ShortestPath,0,4,1.895104,0.861411,1.033693,0,0.172282,41.0654,16.50912,0,21,0,0,7.641004,2.584233,0,0,0,40.11377,0,10.36028,34,16,0,0,0,-0.296065,1,0,2.320185615,14.64398795
1368481448,EndomondoTrip,1,4,0.618525,0.463894,0.154631,5.143744,0.850472,92.77514,1.156888,0,0,0,0,2.679206,2.319468,12.69338,0,0,73.27506,3.836634,10.19493,0,0,0,0,0,-0.726767,0,48,1,12.44781173
1368481448,GoogleTrip,0,4,0.938565,0.547496,0.391069,3.936335,0.938565,87.70791,1.175781,0,0,0,2,0.71952,2.424627,10.60333,0,0,75.06847,4.014399,10.3138,0,0,0,0,0,-0.745063,0,48,1,12.74884311
1368481448,MapQuestTrip,0,4,1.167677,0.291919,0.875758,11.39041,0.729798,84.5048,0,0,0,0,0,0.671508,1.094697,14.42159,0,0,49.34749,3.657008,32.57391,0,0,0,0,0,-0.22808,0,48,1,14.45000342
1368481448,ShortestPath,0,4,1.219388,0.569048,0.65034,0,1.463265,10.84002,2.93177,0,0,58,1,3.470341,1.381973,9.395809,0,0,84.44859,4.027936,2.119539,0,0,0,0.008121,0,-0.11419,0,48,1,17.55918372
1368537302,EndomondoTrip,1,4,2.133961,1.422641,0.71132,0.827991,2.133961,75.23307,9.295824,0,0,0,2,15.47111,0,0,0,0,100,0,0,0,0,0,0,0,-0.082924,0,0,1,28.45281089
1368537302,GoogleTrip,0,4,1.428643,0.714322,0.714322,0.404338,2.857287,0.147834,0,0,0,56,39,5.389308,0,0,0,0,100,0,0,0,0,0,0,0,-0.360182,0,0,1,32.14447497
1368537302,MapQuestTrip,0,4,3.600609,1.543118,2.057491,39.43391,2.571863,81.42213,6.310954,0,8,0,1,4.106123,0.257186,0,0,0,100,0,0,0,0,0,0,0,-0.058617,0,0,1,25.2042605
1368537302,ShortestPath,0,4,3.227445,1.075815,2.15163,0,2.510235,31.83842,0,0,0,51,4,10.62581,0,0,0,0,100,0,0,0,0,0,0,0,-0.335963,0,0,1,30.8400274
1368627110,EndomondoTrip,1,4,2.842326,1.283631,1.558695,9.515367,1.100255,37.90331,10.30658,0,15,0,4,3.030873,1.925447,0,0,2.380074,87.67528,9.94465,0,0,0,0,0,0,-0.046323,0,0,1,28.60663558
1368627110,GoogleTrip,0,4,2.57854,1.333728,1.244813,12.93051,1.244813,14.89628,10.21279,3,4,0,43,4.226018,2.22288,0,0,2.307073,84.04722,12.76938,0,0,0,0,0.87633,0,-0.084014,0,0,1,27.56370804
1368627110,MapQuestTrip,0,4,1.405521,0.665773,0.739748,35.73866,0.665773,70.6798,8.304447,3,18,0,0,2.79067,1.257571,2.643857,6,5.213656,61.3123,17.01844,6.65778,0,0,1,0,0,-0.044757,0,0,1,17.67997252
1368627110,ShortestPath,0,4,4.21732,2.309485,1.907835,0,1.204949,29.68767,6.616894,2,18,0,12,9.788876,1.70701,0,0,2.605534,88.80024,8.301353,0,0,0,0,0.29287,0,-0.106592,0,0,1,28.81835232
1368636824,EndomondoTrip,1,4,2.996523,1.410129,1.586395,13.96295,2.291459,58.94167,25.06399,7,2,3,18,2.877925,1.057596,0,0,0,98.42059,0,0,0,0,0,1.579414,0,-0.303061,1,0,2.320185615,28.73137021
1368636824,GoogleTrip,0,4,3.519415,1.481859,2.037556,8.446487,0.555697,27.14547,7.970684,1,37,0,16,7.002662,5.927436,0,0,0,75.22681,22.62544,0,0,0,0,2.14775,0,-0.024881,1,0,2.320185615,26.85869583
1368636824,MapQuestTrip,0,4,1.765901,0.963219,0.802682,25.1292,1.765901,70.55832,24.77217,6,1,0,0,4.535706,0.963219,0,0,0,98.27892,0,0,0,0,0,1.721087,0,-0.262648,1,0,2.320185615,26.1674459
1368636824,ShortestPath,0,4,4.419316,2.209658,2.209658,0,1.406146,14.77081,14.12975,1,4,0,1,7.448101,2.209658,0,0,0,98.04356,0,0,0,0,0,1.956434,0,-0.112806,1,0,2.320185615,26.11414201
1368699144,EndomondoTrip,1,4,3.15113,1.644068,1.507062,5.154653,0.685028,65.4362,16.92563,0,0,0,0,17.35328,0.95904,0,0,0,95.67493,4.325069,0,0,0,0,0,0,-0.257293,1,60,2.320185615,23.29096473
1368699144,GoogleTrip,0,4,1.208542,0.53713,0.671412,7.287207,2.014236,3.474476,17.21601,0,0,5,72,10.06951,0.53713,0,0,0,99.47623,0.523771,0,0,0,0,0,0,-0.02497,1,60,2.320185615,25.64793938
1368699144,MapQuestTrip,0,4,2.150471,0.940831,1.20964,7.189777,1.075236,84.3807,6.305585,0,1,0,0,6.556793,0.940831,0,0,0,98.81625,1.18375,0,0,0,0,0,0,-0.176516,1,60,2.320185615,20.56388246
1368699144,ShortestPath,0,4,5.186442,2.01695,3.169492,0,0.432204,29.64525,9.905532,0,8,5,8,7.923249,0.432204,0,0,0,86.4065,13.5935,0,0,0,0,0,0,-0.170538,1,60,2.320185615,23.77119391
1370136116,EndomondoTrip,1,4,1.01954,0.5366,0.48294,17.45324,0.32196,61.38163,3.280843,0,11,0,0,0,0.2683,8.003229,14,2.771798,31.48547,24.41335,1.038751,0,0,18,0,0,-0.32756,0,44,1,14.21990059
1370136116,GoogleTrip,0,4,1.411151,0.823171,0.58798,7.189794,0.705576,27.75685,4.56316,0,0,6,19,4.724139,0.705576,15.07762,11,0,61.07179,10.12907,2.914412,0,0,0,0,0,-0.203046,0,44,1,18.93294268
1370136116,MapQuestTrip,0,4,1.535797,0.682576,0.853221,10.80151,0.966983,84.20979,1.218584,0,1,0,0,0.019912,0.568814,15.86365,10,14.75222,37.02091,11.61272,1.22601,0,0,9,0,0,-0.294262,0,44,1,15.58549449
1370136116,ShortestPath,0,4,1.260508,0.630254,0.630254,0,0.882356,65.36651,2.584414,0,2,6,7,0,0.882356,18.22722,11,0,59.88493,5.582601,3.312891,0,0,2,0,0,-0.288897,0,44,1,12.98323463
1370632576,EndomondoTrip,1,4,1.271968,0.684906,0.587062,17.3528,0.195687,93.54196,1.630969,0,0,0,0,0,0.391375,28.84766,8,0,16.28386,19.99411,26.51158,0,0,0,0.10797,0,-0.264762,0,52,1,13.99165395
1370632576,GoogleTrip,0,4,2.749704,1.222091,1.527614,12.74681,0.101841,56.21972,0,0,10,14,0,1.726592,0,0,0,0,56.90874,27.72713,15.24122,0,0,0,0.122913,0,-0.260208,0,52,1,18.22952066
1370632576,MapQuestTrip,0,4,1.252228,0.626114,0.626114,10.03334,0.626114,85.8623,0.631542,0,0,0,0,0,0.730466,30.17295,1,0,15.86789,43.81121,8.678891,0,0,0,0.114607,0,-0.426083,0,52,1,15.86155596
1370632576,ShortestPath,0,4,4.36325,2.181625,2.181625,0,0,63.56719,0,0,10,0,0,5.530333,0,0,0,0,48.73038,33.94506,17.17451,0,0,0,0.150046,0,-0.318578,0,52,1,18.027111
1370732032,EndomondoTrip,1,4,1.106137,0.432836,0.673301,21.62852,0.288558,59.69085,9.316178,0,0,0,0,10.39036,1.49088,5.575251,2,10.2909,19.22685,16.73061,38.82764,4,0,0,3.040163,0,-0.29247,0,0,1,11.97513653
1370732032,GoogleTrip,0,4,1.254062,0.434098,0.819964,21.27488,0.434098,33.84057,9.325674,0,0,40,1,2.298364,1.157596,5.613743,3,10.64017,17.19362,16.78739,44.23943,0,0,0,2.824002,0,-0.319056,0,0,1,11.67242396
1370732032,MapQuestTrip,0,4,1.094933,0.521397,0.573536,12.1885,0.260698,42.10858,0,0,0,0,0,2.531347,1.459911,10.48344,3,6.064317,19.73698,4.97817,50.82526,0,0,0,5.121925,0,-0.442153,0,0,1,11.15788732
1370732032,ShortestPath,0,4,2.164304,0.877421,1.286883,0,0.292473,37.84613,14.14198,0,2,1,15,2.80971,0.935915,5.069588,6,11.41842,14.53361,23.13888,37.29346,0,0,0,2.931596,0,-0.395136,0,0,1,12.19420682
1371924528,EndomondoTrip,1,4,2.432794,0.729838,1.702956,8.417164,0.486559,33.84015,29.09532,0,2,0,6,29.2755,0.973118,0,0,0,80.68002,0,9.423194,0,0,0,9.896782,0,-0.069525,0,57,1,18.61087372
1371924528,GoogleTrip,0,4,2.202145,0.579512,1.622633,13.78394,1.274926,25.01163,3.625802,0,1,4,50,0,2.549853,19.22362,0,0,43.1311,1.743375,35.83217,0,0,0,0.069735,0,-0.64617,0,57,1,15.53092029
1371924528,MapQuestTrip,0,4,2.674747,0.891582,1.783165,18.33191,1.114478,60.24867,1.324578,0,1,0,13,1.796608,2.674747,18.83862,0,0,44.71078,1.699302,34.68377,0,0,0,0.067522,0,-0.407956,0,57,1,15.60269259
1371924528,ShortestPath,0,4,3.692593,2.241931,1.450661,0,0.527513,12.64456,32.15013,3,3,21,7,14.5787,0.527513,0,0,0,76.78121,0,11.88802,0,0,0,11.33077,0,-0.51691,0,57,1,16.6209178
1372010680,EndomondoTrip,1,4,1.349233,0.735945,0.613288,13.02706,0.122658,58.80327,20.21726,0,0,0,0,16.57353,0,0,0,0,79.45926,5.541962,0,8,7,0,0,0,-0.025183,0,0,1,12.63372367
1372010680,GoogleTrip,0,4,1.596454,0.665189,0.931265,4.208083,0.133038,58.54993,1.881183,0,0,0,4,8.383596,0.399114,0,0,0,31.66777,21.91362,4.930233,29,13,0,0,0,-0.753703,0,0,1,12.50555626
1372010680,MapQuestTrip,0,4,1.705823,0.524868,1.180954,5.654022,0.131217,75.42159,1.83082,0,0,0,0,15.20787,0.393651,0,0,0,33.01899,21.5979,4.846104,28,12,0,0,0,-0.60728,0,0,1,11.67832448
1372010680,ShortestPath,0,4,2.356815,0.970453,1.386362,0,0.138636,61.02307,1.960161,0,0,0,0,15.93239,0.415909,0,0,0,32.35009,22.82232,5.137793,28,11,0,0,0,-0.634721,0,0,1,13.30907276
1372196716,EndomondoTrip,1,4,1.927386,1.177847,0.749539,16.21169,1.284924,85.42447,5.638888,0,0,0,0,8.972518,1.606155,2.682979,0,0.45074,83.90212,5.687916,0,0,0,0,6.975746,0,-0.314854,1,26,2.320185615,23.44985893
1372196716,GoogleTrip,0,4,0.949906,0.42218,0.527725,17.89839,1.266541,30.82732,0.873772,0,0,31,8,0,1.477631,2.644104,0,0.444209,84.44209,5.362242,0,0,0,0,7.107351,0,-0.194409,1,26,2.320185615,18.78702762
1372196716,MapQuestTrip,0,4,1.266813,0.690989,0.575824,8.050362,1.266813,99.8935,0,0,0,0,0,0,1.612307,2.869276,0,0.482038,80.59222,8.596351,0,0,0,0,7.460117,0,-0.40656,1,26,2.320185615,21.53581517
1372196716,ShortestPath,0,4,4.853003,2.488719,2.364283,0,1.119924,50.92397,1.085494,0,8,4,0,8.409146,1.119924,3.135976,0,0.526844,76.41746,11.35223,0,0,0,0,8.216257,0,-0.287476,1,26,2.320185615,24.7627579
1372387758,EndomondoTrip,1,4,2.450249,1.361249,1.089,7.436276,0.81675,78.21984,12.77737,1,0,0,3,13.6462,4.628248,0,0,0,99.86584,0.134156,0,0,0,0,0,0,-0.269251,0,0,1,21.23548971
1372387758,GoogleTrip,0,4,2.320344,0.870129,1.450215,0.845438,2.90043,22.04466,0,0,0,12,66,0,0.580086,0,0,0,99.85719,0.142816,0,0,0,0,0,0,-0.203599,0,0,1,28.42421252
1372387758,MapQuestTrip,0,4,2.043844,1.167911,0.875933,0.177193,2.043844,96.34798,0,0,0,0,3,0,0.583955,0,0,0,99.85674,0.143266,0,0,0,0,0,0,-0.588847,0,0,1,23.942176
1372387758,ShortestPath,0,4,1.754971,0.877485,0.877485,0,2.632456,70.21651,0,0,0,0,3,0,0.877485,0,0,0,99.85661,0.14339,0,0,0,0,0,0,-0.588874,0,0,1,23.39960955
1373024536,EndomondoTrip,1,4,0.994488,0.596693,0.397795,15.57735,0,60.25574,0,0,0,0,0,0,2.187873,0,0,0,4.80315,13.18898,82.00787,0,0,0,0,0,-0.48536,1,34,2.320185615,8.35369668
1373024536,GoogleTrip,0,4,0.454025,0.454025,0,1.263435,0,46.02813,0,0,0,0,0,0,2.497136,0,0,0,6.663675,15.03253,78.30379,0,0,0,0,0,-1.018221,1,34,2.320185615,6.810370734
1373024536,MapQuestTrip,0,4,0.677891,0.451927,0.225964,1.733368,0,11.74674,0,0,0,0,0,0,2.033674,0,0,0,6.639839,0.134138,93.22602,0,0,0,0,0,-0.506608,1,34,2.320185615,6.552948086
1373024536,ShortestPath,0,4,1.609164,1.149402,0.459761,0,0,38.48349,0,0,2,0,0,0,2.068925,0,0,0,6.770002,5.128789,88.10121,0,0,0,0,0,-0.602452,1,34,2.320185615,6.436654298
1373270722,EndomondoTrip,1,4,2.832431,1.132973,1.699459,6.927851,1.132973,55.51532,12.46387,0,0,0,12,0,0,14.58333,0,0,85.41666,0,0,0,0,0,0,0,-1.144229,0,0,1,16.42810212
1373270722,GoogleTrip,0,4,2.275228,1.137614,1.137614,6.491611,1.137614,52.06815,12.51182,0,0,0,16,0,0,14.62342,0,0,85.37658,0,0,0,0,0,0,0,-1.092094,0,0,1,15.92659244
1373270722,MapQuestTrip,0,4,3.679456,2.759592,0.919864,31.70025,0.919864,86.37518,10.63386,0,0,0,11,0,0,12.11026,0,0,87.88974,0,0,0,0,0,0,0,-0.57429,0,0,1,21.15687262
1373270722,ShortestPath,0,4,3.028658,0.605732,2.422926,0,1.211463,58.87018,0,0,0,0,0,0,0.605732,15.74896,0,0,84.25104,0,0,0,0,0,0,0,-0.540574,0,0,1,15.74902175
1373320144,EndomondoTrip,1,4,3.869174,1.593189,2.275985,3.156204,0.227599,46.02555,0,0,9,0,0,7.374063,0.227599,0,0,0,58.08288,22.54098,13.00091,0,6,0,0,0,-0.547396,0,0,1,21.62185627
1373320144,GoogleTrip,0,4,5.346011,2.291147,3.054863,22.96824,0.763716,26.02559,0.05566,0,5,0,21,6.902472,0.381858,0,0,0,51.08067,21.92204,18.00463,3,6,0,0,0,-0.107204,0,0,1,19.6656813
1373320144,MapQuestTrip,0,4,2.108721,1.265232,0.843488,11.33858,0.210872,41.29474,0,0,3,0,15,2.281579,0.210872,0,0,0,56.06475,25.96174,12.08745,0,6,0,0,0,-0.393039,0,0,1,18.76761305
1373320144,ShortestPath,0,4,4.226075,2.34782,1.878256,0,0.234782,43.20171,3.348365,0,4,0,3,5.962401,0.234782,0,0,0,55.95879,24.02248,13.46289,0,7,0,0,0,-0.627906,0,0,1,23.94775994
1374173790,EndomondoTrip,1,4,2.507359,1.149206,1.358153,6.923534,0.522366,67.01068,1.012854,0,0,8,0,3.493291,1.253679,0,0,0,98.05897,1.941035,0,0,0,0,0,0,-0.354659,0,48,1,16.82019727
1374173790,GoogleTrip,0,4,2.618998,1.108038,1.51096,10.89621,1.41023,51.05572,0,0,1,8,38,0,1.208768,1.141645,0,0,89.79592,9.062437,0,0,0,0,0,0,-0.033931,0,48,1,18.73590915
1374173790,MapQuestTrip,0,4,2.124438,1.213964,0.910473,10.42155,0.202327,80.72951,0,0,1,8,0,4.584927,1.92211,0,0,0,90.94516,9.054838,0,0,0,0,0,0,-0.320607,0,48,1,15.57920889
1374173790,ShortestPath,0,4,4.021435,1.787304,2.23413,0,0.781946,15.71955,0.340126,0,9,42,10,1.792251,2.122424,0,0,0,87.78867,12.21133,0,0,0,0,0,0,-0.123154,0,48,1,19.88376021
1374565140,EndomondoTrip,1,4,3.323304,1.107768,2.215536,15.94769,0.276942,67.94325,4.019701,0,0,0,0,0,0,44.60649,0,0,37.36929,18.02422,0,0,0,0,0,0,-0.298119,0,49,1,23.26313042
1374565140,GoogleTrip,0,4,3.337082,1.820227,1.516856,5.84656,0,62.73166,0,0,33,0,0,0,0,26.06863,0,0,42.65503,31.27634,0,0,0,0,0,0,-0.203809,0,49,1,21.23597833
1374565140,MapQuestTrip,0,4,2.54682,1.4149,1.13192,13.4737,0.28298,90.00131,0,0,2,0,0,0,0,26.11857,0,0,59.14429,14.73714,0,0,0,0,0,0,-0.372561,0,49,1,24.05330114
1374565140,ShortestPath,0,4,8.027698,3.532187,4.495511,0,0,63.37366,0,0,22,0,0,0,0,26.96882,0,0,35.96914,37.06204,0,0,0,0,0,0,-0.183663,0,49,1,24.7253077
1376175400,EndomondoTrip,1,4,1.895673,0.812431,1.083242,19.28627,0.406216,99.40719,0,0,0,0,0,0,0.406216,0,2,0,77.49899,20.11331,0,0,0,0,0,0,-0.250502,0,42,1,22.20645413
1376175400,GoogleTrip,0,4,1.751174,0.875587,0.875587,10.68222,0.729656,13.23188,0.924408,0,0,0,17,13.66074,0.291862,0,1,0,83.813,14.88678,0,0,0,0,0,0,-0.197548,0,42,1,23.64084429
1376175400,MapQuestTrip,0,4,1.670077,1.214602,0.455476,6.385386,0.607301,98.93417,0.963267,0,0,0,0,0,0.607301,0,1,0,85.32221,13.38893,0,0,0,0,0,0,-0.329069,0,42,1,23.22925506
1376175400,ShortestPath,0,4,4.845594,2.584317,2.261277,0,0.32304,31.54154,1.027255,0,4,0,0,26.11119,0.646079,0,3,0,73.70226,23.37578,0,0,0,0,0,0,-0.250753,0,42,1,26.32773086
1376585910,EndomondoTrip,1,4,1.517766,0.624962,0.892803,3.141188,0.08928,34.47357,38.88843,0,0,0,0,8.373798,0.535682,0,2,0,20.86027,20.11494,57.36351,0,0,0,0,0,-0.301376,1,0,2.320185615,9.910116547
1376585910,GoogleTrip,0,4,2.492257,0.913828,1.57843,10.84505,0.249226,77.77699,0.350277,1,0,0,0,4.595887,1.246129,9.038931,2,0,15.34516,21.49163,52.56874,0,0,0,0,0,-0.560698,1,0,2.320185615,11.38130835
1376585910,MapQuestTrip,0,4,1.936347,0.926079,1.010268,9.378642,0,78.87894,0.27691,5,1,0,0,5.255946,2.441481,7.807167,2,0,10.75939,12.09898,67.67065,0,0,0,0.085324,0,-0.359289,1,0,2.320185615,10.18686978
1376585910,ShortestPath,0,4,1.473357,0.552509,0.920848,0,0.092085,45.52613,0.388528,0,0,0,0,5.097763,1.012933,12.34943,2,0,11.1908,17.30575,57.45287,0,0,0,0,0,-0.563441,1,0,2.320185615,8.195546504
1376593012,EndomondoTrip,1,4,1.939852,0.81678,1.123072,5.756313,1.123072,8.032091,4.685293,1,0,2,23,17.84137,0.81678,4.297994,0,28.32583,60.55055,3.469095,0,0,0,3,0,0,-0.25729,2,0,1,19.29641792
1376593012,GoogleTrip,0,4,1.947815,1.025166,0.922649,5.323919,0.717616,47.6077,3.212767,0,3,0,12,10.38332,0.205033,4.236504,0,4.750643,59.20823,16.48329,0,0,0,15,0,0,-0.293376,2,0,1,21.11841901
1376593012,MapQuestTrip,0,4,2.144229,1.021062,1.123168,5.7473,1.32738,89.43645,4.645691,0,0,0,0,0.568086,0.612637,4.230848,0,26.43253,60.2177,4.518382,0,0,0,5,0,0,-0.176877,2,0,1,21.13597331
1376593012,ShortestPath,0,4,1.727592,0.647847,1.079745,0,1.187719,70.827,2.999112,0,0,0,13,0.303047,0.431898,0.599651,0,0.021805,88.46489,0.479721,0,0,0,10,0,0,-0.216281,2,0,1,17.16794519
1376608864,EndomondoTrip,1,4,2.608353,1.460678,1.147675,29.74598,0.208668,75.79758,2.86506,0,0,0,0,0.489408,1.043341,10.26424,3,0,46.13117,4.326771,36.55122,0,0,0,0,0,-0.293157,0,48,1,15.23278287
1376608864,GoogleTrip,0,4,2.005591,1.17976,0.825832,14.74316,0.58988,38.26913,5.034176,8,0,15,18,3.106751,1.17976,2.583766,5,0,59.49741,17.29589,15.23124,0,0,0,0,0,-0.366223,0,48,1,17.34246535
1376608864,MapQuestTrip,0,4,2.513222,1.196772,1.31645,13.11201,0.598386,81.61977,1.196722,0,0,0,0,0,1.077095,10.38008,6,0,50.97426,17.54871,15.22733,0,0,0,0,0,-0.512761,0,48,1,19.86642337
1376608864,ShortestPath,0,4,4.196449,2.16591,2.03054,0,0.541477,33.57923,0,0,4,12,17,2.19447,1.218324,3.19554,7,0,60.04895,15.47457,14.00598,0,0,0,0,0,-0.175261,0,48,1,20.03466204
1376859212,EndomondoTrip,1,4,2.67416,1.00281,1.67135,0.563482,0.66854,25.56385,53.36957,2,12,0,1,3.696153,2.67416,0,0,0,94.70743,5.292571,0,0,0,0,0,0,-0.817842,1,32,2.320185615,24.06744174
1376859212,GoogleTrip,0,4,2.401474,1.334152,1.067322,25.9802,1.600983,14.0989,18.03678,6,10,0,30,0,1.067322,0,0,0,95.72604,4.273958,0,0,0,0,0,0,-0.076998,1,32,2.320185615,25.88255752
1376859212,MapQuestTrip,0,4,3.007806,1.002602,2.005204,0.584352,0.668401,25.21226,52.63556,2,12,0,1,4.103021,2.673605,0,0,0,94.70743,5.292571,0,0,0,0,0,0,-0.81805,1,32,2.320185615,24.062448
1376859212,ShortestPath,0,4,6.723072,3.361536,3.361536,0,1.008461,3.262305,32.18353,1,26,0,1,17.60424,1.008461,0,0,0,94.51917,5.480834,0,0,0,0,0,0,-0.166821,1,32,2.320185615,23.53075021
1376873390,EndomondoTrip,1,4,0.729384,0.520989,0.208396,4.099427,0,30.02617,20.28157,0,0,0,0,0.628005,0.833582,2.102102,0,0,13.68955,30.70312,53.50523,0,0,0,0,0,-0.925176,2,0,1,7.81483059
1376873390,GoogleTrip,0,4,0.625142,0.416761,0.20838,4.106911,0,30.34068,20.19041,0,0,0,0,0.625183,0.833522,2.102102,0,0,13.68955,30.70312,53.50523,0,0,0,0,0,-0.925248,2,0,1,7.814268797
1376873390,MapQuestTrip,0,4,0.700104,0.40006,0.300045,8.453079,0.20003,42.93691,0,0,0,0,0,0.115644,1.100164,2.259156,0,0,38.72412,4.578025,54.43869,0,0,0,0,0,-0.348271,2,0,1,12.70189379
1376873390,ShortestPath,0,4,1.4101,0.650815,0.759285,0,0.650815,29.78019,0,0,0,51,0,0,0.650815,2.655539,9,0,34.04509,5.18101,48.88359,0,0,0,0,0,-0.028743,2,0,1,14.10100265
