tripID,source,Choice,Options,turnsPerkm,turnsLeftPerkm,turnsRightPerkm,perc_Detour,signalsPerkm,percCycleWay,percBikeLane,percSharrow,percFootway,percPrimary,percSecondary,percResidential,FlickrPerkm,PSOverlap,percImpervious,percRoadRR,percBareGround,percBldg,percGrass,percTree,percWetland,percInlandWater,percCropland,percOcean,percBeach,percAADTgt5k,percAADTgt10k,percSlowdownLT2,percSlowdownLT4,Gender,age,Weight,IntPerKM
651060836,EndomondoTrip,1,4,1.435264349,0.28705287,1.148211479,1.542361736,0.861158609,0,0,0,0,0,0,1.935209751,0.57410574,-1.142695785,21.15232086,18.67594147,0.753336191,17.70170212,23.61057663,16.58359146,0,1.522532105,0,0,0,12.50049686,0.689263225,97.26947784,97.26947784,0,0,1,11.19506226
651060836,GoogleTrip,0,4,1.435264349,0.28705287,1.148211479,1.542361736,0.861158609,0,0,0,0,0,0,1.935209751,0.57410574,-1.142695785,21.15232086,18.67594147,0.753336191,17.70170212,23.61057663,16.58359146,0,1.522532105,0,0,0,12.50049686,0.689263225,97.26947784,97.26947784,0,0,1,11.19506226
651060836,MapQuestTrip,0,4,1.435264349,0.28705287,1.148211479,1.542361736,0.861158609,0,0,0,0,0,0,1.935209751,0.57410574,-1.142695785,21.15232086,18.67594147,0.753336191,17.70170212,23.61057663,16.58359146,0,1.522532105,0,0,0,12.50049686,0.689263225,97.26947784,97.26947784,0,0,1,11.19506226
651060836,ShortestPath,0,4,2.623322487,0.874440789,1.748881578,0,0.582960546,0,0,0,0,0,0.104354016,13.18750668,0.582960546,-0.294566154,25.49187279,15.04982281,0.434651941,18.96747017,20.23905945,18.20567322,0.352576703,1.258872271,0,0,0,12.7805872,0.787181795,86.85934448,86.85934448,0,0,1,13.69957279
651352098,EndomondoTrip,1,4,3.099651337,1.29152143,1.808130026,16.13759995,0.129152149,45,0,0,23.45439911,3,0,27.14953804,119.3365784,-0.143922463,15.63865662,8.153129578,3.845430374,5.372529507,13.96373844,15.13016129,0,0.319287896,0,3,35,7.068775177,7.068775177,84.91299438,85.22828674,1,0,3.460207612,13.43182295
651352098,GoogleTrip,0,4,1.834638357,0.84675616,0.987882197,6.283867359,0.987882197,27,0,0,11.10992908,31,1.389170527,2.377826929,147.0533142,-0.342098743,21.56694603,12.8299036,2.24929595,3.806197166,15.41326427,14.7321558,0,0.82556951,0,7,22,3.071035385,3.071035385,78.28203583,87.10475159,1,0,3.460207612,17.92300556
651352098,MapQuestTrip,0,4,0.729884684,0.291953892,0.437930822,2.751983166,1.313792467,37,0,0,0.896277905,58,1.436920047,2.620349407,162.326355,-0.694494903,19.75831604,14.93217182,3.586347103,4.787218571,15.62120533,14.48249817,0,0.12607117,0,2,25,3.176595926,3.176595926,87.58822632,97.62141418,1,0,3.460207612,14.45171701
651352098,ShortestPath,0,4,0.599976778,0.299988389,0.299988389,0,2.249912977,0,0,0,0,85,0,2.380783796,155.693985,-0.439600319,30.01869392,21.27802658,2.066538811,13.01484871,17.93084145,13.83289051,0,0.129195884,0,2,0,27.33235168,27.33235168,64.6362381,85.63204193,1,0,3.460207612,14.54943742
651458432,EndomondoTrip,1,4,0.447413057,0.268447846,0.178965226,1.105138898,0.715860903,1,0,0,0.347271174,0,98.31224823,0.655911982,207.9575958,-0.808754027,16.55836487,25.43676376,0.834891021,3.520966053,13.27031517,18.84631157,0.450377524,0.548621655,0,12,8,81.09220886,81.09220886,82.89535522,96.48745728,0,0,1,8.590330752
651458432,GoogleTrip,0,4,0.967765331,0.615850687,0.351914674,2.833474398,0.615850687,0,0,0,37.64354324,1,55.66552353,5.618955612,206.2220001,-0.855770171,17.1596489,24.75611305,0.714939952,3.600869417,12.16597366,17.68776703,0.343839943,0.537204504,0,14,9,43.81209564,43.80329132,65.67879486,74.44368744,0,0,1,7.654143963
651458432,MapQuestTrip,0,4,0.712903857,0.356451929,0.356451929,1.524512529,0.534677863,0,0,0,36.35896301,1,46.97827148,15.5507555,198.7219543,-1.183099508,16.08859444,24.48719978,0.858283877,2.934860229,13.91420078,19.34080505,0.461869985,0.548286736,0,13,8,56.38087845,56.37195969,84.23164368,91.28751373,0,0,1,6.59436057
651458432,ShortestPath,0,4,0.633300662,0.271414548,0.361886084,0,0.542829096,0,0,0,0,0,90.16291046,9.328134537,209.4415741,-0.822288275,15.89016914,24.82221985,0.852675915,2.821764946,13.73370743,20.08128166,0.454834998,0.555412769,0,12,9,75.65190887,75.64285278,91.74005127,98.90348816,0,0,1,8.504322805
651914275,EndomondoTrip,1,4,2.625550508,1.670804977,0.95474565,6.089281082,0.716059268,69,0,0,6.692754745,0,0.172388881,24.19337654,10.26351643,-0.506557405,10.64776707,5.730131149,0.065930441,9.768370628,14.07808876,58.70233536,0,0.254995674,0,1,0,3.015399933,3.015399933,23.29773521,29.92770386,0,67,1,8.592711029
651914275,GoogleTrip,0,4,0.747683108,0.498455375,0.249227688,1.60215354,0.747683108,0,0,0,0,0,91.76783752,8.232163429,14.95366192,-0.665522695,10.83910561,6.470901489,0.094724998,9.975727081,13.05330276,58.45815277,0,0.582164049,0,1,0,91.33644104,90.85995483,2.867184162,55.88340759,0,67,1,13.20906779
651914275,MapQuestTrip,0,4,0.999854028,0.249963507,0.749890506,1.303067446,0.999854028,0,0,0,0,0,91.74372864,8.256271362,15.49773788,-0.668318093,10.88074207,6.472088814,0.094916061,9.996835709,13.15773869,58.4860878,0,0.630796313,0,0,0,91.42192841,90.74843597,3.877673626,56.30088043,0,67,1,12.74813908
651914275,ShortestPath,0,4,1.77254498,1.012882829,0.759662092,0,0.759662092,72,0,0,6.998531818,0,12.53351593,8.37668705,15.69968414,-0.762454331,10.46874237,5.807389736,0.061162081,9.49115181,13.90685272,59.22294235,0,0.263698816,0,1,0,15.65897179,15.65897179,3.692930937,16.32066917,0,67,1,9.875607473
651930836,EndomondoTrip,1,4,0.245201752,0,0.245201752,27.28477287,0.980807006,0,0,0,0,38,0,0,85.82061768,-0.009658155,25.36379623,22.12589645,2.608765125,8.205171585,19.35012627,8.250039101,0,0.567317903,0,14,0,85.57152557,85.57152557,18.39472389,39.19856644,0,36,1,7.233451793
651930836,GoogleTrip,0,4,1.288391948,0.715773344,0.572618663,9.009544373,0.286309332,0,0,0,0,4,0,25.80643654,166.2025604,-0.594144881,23.89381981,16.56024551,1.050372958,15.65061378,13.72291183,7.764453411,0,0.300518543,0,21,0,59.28850555,59.28850555,71.83983612,98.7156601,0,36,1,14.31546653
651930836,MapQuestTrip,0,4,0.917134464,0.917134464,0,2.091188908,0.611422956,1,0,0,4.142369747,17,0,0,219.8065643,-0.687186837,24.19983673,16.87287903,0.840041161,13.28730774,13.49916553,6.505392075,0.05481207,0.583225071,0,24,0,78.75280762,78.75280762,65.48554993,100.0906067,0,36,1,15.28557457
651930836,ShortestPath,0,4,1.248417974,0.780261219,0.468156755,0,0.624208987,4,0,0,1.306393862,18,0,4.529475212,203.3360748,-0.84166044,22.97697639,18.71260834,1.132028222,13.00673485,14.02913094,6.534690857,0.055755679,0.448551297,0,23,0,81.11779022,81.11779022,61.81362915,97.89427185,0,36,1,16.85364278
652202789,EndomondoTrip,1,4,0.723444045,0.301435024,0.422009021,29.67963409,0.48229605,27,0,0,14.0103054,0,0,11.01384068,25.50140381,-0.096619919,13.58874702,9.56738472,0.525112987,7.949814796,21.78495026,44.22363663,0.127417117,0.470574617,2,0,0,38.09286499,33.06558609,56.94364929,80.94382477,1,0,3.460207612,6.691857567
652202789,GoogleTrip,0,4,0.556144953,0.278072476,0.278072476,12.45984745,0.76469928,63,0,0,0,0,8.828224182,0,7.577474594,-0.180215225,26.77770996,21.56372452,0.618961334,9.142863274,23.76200867,17.64483833,0.071055651,0.418839753,0,0,0,28.07342339,23.48069,27.0612545,39.49495316,1,0,3.460207612,7.229884076
652202789,MapQuestTrip,0,4,0.72377485,0.361887425,0.361887425,8.016971588,1.375172257,0,0,0,0,0,3.67922616,0,12.37654972,-0.187940419,25.39131546,25.50074959,0.599715292,8.247601509,22.61709213,17.17865372,0.067565419,0.397307783,0,0,0,27.0389843,26.7910347,89.60414124,98.98468781,1,0,3.460207612,7.382503474
652202789,ShortestPath,0,4,1.250879526,0.625439763,0.625439763,0,0.938159585,15,0,0,1.979562521,0,28.52544594,6.326175213,3.205378771,-0.103455186,15.84202766,11.11170292,0.456014216,9.796940804,22.24095726,39.69047546,0.106246613,0.755635917,0,0,0,82.86618042,45.74948502,24.00321388,57.92993927,1,0,3.460207612,9.850675861
652220284,EndomondoTrip,1,4,0.662189007,0.305625677,0.3565633,15.45155907,3.107194424,10,0,0,0.151531726,17,24.54548264,13.78848457,923.2442627,-0.234052017,29.12023544,26.51371002,0.773037851,17.09458351,7.669468403,7.369255543,0,0.503796041,0,11,0,74.74952698,74.64131165,50.12024689,68.88703156,0,51,1,11.41002548
652220284,GoogleTrip,0,4,0.875900209,0.328462571,0.547437608,7.424600601,2.080262899,25,0,0,3.733545065,16,8.286319733,19.7219944,452.676178,-0.442760825,27.92899132,22.68730164,0.933590293,14.89136028,12.61780167,9.926838875,0,0.35610494,0,11,0,49.46129227,48.73063278,47.40608978,67.23879242,0,51,1,13.19324701
652220284,MapQuestTrip,0,4,0.93507725,0.385031819,0.550045431,6.915290833,2.365195513,0,0,0,16.08170891,33,1.313319206,8.88917923,680.0761719,-0.38729459,26.13101578,19.40989685,1.009789109,15.14261627,10.378438,10.64721107,0,0.313199013,0,9,8,73.01689148,72.62971497,55.51357651,81.8605423,0,51,1,14.57620441
652220284,ShortestPath,0,4,1.234973669,0.588082671,0.646890938,0,2.469947338,0,0,0,1.445935369,5,50.57911682,11.38132477,349.2034912,-0.349844873,27.28336143,22.2401123,1.639251113,17.55322266,11.21879482,9.188851357,0,0.765520573,0,10,0,77.16950989,71.31600952,54.59838104,90.349617,0,51,1,16.81916503
652691918,EndomondoTrip,1,4,1.320278287,0.495104373,0.825173974,3.518708467,2.310487032,0,0,0,0,0,48.01311493,10.11470032,17.32865334,-1.002357841,31.9130497,23.75561142,2.990207672,8.048489571,18.97954941,12.6545639,0.103042714,1.555485606,0,0,0,64.75150299,64.75150299,54.08085251,77.88632965,0,46,1,19.14403593
652691918,GoogleTrip,0,4,1.156598687,0.49568519,0.660913587,3.397414446,2.313197374,0,0,0,0,0,48.26396561,4.886404991,17.34898186,-0.9443838,32.54231262,23.33280754,2.051524878,9.868360519,18.26580429,12.27758694,0.103233784,1.558369875,0,0,0,63.40055847,63.40055847,53.90886688,77.74227142,0,46,1,20.65354903
652691918,MapQuestTrip,0,4,0.495377481,0.165125817,0.330251634,3.461641073,2.476887226,0,0,0,0,0,70.20487213,0,33.35541534,-0.646445513,32.73085403,24.85259819,0.543147504,5.761290073,19.17114449,13.40854549,0,3.532422066,0,0,0,70.65673828,70.65673828,35.97775269,67.38751221,0,46,1,16.3474564
652691918,ShortestPath,0,4,2.050102711,1.025051355,1.025051355,0,1.879260778,0,0,0,0,0,46.26145172,16.68214989,18.79260826,-0.793188632,33.03535461,21.61535645,5.515666008,9.444615364,17.92506218,11.13497639,0.107053973,1.221915364,0,0,0,51.03081512,51.03081512,53.77747726,75.44365692,0,46,1,19.47597495
652955241,EndomondoTrip,1,4,1.964728355,0.818636775,1.146091461,0.552197933,2.128455639,0,0,0,29.08554268,0,6.205891609,11.27589417,16.04528046,-0.32219547,31.56794167,23.38680649,3.921978712,8.525500298,18.47943306,12.40696526,0.102590911,1.608782291,0,0,0,40.65218353,40.65218353,44.47411346,62.09236526,0,46,1,11.69032331
652955241,GoogleTrip,0,4,1.462709785,0.975139856,0.487569928,1.297133923,2.27532649,0,0,0,0,0,45.66422272,3.41688633,14.62709808,-1.000012517,32.40882111,22.47042656,2.214428186,11.29733658,17.91538239,11.92568493,0.151424944,1.616493702,0,0,0,23.46678352,23.46678352,52.80584717,58.0026474,0,46,1,19.99036762
652955241,MapQuestTrip,0,4,1.463299632,0.975533128,0.487766564,1.25630343,2.276243925,0,0,0,0,0,47.5697403,7.18294096,14.95817375,-0.945879221,33.90151978,22.43700981,1.668954134,12.74891853,16.29528427,11.41919327,0.049848512,1.479270816,0,0,0,23.43072891,23.43072891,50.77937317,55.97827148,0,46,1,22.27467241
652955241,ShortestPath,0,4,2.304840326,1.317051649,0.987788737,0,2.304840326,0,0,0,0,2,56.56414413,7.621024132,22.22524643,-0.612161696,33.48886108,24.25416565,2.045563936,8.830719948,18.46674919,11.71322536,0,1.20071435,0,0,0,7.995938301,7.995938301,41.56878281,53.11901093,0,46,1,19.2618807
654530059,EndomondoTrip,1,4,0.58998394,0.210708559,0.379275411,39.43441391,0.084283419,6,0,0,0,0,0,0.340738893,4.804154873,-0.565858126,13.09849644,11.95266151,0.903060198,5.463720322,19.23384285,29.61284828,3.756565571,2.291154385,13,1,0,8.657104492,0.031033248,89.32436371,89.32436371,2,0,1,4.17202939
654530059,GoogleTrip,0,4,0.926852226,0.521354377,0.405497849,1.435889482,0.115856528,56,0,0,0,0,0,2.880944014,5.73489809,-0.575351477,16.19031334,11.93383694,0.650597334,7.395201206,25.24037933,25.87854004,5.699139595,3.371913195,0,4,0,15.06986618,0.004145793,59.85202408,59.85202408,2,0,1,4.750117514
654530059,MapQuestTrip,0,4,0.507900059,0.16930002,0.338600039,38.83058167,0.08465001,0,0,0,0,0,0,0.363924891,4.063200474,-0.680314541,11.73610497,10.78331757,0.860582232,4.118927479,22.00418282,31.19439888,4.29778862,4.229915619,11,0,0,11.03886414,0.031168224,89.50257111,89.50257111,2,0,1,4.020875348
654530059,ShortestPath,0,4,1.527761221,0.881400704,0.646360517,0,0.058760047,52,0,0,0.763206959,0,0,2.862799406,5.229644299,-0.424270988,18.89550972,15.85825729,0.785741687,11.08569622,21.93647385,20.82308197,5.541611671,2.990887642,0,2,0,0.125307605,0.054761916,68.1751709,68.1751709,2,0,1,6.228565112
657927677,EndomondoTrip,1,4,0.60027498,0.42876783,0.171507135,4.054459572,0.51452136,44,0,0,1.674640298,0,38.01760483,15.39686966,10.54768848,-0.307112694,12.61620808,9.241238594,0.555553555,5.847074509,23.44262123,43.29152679,2.792978525,2.136020184,0,0,0,40.63998795,40.34046936,26.47604179,46.24475479,0,53,1,5.488228121
657927677,GoogleTrip,0,4,0.356738061,0.267553538,0.089184515,0.051456518,0.535107076,1,0,0,0,0,61.09662247,0.081465468,3.121458054,-1.00070715,13.78747272,9.812184334,0.518826723,5.69768858,23.42169762,41.98659134,2.728825569,2.009842396,0,0,0,87.57791901,61.93105698,39.34305954,59.5175972,0,53,1,6.778023277
657927677,MapQuestTrip,0,4,0.356738061,0.267553538,0.089184515,0.051456518,0.535107076,1,0,0,0,0,61.09662247,0.081465468,3.121458054,-1.00070715,13.78747272,9.812184334,0.518826723,5.69768858,23.42169762,41.98659134,2.728825569,2.009842396,0,0,0,87.57791901,61.93105698,39.34305954,59.5175972,0,53,1,6.778023277
657927677,ShortestPath,0,4,0.178460822,0.178460822,0,0,0.53538245,62,0,0,0,0,0,0,3.301525116,-0.339157552,13.62495422,9.796675682,0.489589185,5.181516647,23.14842415,42.93218994,2.740344524,2.049425602,0,0,0,78.51988983,52.94881439,39.96117783,57.1062088,0,53,1,4.729211627
658878576,EndomondoTrip,1,4,0.308318228,0.154159114,0.154159114,31.48947334,3.160261869,9,0,0,0.21812515,55,0,3.237304211,627.5817261,-0.273634017,28.87887573,28.40159988,0.762008667,15.32515526,4.868702412,4.785916328,0,0.808732688,0,16,0,21.65325546,21.34140778,39.35721207,70.89798737,0,0,1,13.56600178
658878576,GoogleTrip,0,4,0.667664468,0.286141902,0.381522536,6.260037899,2.193754673,0,0,0,0,1,43.37750244,7.085156918,505.517395,-0.361221433,24.90071869,21.01362801,1.745747566,18.66874886,10.58084488,8.629264832,0,0.7548455,0,14,0,77.4680481,41.40517807,59.83584976,90.58620453,0,0,1,14.78399885
658878576,MapQuestTrip,0,4,0.77689904,0.291337162,0.485561907,4.365167618,2.816259146,1,0,0,2.500487328,47,0,5.696517944,648.7106934,-0.90918678,28.3777504,21.68650246,0.858913898,18.40395927,8.82896328,6.837720394,0,0.542924225,0,14,0,43.69540405,43.29190445,50.97658157,80.75496674,0,0,1,17.18889191
658878576,ShortestPath,0,4,0.709460497,0.304054499,0.405405998,0,2.736490488,0,0,0,1.169093132,35,0,5.872036457,549.0210571,-0.838234067,28.14443207,20.58950233,0.966110945,18.5138073,9.368471146,7.226525784,0,0.518212616,0,15,0,55.97457123,43.97274017,50.38746262,81.00427246,0,0,1,16.5202948
659007962,EndomondoTrip,1,4,0.926388323,0.324235916,0.602152407,36.74116898,0.463194162,33,0,0,3.860565424,0,2.713724136,10.24854183,20.14894676,0.01388435,14.1976223,10.61262989,0.528086126,7.761464119,22.16713142,40.43902969,1.477258086,1.171240926,2,0,0,32.47702408,28.53757286,56.57967377,76.97081757,1,0,3.460207612,6.392079432
659007962,GoogleTrip,0,4,0.349207669,0.174603835,0.174603835,8.825295448,0.756616592,53,0,0,0,0,6.706942558,0,7.100555897,-0.294494271,24.98718834,19.5682869,0.669567347,7.685037613,23.72347069,20.22697639,1.728788972,1.333091617,0,0,0,39.79442978,19.270401,38.39561844,48.44319534,1,0,3.460207612,6.518542949
659007962,MapQuestTrip,0,4,0.481308341,0.240654171,0.240654171,5.275900841,1.26343441,0,0,0,0,0,2.567939043,0,10.10747528,-0.34159565,23.82082748,22.9160614,0.662627697,6.814634323,22.66391754,19.89533997,1.783516645,1.359524965,0,0,0,39.4351387,21.81980515,85.48828888,93.61421204,1,0,3.460207612,6.858643797
659007962,ShortestPath,0,4,0.696714818,0.316688567,0.380026251,0,0.886727929,0,0,0,0.474806577,0,0,6.777095795,8.803941727,-0.234227955,16.87369728,13.54524899,0.476399571,9.152902603,24.81774521,31.73069763,1.902159572,1.412798524,0,0,0,68.84268188,8.323832512,72.86834717,90.65313721,1,0,3.460207612,8.550590961
659013798,EndomondoTrip,1,4,2.326264381,1.395758629,0.930505753,25.7487545,0.465252876,0,0,0,23.63360596,0,0,76.36639404,488.5155334,-0.588610172,33.76437378,15.08205223,0.654932439,15.49138546,8.424813271,5.090611458,0,0.472593307,0,21,0,0.460564047,0.460564047,84.51169586,84.51169586,0,45,1,20.00587374
659013798,GoogleTrip,0,4,2.90735817,1.453679085,1.453679085,20.73841286,0.484559715,0,0,0,0.702112436,0,0,99.29788971,492.7972107,-0.623101592,33.28216171,16.20356178,0.460546523,17.55065918,8.637166023,5.282852173,0,0.472060174,0,18,0,0.255394012,0.255394012,97.63139343,98.4129715,0,45,1,21.80518689
659013798,MapQuestTrip,0,4,2.334192753,1.167096376,1.167096376,0.257308722,2.917740822,0,0,0,0,55,0,44.47042084,1039.299316,-0.872471571,31.56071472,21.09706497,0.103237055,21.67519379,7.554658413,6.751703262,0,0.378535867,0,11,0,2.566272736,2.566272736,55.44043732,73.59374237,0,45,1,16.92289717
659013798,ShortestPath,0,4,3.510298252,2.925248384,0.585049689,0,2.925248384,0,0,0,4.455431461,55,0,39.48074341,1050.164185,-0.782891273,31.65374374,21.046175,0.104154609,21.95810699,7.33479929,6.545538902,0,0.381900251,0,11,0,2.881234646,2.881234646,48.56441879,66.76443481,0,45,1,16.96644126
660050342,EndomondoTrip,1,4,0.831547737,0.237585068,0.593962669,4.090687752,1.781888008,57,7,0,0.350210607,1,0,17.77278519,69.8500061,-0.916015208,30.28780937,28.94466972,0.428721994,14.44361115,11.61774921,13.59376335,0,0.683676302,0,0,0,24.47953606,17.8847084,34.2925148,41.5165062,2,0,1,10.5725353
660050342,GoogleTrip,0,4,0.831547737,0.237585068,0.593962669,4.090687752,1.781888008,57,7,0,0.350210607,1,0,17.77278519,69.8500061,-0.916015208,30.28780937,28.94466972,0.428721994,14.44361115,11.61774921,13.59376335,0,0.683676302,0,0,0,24.47953606,17.8847084,34.2925148,41.5165062,2,0,1,10.5725353
660050342,MapQuestTrip,0,4,0.800577343,0.228736386,0.571840942,8.117442131,2.516100168,0,41,0,0,1,37.30793762,0,53.40994644,-0.205501959,29.03111267,21.76628494,0.403930128,18.72725677,9.739810944,19.67658234,0,0.655021846,0,0,0,63.39995575,33.72385406,56.48563385,83.96193695,2,0,1,18.07017422
660050342,ShortestPath,0,4,1.607475519,0.494607866,1.112867713,0,0.989215732,40,0,2,0,4,16.43919563,27.99892998,42.90723038,-0.37965396,27.90550613,28.82939529,0.506186426,15.66261482,11.570117,14.55829811,0,0.967883825,0,0,0,11.11888504,6.950082779,50.55686569,66.91570282,2,0,1,12.24154435
660372130,EndomondoTrip,1,4,2.379667521,1.529786348,0.849881291,17.91613579,1.359809995,9,1,0,0.318629831,8,7.834270477,22.53297234,278.4211121,-0.231507823,31.64987183,24.91941643,1.470150113,13.10810471,14.22612286,8.940760612,0,5.685573578,0,0,0,48.45308304,34.93951416,81.80381012,89.00347137,0,62,1,15.74131184
660372130,GoogleTrip,0,4,1.25393188,0.31348297,0.94044894,27.87261009,2.50786376,0,38,7,0,14,34.42139816,2.142316818,77.90052032,-0.230323017,31.33535576,22.87781143,1.732704163,14.72548866,13.02524185,11.28442287,0,5.018974781,0,0,0,86.22480011,49.87231064,66.05596161,85.27711487,0,62,1,16.65884195
660372130,MapQuestTrip,0,4,1.19293344,0.39764449,0.79528898,0.808353662,3.18115592,0,0,0,0,0,78.80821991,21.19177818,49.70556259,-0.463753343,30.55485535,25.39193153,0.993628144,22.97489166,10.36843109,8.1445961,0,1.571667433,0,0,0,72.2015152,61.05556107,22.87870026,68.29178619,0,62,1,16.99095946
660372130,ShortestPath,0,4,2.004294395,0.400858879,1.603435516,0,3.206871033,0,0,0,0,0,75.0718689,24.92813301,46.09877014,-0.475921988,29.53367805,24.83544731,0.958270669,23.3853054,11.49606419,8.204993248,0,1.586240411,0,0,0,76.22188568,67.61100006,40.15047836,65.63191986,0,62,1,16.68422107
662155460,EndomondoTrip,1,4,1.035363913,0.517681956,0.517681956,4.9077425,1.42362535,47,0,0,2.55541873,2,15.1926899,12.22055244,2.911961079,-0.115121819,22.0002861,18.0868187,0.584583104,10.8177681,24.05526924,20.77875328,0.696314931,0.913297653,2,0,0,15.90768051,15.77115917,43.39558029,48.84684753,0,50,1,9.447695753
662155460,GoogleTrip,0,4,0.407001227,0.135667071,0.271334141,0.077422507,1.560171366,0,29,0,0.026557287,0,69.93082428,1.282141805,5.087515354,-0.829798758,24.00773048,20.13394547,0.525708854,10.89153957,22.16802025,19.16103172,0.274494737,1.200034618,2,0,0,70.96702576,70.60414124,44.5617981,64.25424194,0,50,1,9.775615889
662155460,MapQuestTrip,0,4,0.676852107,0.338426054,0.338426054,0.296735108,1.353704214,0,32,0,0,0,76.90525818,8.161476135,12.04796791,-0.175346598,26.41118431,21.38484383,0.476293385,11.38619518,18.41928864,20.6926918,0.166959345,0.594623804,0,0,0,77.64833832,77.4420166,40.75879288,56.67558289,0,50,1,10.22046689
662155460,ShortestPath,0,4,0.543088436,0.203658178,0.339430273,0,1.561379313,0,29,0,0,0,69.97455597,1.42579031,5.091454506,-0.794595778,23.9951992,20.13178825,0.525363207,10.88983917,22.17607117,19.21978569,0.257669121,1.16533637,2,0,0,70.98861694,70.62574005,42.93310165,62.62549591,0,50,1,9.639820095
665009631,EndomondoTrip,1,4,0.436411738,0.187033594,0.24937813,20.72794724,0.311722666,0,0,3,0,0,2.53348279,1.99978292,3.553638458,-0.704724193,13.08778,10.18365765,0.860594153,7.0702281,23.96590614,33.42064285,2.343449593,2.801473379,6,0,0,44.62327194,7.243696213,71.46041107,83.17195892,0,57,1,5.61100796
665009631,GoogleTrip,0,4,0.185038269,0.148030609,0.037007652,1.691500306,0.666137755,55,24,0,0,0,34.78055954,1.089431882,14.58101559,-0.19806549,24.02995872,20.163414,1.657627225,6.82100296,28.10578156,15.38306236,0.355161101,0.690443218,3,0,0,15.20009613,0.401316464,36.22792435,47.52026367,0,57,1,5.921224492
665009631,MapQuestTrip,0,4,0.436411738,0.187033594,0.24937813,20.72794724,0.311722666,0,0,3,0,0,2.53348279,1.99978292,3.553638458,-0.704724193,13.08778,10.18365765,0.860594153,7.0702281,23.96590614,33.42064285,2.343449593,2.801473379,6,0,0,44.62327194,7.243696213,71.46041107,83.17195892,0,57,1,5.61100796
665009631,ShortestPath,0,4,0.188168183,0.150534555,0.037633639,0,0.865573645,0,24,0,0,0,36.13537216,2.388769388,14.75238609,-0.224547938,24.18097496,20.54645157,1.74914217,6.721544266,27.81470299,15.37064648,0.348873496,0.707933068,3,0,0,18.37436295,0.357938886,79.66282654,89.53443909,0,57,1,5.908481106
665565101,EndomondoTrip,1,4,1.766260386,0.82425487,0.942005515,20.05580711,0.588753462,24,0,1,0,0,5.616991997,60.46048355,11.06856537,-0.040464252,12.89109707,7.846508503,0.306548506,8.760485649,21.19530296,47.98783112,0.07179565,0.770858526,0,0,0,23.97076416,18.69268608,65.88968658,74.83991241,1,43,3.460207612,6.829540156
665565101,GoogleTrip,0,4,1.037206054,0.388952255,0.648253739,9.036424637,0.518603027,0,0,0,0,0,47.97379303,17.0681572,9.334854126,-0.127917886,14.76923847,8.445914268,0.299240261,10.13437366,21.28585434,44.56922913,0.008785984,0.487363696,0,0,0,52.17032242,34.25182343,55.57831573,64.55278778,1,43,3.460207612,8.29764808
665565101,MapQuestTrip,0,4,0.87694335,0.501110494,0.375832856,12.84261417,1.002220988,0,0,0,0,0,1.004268646,18.56765366,7.892490387,-0.024679748,18.08636856,9.923622131,0.424265385,12.87303925,21.07666779,37.2361412,0.017449223,0.362445295,0,0,0,73.91016388,18.62285233,84.3677597,98.77735901,1,43,3.460207612,9.019988746
665565101,ShortestPath,0,4,1.837765098,0.848199248,0.98956579,0,0.98956579,0,0,3,3.563152313,0,20.55950356,23.53561211,22.47727966,-0.125517428,14.30433273,10.06149864,0.374069065,8.217106819,21.1769352,45.43387604,0,0.432182342,0,0,0,74.85906219,21.56514168,28.35101128,60.20405197,1,43,3.460207612,9.895658015
669603378,EndomondoTrip,1,4,0.943458676,0.524143696,0.419314951,25.96506119,1.31035924,40,0,0,2.069504738,2,19.5711689,17.22136307,5.241436958,-0.079327568,21.73992538,16.76465797,0.523225784,11.7397995,22.3974247,23.58529472,0.565462053,1.008838058,2,0,0,22.32747269,13.61864376,42.0657196,52.48270416,0,50,1,10.11597349
669603378,GoogleTrip,0,4,0.795590222,0.340967238,0.454622984,16.18206406,1.250213146,0,28,0,0,0,50.75851822,10.81469727,7.444451332,-0.118625507,23.28288078,18.25909424,0.498012513,12.10693359,22.02193069,20.81282997,0.231723621,1.411035419,1,0,0,58.83585739,54.94437027,56.98763275,74.27015686,0,50,1,10.39950043
669603378,MapQuestTrip,0,4,0.528190374,0.198071375,0.330118984,0,1.254452109,0,31,0,0.505343676,0,86.99049377,2.514923334,16.77004433,-0.737573922,25.52000237,23.17623901,0.421587378,12.12142754,18.03919792,19.46152687,0.164946064,0.638704896,0,0,0,88.40093994,88.00931549,32.17541885,51.49497604,0,50,1,11.15802119
669603378,ShortestPath,0,4,0.528190374,0.198071375,0.330118984,0,1.254452109,0,31,0,0.505343676,0,86.99049377,2.514923334,16.77004433,-0.737573922,25.52000237,23.17623901,0.421587378,12.12142754,18.03919792,19.46152687,0.164946064,0.638704896,0,0,0,88.40093994,88.00931549,32.17541885,51.49497604,0,50,1,11.15802119
672776876,EndomondoTrip,1,4,1.950502276,0.886591911,1.063910365,8.296182632,3.72368598,0,20,31,0,0,51.7482605,39.72536087,905.5650024,-0.183648676,26.60081482,21.72356033,0.179404631,29.29826546,6.264270782,6.543659687,0,0.158131361,0,9,0,51.89619446,51.61453247,62.30828094,85.86767578,0,51,1,13.83083406
672776876,GoogleTrip,0,4,2.805610657,1.227454662,1.578155994,9.511442184,2.104207993,0,27,0,61.74544525,2,16.06332016,3.958433151,2638.852051,-0.555499136,22.73676491,13.62738419,6.311378479,16.57424736,8.065244675,8.649395943,0,0.196128234,0,6,17,16.14727783,15.97229576,71.81244659,81.03874207,0,51,1,15.43085846
672776876,MapQuestTrip,0,4,2.345960855,1.172980428,1.172980428,14.59724617,1.508117676,1,12,0,74.70062256,2,1.272056818,4.67402792,2087.905273,-0.375173777,18.89701271,9.994637489,9.685083389,10.98167801,9.122321129,9.395216942,0,0.188718945,0,1,30,1.212622881,1.045407176,86.34192657,90.47647095,0,51,1,15.58388306
672776876,ShortestPath,0,4,0.768116176,0.192029044,0.576087117,0,5.184783936,0,34,55,5.507066727,0,76.55736542,0,1941.029541,-0.347122401,27.71131134,23.43596458,0.100524709,30.50468063,4.033934593,3.743783951,0,0.170587391,0,10,0,77.32419586,77.04598236,63.62890244,77.27102661,0,51,1,15.36232336
675176271,EndomondoTrip,1,4,3.005043983,1.314706802,1.6903373,9.004146576,0.563445747,0,20,0,22.42787552,18,0,46.14322662,18.78152466,-0.237859681,18.76701164,15.24375534,0.568559825,12.33139801,22.65166664,23.24215126,0,7.195457458,0,0,0,8.009308815,8.009308815,70.0787735,71.76603699,2,0,1,7.136979702
675176271,GoogleTrip,0,4,1.766546965,0.785131991,0.981415033,4.301653385,0.588849008,0,21,0,0,19,0,29.03915787,22.37626266,-0.279473305,17.79632378,15.63575077,0.746052265,9.969044685,24.20751572,25.46843719,0,6.176874161,0,0,0,11.80403328,11.80403328,86.73028564,88.4936142,2,0,1,7.458754086
675176271,MapQuestTrip,0,4,1.602244496,0.801122248,0.801122248,2.219810247,1.802525163,0,2,0,0,6,0.30678001,19.95329285,47.46649551,-0.101590753,31.4064846,22.31651688,0.740381002,16.78276634,18.20461655,9.473692894,0.046970408,1.028572321,0,0,0,24.24211693,24.24211693,85.12968445,90.82292938,2,0,1,14.73729031
675176271,ShortestPath,0,4,2.661443472,1.02363205,1.637811303,0,1.637811303,1,6,0,0.383324742,9,0,17.13057709,11.05522633,-0.0991477,31.91167641,22.11017418,0.62515831,16.0661602,16.60469627,8.962237358,0.036774021,3.683122396,0,0,0,11.99705791,11.99705791,83.16114044,84.95330811,2,0,1,7.580722809
675670157,EndomondoTrip,1,4,3.877928257,1.396054149,2.481873989,28.99255371,0.155117124,49,1,0,12.20659256,0,0.586483419,0.460851312,102.3773041,-0.033448137,14.62714577,14.63282299,1.054663301,1.390238047,23.09851456,29.77026939,4.264700413,4.396533012,0,7,0,1.072181463,0.896781266,42.57773972,42.57773972,2,0,1,11.9440187
675670157,GoogleTrip,0,4,0.393638849,0.393638849,0,1.661482096,0.393638849,0,68,0,29.62133598,0,68.18395233,0.417488635,175.169281,-0.616325021,14.92138004,22.4930954,0.831711769,0.943129718,17.5781498,33.35399628,0.835634947,0.316992015,0,9,0,44.19864273,43.97608566,59.48181915,66.83083344,2,0,1,7.282318602
675670157,MapQuestTrip,0,4,0.198384553,0.198384553,0,0.859438658,0.396769106,0,98,0,0,0,98.0777359,0.420936733,174.975174,-0.847486258,13.66335964,22.54770279,0.878246009,0.601819694,18.41552353,34.20262909,0.882984757,0.319074988,0,8,0,61.11938095,60.89505768,77.37722015,86.03974152,2,0,1,7.538612807
675670157,ShortestPath,0,4,0.800358176,0.400179088,0.400179088,0,0.400179088,9,90,0,0.539994597,0,90.43531799,0,174.2779846,-0.93945384,11.3960886,22.15675735,0.896921754,0.755008817,19.48751831,35.61855698,0.798061073,0.32209456,0,9,0,53.15554047,52.92928696,68.61998749,76.09111023,2,0,1,7.60340256
676323495,EndomondoTrip,1,4,1.763512254,0.822972417,0.940539896,4.495820522,2.468917131,53,0,7,4.056814194,1,29.72928619,3.628407001,48.79050827,-0.687649012,29.12994385,32.56032181,0.627351403,14.19883919,10.01412296,12.58453083,0,0.884890616,0,0,0,22.69220543,12.8125267,21.78127289,34.04104614,0,54,1,13.69661229
676323495,GoogleTrip,0,4,1.707730889,0.683092356,1.024638534,7.909080505,2.220050097,61,3,1,0.739145994,1,27.82358932,1.873619676,44.68562317,-0.518132031,28.51898575,31.42260933,0.564695895,14.93289089,10.23384666,13.47486019,0,0.852110445,0,0,0,23.71085739,20.53022385,30.06346893,43.4689827,0,54,1,12.69413269
676323495,MapQuestTrip,0,4,0.970138311,0.39946872,0.570669591,7.639441013,1.99734354,0,0,7,0,0,56.07383728,0,102.9487915,-0.286767304,21.83947945,17.2364502,0.57198745,17.17147827,10.97627735,31.33255577,0,0.80702889,0,0,0,77.30287933,34.8999176,33.69195175,69.24081421,0,54,1,15.29394497
676323495,ShortestPath,0,4,0.491412431,0.184279665,0.307132781,0,2.702768326,0,0,8,0,0,30.98151779,1.050590634,51.47545242,-0.336258411,30.70802307,32.08041382,0.575463057,14.97600365,9.118725777,11.76428795,0,0.777083397,0,0,0,23.44107056,13.07025814,10.80975628,34.68852234,0,54,1,12.22388453
676807417,EndomondoTrip,1,4,1.455715656,0.529351175,0.926364481,48.74373627,1.191040039,30,4,2,0.780761898,4,3.468832493,13.74190331,86.94592285,-0.437271237,28.59753418,22.19068909,1.194296241,12.35790157,16.05151367,15.05178642,0,4.556277752,0,0,0,39.18179321,28.50254059,68.90910339,75.27472687,0,62,1,13.23377873
676807417,GoogleTrip,0,4,1.613735557,0.645494223,0.968241334,21.98043633,2.097856283,18,15,4,0,14,12.34539032,3.590195894,87.14172363,-0.500829935,32.83877945,26.12497711,1.844911575,12.82809162,12.96911621,8.563866615,0,4.830255032,0,0,0,63.13365173,44.96769333,60.19522095,81.04846191,0,62,1,16.29872926
676807417,MapQuestTrip,0,4,2.005570889,0.364649266,1.640921712,7.963561535,2.73486948,0,0,3,0,4,44.43560791,22.20903015,66.18384552,-0.342510641,31.34245682,21.94657516,1.791497707,20.5774231,12.92197895,9.810200691,0,1.609867811,0,0,0,53.23924255,26.72360229,43.90038681,74.56152344,0,62,1,14.95061994
676807417,ShortestPath,0,4,1.574753284,0.787376642,0.787376642,0,1.377909184,0,0,0,1.146773219,0,30.40784645,65.9549408,30.51084518,-0.148883358,31.51524162,21.55376434,1.790221334,22.56022835,11.58525658,9.380104065,0,1.615184426,0,0,0,7.762951374,7.47817421,59.58465195,78.60113525,0,62,1,15.55068925
679571769,EndomondoTrip,1,4,0.917697072,0.229424268,0.688272834,4.474418163,0.917697072,0,9,0,0,33,31.81581497,0,4.588485241,-0.278745651,26.12811852,25.08270073,1.362514853,11.71982098,14.07200909,14.84784794,0.413963258,6.373023987,0,0,0,100.932724,65.32839966,83.36989594,88.17405701,0,0,1,9.521107207
679571769,GoogleTrip,0,4,0.684762418,0.228254154,0.456508309,5.009996414,0.684762418,0,27,0,0,25,3.69598794,4.764972687,0.798889518,-0.284591496,25.98707581,21.34548187,2.899682522,14.10746479,16.31157112,11.04153824,4.403187752,3.903998613,0,0,0,57.48180771,29.27799797,90.33778381,92.47834015,0,0,1,7.646513923
679571769,MapQuestTrip,0,4,0.825731874,0.353885084,0.471846789,1.59640038,1.179616928,0,10,0,0,0,21.97722435,4.606379032,6.841778278,-0.438616782,25.76045799,19.30578423,0.538672149,18.58207512,18.49519348,14.7042942,0.540550709,2.072972059,0,0,0,55.79585648,51.9134407,86.54564667,96.63240814,0,0,1,9.790820673
679571769,ShortestPath,0,4,2.037362099,0.838913858,1.1984483,0,0.838913858,0,10,0,0,0,13.93167305,30.84721565,2.037362099,-0.386076838,26.35839844,17.44502068,0.53826946,19.45596886,18.34533691,15.110919,0.586766541,2.159320116,0,0,0,60.79409409,56.84969711,92.31970215,94.82401276,0,0,1,10.18681104
680394764,EndomondoTrip,1,4,1.793692231,1.395093918,0.398598254,5.371137142,0.398598254,29,0,0,0.758526206,0,0,27.79110336,10.96145248,-0.724554002,25.25407028,13.70351315,1.154897213,10.93904686,27.23989105,21.07885551,0.043566082,0.586161852,0,0,0,0.392072886,0.392072886,81.59681702,81.59681702,2,0,1,12.55584522
680394764,GoogleTrip,0,4,0.793191195,0.594893396,0.198297799,5.903224945,0.396595597,6,0,0,0,0,0,24.06494331,9.914889336,-0.98529768,26.30612564,12.44369793,1.206076622,10.31325054,28.09444618,20.8226738,0.671699166,0.142029852,0,0,0,0.390102983,0.390102983,100.2373886,100.2373886,2,0,1,12.29446327
680394764,MapQuestTrip,0,4,0.793191195,0.594893396,0.198297799,5.903224945,0.396595597,6,0,0,0,0,0,24.06494331,9.914889336,-0.98529768,26.30612564,12.44369793,1.206076622,10.31325054,28.09444618,20.8226738,0.671699166,0.142029852,0,0,0,0.390102983,0.390102983,100.2373886,100.2373886,2,0,1,12.29446327
680394764,ShortestPath,0,4,1.260022521,0.840015054,0.420007527,0,0.420007527,30,0,0,0.794612944,0,0,25.35015488,9.660173416,-1.007272959,24.480299,12.57357407,1.188008308,11.2573576,27.66219521,22.17671013,0.04578869,0.616065979,0,0,0,0.413131654,0.413131654,80.6711731,80.6711731,2,0,1,11.13019928
680577190,EndomondoTrip,1,4,0.778865755,0.155773148,0.623092592,42.02742767,0.467319459,0,66,0,0,0,0,0,1.246185184,-0.347918063,19.28178596,16.5517025,0.872736275,12.81043339,26.70313454,19.5988636,0.271339387,3.910006762,0,0,0,6.254224777,0.37403807,105.173645,105.173645,0,0,1,8.567523469
680577190,GoogleTrip,0,4,0.22177656,0,0.22177656,0,0.665329695,0,52,0,0,0,0,0,0.665329695,-0.906924605,20.07276344,18.74693871,0.885923207,15.2224865,22.66581535,18.36913109,0.607815027,3.429126263,0,0,0,8.904232979,0.532523572,103.4202423,103.4202423,0,0,1,10.42349813
680577190,MapQuestTrip,0,4,0.636724174,0.212241396,0.424482793,4.240085125,1.69793117,0,18,0,0,44,0,0,3.18362093,-0.253677994,21.06367493,20.77580833,0.585801423,14.54348564,20.62222481,21.01499748,0.306328833,1.08767724,0,0,0,8.548175812,0.536403954,60.57494354,80.13277435,0,0,1,10.61206952
680577190,ShortestPath,0,4,0.22124061,0,0.22124061,0,0.6637218,0,52,0,0,0,0,0,0.6637218,-0.903005421,20.09108925,18.71777153,0.889078915,15.18850422,22.66322327,18.42286682,0.60638845,3.421077967,0,0,0,8.581972122,0.538524687,59.9955864,79.6307373,0,0,1,10.0147844
680849292,EndomondoTrip,1,4,0.71876359,0.71876359,0,3.689552784,0,1,0,0,28.87334442,0,0,64.65795898,53.18850708,-0.680397809,13.09341145,15.64509964,5.452421665,1.206175804,23.81388092,16.64297485,0,0.316673934,0,4,20,14.38639641,14.38639641,99.07298279,99.07298279,1,0,3.460207612,8.984545183
680849292,GoogleTrip,0,4,1.070400119,0.713600039,0.35680002,4.439844131,0,4,0,15,7.11493969,15,0,68.50208282,51.02240372,-0.88826251,13.60625172,15.80790138,5.432696819,1.331914067,24.32458878,16.45775223,0,0.30951947,0,4,19,14.28304482,14.28304482,99.78412628,99.78412628,1,0,3.460207612,8.206400548
680849292,MapQuestTrip,0,4,1.481834054,0,1.481834054,0.5892331,0.740917027,2,0,20,0,74,0,18.48546028,59.27336502,-0.107287422,18.372015,24.33723831,5.407792568,1.462348104,27.56309128,17.67848587,0,0.319979161,0,4,1,93.88339996,93.88339996,62.75547791,74.87506104,1,0,3.460207612,7.531076866
680849292,ShortestPath,0,4,1.863206983,1.117924213,0.745282769,0,0.745282769,0,0,18,9.208417892,39,0,51.4510231,52.54243469,-0.950675189,14.40812778,18.81815338,5.475672722,1.312351227,25.48501587,15.44457912,0,0.322613597,0,4,15,41.99899292,41.99899292,102.5501328,102.5501328,1,0,3.460207612,8.570751941
681597828,EndomondoTrip,1,4,4.009332657,2.405599594,1.603733063,0.103937492,0,0,0,0,0,0,0,65.37709808,231.7394257,-0.484236717,34.95877457,15.34925079,0.294234842,25.7976532,11.2115736,7.276182175,0,0.052104086,0,5,0,0,0,101.144455,101.144455,0,39,1,19.24479631
681597828,GoogleTrip,0,4,4.257140636,2.838093758,1.419046879,13.13226604,1.419046879,0,0,0,0,7,0,65.67692566,251.8808289,-0.702993453,33.48207092,17.10736465,0.256155998,26.59615517,10.67316723,7.312840939,0,0.046824217,0,5,0,8.441075325,8.441075325,89.78801727,93.173172,0,39,1,18.44760956
681597828,MapQuestTrip,0,4,1.485409856,1.485409856,0,8.07790947,2.970819712,0,0,0,0,63,0,22.29948044,291.1403198,-0.137804359,27.84792137,24.91507149,1.82595408,33.30879974,8.362586021,3.739667177,0,0,0,0,0,65.56826782,65.56826782,32.77756882,93.03593445,0,39,1,14.85409845
681597828,ShortestPath,0,4,5.618899822,3.210799694,2.40809989,0,0,0,0,0,0,0,0,59.57963943,223.9532928,-0.695709229,35.84152985,15.85018826,0.290715665,24.60258484,11.16781139,7.088513851,0,0.052576236,0,5,0,0,0,101.3316193,101.3316193,0,39,1,19.26479887
682397932,EndomondoTrip,1,4,1.322991371,0.352797717,0.970193684,23.60596848,0.52919656,0,11,0,0.947842479,0,11.39038372,26.73330879,34.30957794,-0.086806566,16.90024185,8.337309837,0.215266138,14.3225956,13.02508068,46.71718979,0.01664429,0.465670228,0,0,0,20.27927017,13.85200405,79.71350098,91.52618408,2,0,1,11.02492837
682397932,GoogleTrip,0,4,1.125408769,0.46892032,0.656488478,16.24550056,0.562704384,7,22,0,0,0,27.87109566,9.849207878,30.38603783,-0.24351348,15.86908817,11.33217144,0.185570493,13.16650772,14.54460239,44.38246155,0,0.519597352,0,0,0,32.35935593,27.49884796,60.09479141,81.08174133,2,0,1,12.00436035
682397932,MapQuestTrip,0,4,0.867611289,0.325354248,0.542257071,0.524052262,0.759159923,0,0,0,0,0,10.03628349,7.900471687,25.2691803,-0.440585434,13.8831358,9.285544395,0.225685805,13.19181156,16.06130791,46.84018326,0.000432348,0.511900365,0,0,0,44.25257492,9.683799744,47.53995895,91.36099243,2,0,1,9.977530094
682397932,ShortestPath,0,4,0.872158051,0.327059269,0.545098782,0,0.763138294,0,0,0,0,0,20.22267151,17.55714226,17.55218124,-0.627933264,12.83325672,7.503764629,0.1305608,13.76067352,14.90656185,50.37906265,0.000435203,0.485686183,0,0,0,48.33532715,20.785923,54.09437943,91.24634552,2,0,1,10.57491634
1301871442,EndomondoTrip,1,4,3.234512568,1.415099263,1.819413304,14.46428013,1.617256284,0,0,0,0.443112701,0,0,43.10768509,345.2842102,-0.269267499,24.75414467,19.50054932,0.70965904,25.12893677,12.26137638,17.4758625,0,0.169470817,0,0,0,18.93455887,5.540043831,82.93849182,83.47550201,1,41,3.460207612,16.37471951
1301871442,GoogleTrip,0,4,2.262649298,0.905059755,1.357589602,2.268425465,1.583854556,0,0,0,0,4,3.272617102,41.10086823,160.1955719,-0.375172973,25.42970467,20.17520905,0.502783775,20.85428238,15.20493603,17.64599991,0,0.18708232,0,0,0,38.78393555,27.05833054,85.3264389,88.87594604,1,41,3.460207612,14.25469114
1301871442,MapQuestTrip,0,4,0.884824157,0.221206039,0.663618088,4.607266903,2.875678539,0,0,0,0,0,35.2024231,9.578306198,454.3572083,-0.35738048,28.47949028,19.87618446,0.568365633,24.28232956,10.77446365,15.83029461,0,0.188872278,0,0,0,26.79784012,1.087402463,53.77589035,70.1881485,1,41,3.460207612,14.37839245
1301871442,ShortestPath,0,4,3.239566326,1.619783163,1.619783163,0,1.388385534,0,0,0,0,2,3.572546482,31.61731339,166.6062622,-0.452600718,25.11590958,18.26569557,0.423924476,19.72218704,16.91449547,19.3656826,0,0.192105219,0,0,0,48.26054764,34.54966354,72.86464691,82.93614197,1,41,3.460207612,14.5780482
1303837214,EndomondoTrip,1,4,0.585229933,0.250812829,0.334417105,3.857491732,0.836042702,61,0,0,0,0,23.65391541,14.97230625,10.53413868,-0.087193631,13.44487572,9.251842499,0.450910509,6.061425209,20.39076614,47.55420303,0.210602909,0.701230884,2,0,0,67.69064331,66.52338409,21.48915291,52.91334915,0,56,1,5.183464918
1303837214,GoogleTrip,0,4,0.778929472,0.34619087,0.432738602,0.325350374,0.865477204,3,0,0,0,0,83.50574493,2.370834112,3.202265501,-0.994548321,14.08476448,9.883785248,0.465204507,6.691495895,21.09662819,44.88619995,0.195530728,0.697979152,2,0,0,96.43347168,88.16764069,16.04841995,51.40607834,0,56,1,7.702746854
1303837214,MapQuestTrip,0,4,0.173503503,0.086751752,0.086751752,0.089391939,0.867517531,0,0,0,0,0,85.35007477,0.986687183,3.209814787,-0.980861604,14.04262352,9.838690758,0.462415338,6.694473743,21.08849144,44.99678421,0.196102843,0.676157057,2,0,0,95.26248932,88.37549591,16.08625412,51.52726746,0,56,1,7.373898896
1303837214,ShortestPath,0,4,0.434146494,0.173658594,0.260487914,0,0.868292987,9,0,0,0,0,79.35794067,0.102168791,3.212684155,-0.947311044,14.15484715,9.86397171,0.458034247,6.711617947,21.26059532,44.80410767,0.195856273,0.699141264,2,0,0,92.73419189,82.59476471,12.62657642,46.56789398,0,56,1,7.272497608
1304506924,EndomondoTrip,1,4,2.141042709,0.951574564,1.189468145,12.96769333,0.356840461,18,0,0,4.16683054,0,0.29792428,63.17761993,19.38833046,-0.100433283,12.02597904,7.208227634,0.196418583,8.247191429,20.63494301,49.88076401,0.148628175,0.873608708,0,1,0,19.1377964,10.58528519,73.99343109,81.29446411,1,46,3.460207612,6.898915453
1304506924,GoogleTrip,0,4,0.990613163,0.371479928,0.619133234,8.51580143,0.619133234,0,0,0,4.302681446,0,46.98783493,15.37055206,11.88735771,-0.201138809,15.07256222,8.301203728,0.388022214,9.926942825,20.6190567,44.2231636,0.104296416,0.564980149,0,1,0,51.15877914,33.98283005,56.30186844,64.87319183,1,46,3.460207612,8.172558634
1304506924,MapQuestTrip,0,4,0.603335202,0.241334081,0.362001121,11.357234,0.965336323,0,0,0,4.10269022,0,0.949037015,16.54026413,12.91137314,-0.0404233,17.64173889,9.512239456,0.430122018,12.52549934,20.62372589,37.93493271,0.110176668,0.445998996,0,1,0,71.19005585,17.93747711,84.69939423,98.57868195,1,46,3.460207612,8.688026822
1304506924,ShortestPath,0,4,2.015572071,1.074971795,0.940600336,0,1.074971795,5,0,0,8.043698311,0,19.50396347,17.83489037,23.78375053,-0.167779937,15.17864323,10.07953453,0.480642706,8.323443413,20.69180298,43.74117279,0.104184009,0.519308925,0,1,0,76.07765961,25.42081261,27.58986855,57.86676407,1,46,3.460207612,9.809117832
1304954994,EndomondoTrip,1,4,3.838522434,1.919261217,1.919261217,15.52512646,0.548360348,0,0,0,2.17024231,0,40.57971191,57.03967667,590.3099365,-0.41144082,33.63102341,16.19364929,3.78158617,26.9433918,9.802976608,9.647373199,0,0,0,0,0,40.70769501,25.51763153,60.99160004,91.95890808,0,0,1,14.25736889
1304954994,GoogleTrip,0,4,1.039973974,0.259993494,0.779980481,21.82881737,1.299967408,0,0,0,0,0,1.201254725,27.91488647,1432.824097,-0.065376088,34.45223999,21.04998589,2.432670832,23.50624657,12.54897118,6.009886742,0,0,0,0,0,73.97597504,45.74703217,99.00737,99.00737,0,0,1,18.45953765
1304954994,MapQuestTrip,0,4,0.620321751,0,0.620321751,2.123450994,2.171126127,0,0,0,0,0,83.51773834,16.48225975,406.0005798,-0.283352137,31.69554329,22.73572922,2.913247108,28.31904602,9.012098312,5.324336052,0,0,0,0,0,87.86599731,87.55921173,31.38531303,82.28456879,0,0,1,16.12836551
1304954994,ShortestPath,0,4,2.53397584,1.26698792,1.26698792,0,0.95024097,0,0,0,2.49760747,4,54.43444824,34.46660233,716.4816895,-0.385273486,38.6957283,17.89436913,3.014472485,26.42162704,8.097332954,5.876471519,0,0,0,0,0,64.5500412,28.67352295,52.62401199,87.00930023,0,0,1,17.42108443
1309210562,EndomondoTrip,1,4,1.652455091,0.75737524,0.895079851,18.44961357,0.826227546,12,0,0,47.99045181,0,27.21488571,1.389201283,125.4488831,-0.165383473,19.43837547,9.064182281,0.520270169,12.65535641,13.60421562,39.28165436,0.006130661,2.594941616,0,3,0,60.20276642,32.19556808,37.90436935,57.61807251,1,0,3.460207612,12.18685643
1309210562,GoogleTrip,0,4,0.756420791,0.302568316,0.453852475,7.817340374,0.983347058,0,0,0,0,0,68.30371094,9.663318634,155.7470398,-0.707025349,17.87973022,9.423419952,0.205080196,13.86873627,13.08012962,43.90890884,0,1.548219562,0,0,0,61.20610809,41.65023041,43.87864304,71.87166595,1,0,3.460207612,13.61557435
1309210562,MapQuestTrip,0,4,1.081966519,0.463699937,0.618266582,5.527653217,0.772833228,0,0,0,0.83570689,0,50.92860794,11.49001217,151.0116119,-0.480366886,16.22242737,8.328699112,0.184738949,12.32561016,14.07784939,47.20265579,0,1.570281148,0,0,0,60.57421494,44.23041153,46.39220047,73.33818817,1,0,3.460207612,11.74706531
1309210562,ShortestPath,0,4,1.467995048,0.652442217,0.815552771,0,1.631105542,30,0,0,3.596057892,2,23.01644707,5.825341702,147.0441742,-0.077816501,26.84596634,25.26333237,0.255402088,13.70415688,12.97693825,20.12522316,0,0.678649306,0,0,0,31.16023827,30.60061455,36.20780182,57.16191101,1,0,3.460207612,12.07018121
1310386178,EndomondoTrip,1,4,0.779768407,0.438619733,0.341148704,14.80639362,1.315859199,0,0,0,0,0,58.42811584,13.08477592,21.83351707,-0.18639338,26.04624367,18.76890755,1.371717215,12.58379364,16.67593193,23.17739868,0.192699641,1.143910408,0,0,0,38.74004364,28.44449234,41.9434433,76.40494537,0,45,1,14.23077391
1310386178,GoogleTrip,0,4,0.753352344,0.401787937,0.351564437,11.4050436,1.356034279,0,0,0,0,0,66.14592743,7.466191769,16.67419815,-0.319523275,29.22644997,17.95685577,1.972309947,16.58261681,13.20930481,20.08834267,0.093574546,0.787032366,0,0,0,60.18071365,47.83568573,43.83781815,69.05474854,0,45,1,17.67866859
1310386178,MapQuestTrip,0,4,1.094226122,0.573166072,0.52106005,7.380140781,0.937908053,0,0,0,0,0,16.90446663,15.7931757,25.06298828,-0.476421088,27.53373146,14.89978313,1.892355561,16.088377,15.69770145,22.69421577,0.074654095,1.032155752,0,0,0,24.16647339,12.51441574,77.57401276,87.45378113,0,45,1,15.37127135
1310386178,ShortestPath,0,4,2.46186614,1.174981475,1.286884546,0,0.839272499,0,0,0,0,3,42.14578247,24.40968704,13.98787498,-0.282699436,30.84525299,16.15922546,1.618987083,17.33386421,13.10219097,20.00671387,0.041911148,0.817943394,0,0,0,40.83964157,40.20123291,63.77838898,82.92571259,0,45,1,19.30326788
1322242966,EndomondoTrip,1,4,0.984624445,0.459491402,0.525133014,19.12782288,0.918982804,27,0,0,2.175408602,0,9.608169556,14.58818054,57.76463318,-0.350868225,14.68210888,10.41278172,0.463468343,8.680956841,17.92822838,42.87003326,0.036824953,3.004652977,2,0,0,33.64901352,32.60543823,45.84372711,68.53452301,0,0,1,9.6493194
1322242966,GoogleTrip,0,4,0.467123568,0.266927749,0.200195819,17.18143272,1.267906904,0,0,0,0,0,66.30875397,1.993501425,48.04699707,-0.400626451,15.34513283,10.89562798,0.4746494,9.079601288,16.67265892,42.03923416,0.02876663,3.09161377,2,0,0,81.07758331,76.33792114,23.85274315,67.40624237,0,0,1,10.34345065
1322242966,MapQuestTrip,0,4,0.535844624,0.267922312,0.267922312,16.74645042,0.870747447,0,0,0,0,0,37.44193268,9.076233864,23.10829926,-0.362153769,15.25442314,9.682502747,0.547934949,9.177107811,18.20599556,44.48118591,0,1.230178118,1,0,0,61.70482254,51.89884567,54.95675659,71.40196991,0,0,1,9.444261069
1322242966,ShortestPath,0,4,0.390987217,0.156394884,0.234592333,0,1.251159072,33,0,0,0,0,43.23571014,4.335609436,15.32669926,-0.154368237,16.8359127,12.26175976,0.46860823,8.797239304,18.49552727,42.63368607,0.00155891,0.393780559,0,0,0,82.06188202,75.51540375,34.67292023,62.07673645,0,0,1,9.070903425
1323254780,EndomondoTrip,1,4,0.808951437,0.404475719,0.404475719,13.90936089,0.404475719,5,0,5,0,0,7.496937752,18.36415863,25.77088165,-0.491696239,13.92890739,9.409828186,0.725583792,6.972957611,24.00429153,39.78805161,1.797076702,1.237569332,2,0,0,34.15847778,6.219643593,70.70114136,87.70959473,2,0,1,7.742820971
1323254780,GoogleTrip,0,4,0.442940056,0.253108591,0.189831451,4.017621517,0.506217182,0,0,6,0,0,43.94120026,0,21.8306179,-1.073131919,13.29963112,9.707261086,0.557507038,6.137746811,23.1592617,41.02642059,1.987870336,1.496208429,2,0,0,62.74851227,44.45197678,40.26795197,70.66846466,2,0,1,7.403426641
1323254780,MapQuestTrip,0,4,0.394906729,0.197453365,0.197453365,0.002427789,0.592360079,1,0,0,0,0,57.77675247,0.036870543,13.82173538,-1.14077878,13.65489292,9.481122971,0.517147005,6.352993011,22.4529171,42.16521072,2.057524443,1.515413761,1,0,0,78.67590332,58.99486923,39.56925583,60.46406555,2,0,1,7.174752813
1323254780,ShortestPath,0,4,0.394916326,0.197458163,0.197458163,0,0.592374504,1,0,0,0,0,57.77675247,0.036870543,13.82207108,-1.14075458,13.65475178,9.48141861,0.517163098,6.352907658,22.4536171,42.16425705,2.057588577,1.515460968,1,0,0,78.67108917,58.9912529,39.5668335,60.46035767,2,0,1,7.174313199
1325810444,EndomondoTrip,1,4,1.518231392,0.650670588,0.867560804,11.14985943,1.08445096,0,0,0,0,0,26.15634918,12.90135098,17.13432503,-0.631218851,23.93471336,11.18190193,0.231917039,18.54636192,15.327528,30.30061722,0.054259833,0.422701627,0,0,0,63.33580017,28.2493,74.74078369,88.92742157,1,0,3.460207612,16.9174351
1325810444,GoogleTrip,0,4,3.050640345,1.525320172,1.525320172,10.63329697,1.089514375,0,0,0,0,4,54.06625748,17.9935627,34.21075439,-0.312674612,27.49022293,14.48683453,0.536195338,18.93021584,11.39480305,26.68810272,0.053880248,0.419744492,0,0,0,63.63280106,63.52236176,36.95682907,71.91709137,1,0,3.460207612,19.39335672
1325810444,MapQuestTrip,0,4,1.530535102,0.655943632,0.874591529,10.25633812,0.874591529,0,0,0,0,0,2.368454695,29.44827461,4.591605663,-0.394033283,21.808815,11.1342392,0.260186285,18.24079323,16.97021675,31.11307716,0.053771835,0.418899924,0,0,0,30.61657524,3.000167608,97.40637207,97.69829559,1,0,3.460207612,13.77481641
1325810444,ShortestPath,0,4,3.133950949,1.446438909,1.68751204,0,0.723219454,0,0,0,0,4,6.15487957,57.58825684,11.81258392,-0.257227838,18.92663002,10.63380146,0.132562295,15.81717968,16.69228172,37.27402115,0.059556972,0.463968039,0,0,0,12.51186466,12.22066402,82.78154755,84.18182373,1,0,3.460207612,13.74116931
1328458628,EndomondoTrip,1,4,1.01764667,0.469683081,0.547963619,5.323887825,0.704524636,0,0,0,9.555675507,13,32.12464142,4.587403774,2.504976511,-0.571386576,23.01762772,23.0460968,1.517886519,11.01406193,25.95516968,14.64453888,0.095415369,0.649450183,0,0,0,18.83295059,13.9975071,48.35196304,78.96398926,0,0,1,10.64614975
1328458628,GoogleTrip,0,4,0.796624184,0.318649679,0.477974504,3.496831656,0.796624184,0,0,0,0,13,22.75957298,7.817577839,5.735693932,-0.921756566,24.53355026,22.96211433,1.798017383,12.37672424,22.31896591,14.27753162,0.117109805,0.682291925,1,0,0,27.05916786,20.66876221,56.05491638,82.18785095,0,0,1,13.22396151
1328458628,MapQuestTrip,0,4,0.873710454,0.317712903,0.55599755,3.801994085,0.873710454,0,0,0,0,14,22.39151764,7.691156387,5.559975624,-0.861428618,24.87042618,23.60024452,1.399675608,13.24232769,21.70258904,14.32683849,0.116798326,0.680477202,0,0,0,21.30596924,21.22888374,57.90285492,83.95896149,0,0,1,14.5353648
1328458628,ShortestPath,0,4,1.648961544,0.742032707,0.906928897,0,1.319169283,0,0,0,0,25,41.29359818,15.87338161,2.803234816,-0.381035805,23.55923271,24.04670525,0.938258052,10.84135914,25.16574097,14.64660835,0.079317339,0.660316885,0,0,0,19.49790955,13.06576729,55.83150101,75.40129852,0,0,1,11.46028303
1330480740,EndomondoTrip,1,4,1.668537974,0.625701725,1.042836189,30.97655296,0.417134494,78,0,0,2.398495197,0,2.698980331,11.97260761,0.729985356,-0.697575867,23.06405258,11.8657999,0.499816686,8.450947762,23.49897003,15.46355247,0.444609284,14.50564098,2,0,0,2.333486557,2.133898973,23.74608421,29.54377747,0,0,1,5.214180995
1330480740,GoogleTrip,0,4,1.050225973,0.315067768,0.735158145,30.05496025,0.420090377,83,0,0,0,0,5.21261692,6.133712769,0.735158145,-0.694104731,23.30988884,11.96551323,0.499774545,8.352892876,23.4809761,15.51576614,0.444571793,14.32743263,2,0,0,2.713923454,2.512921572,17.90374565,24.77541351,0,0,1,5.146107038
1330480740,MapQuestTrip,0,4,1.481912255,0.673596442,0.808315754,1.386437535,1.75135076,0,0,0,0,0,73.5647049,8.710236549,2.020789385,-0.583125949,24.89466095,21.99072647,0.855182886,9.255714417,24.29706383,14.94265366,0.195222467,1.569371819,2,0,0,61.1669693,61.00395584,32.9157486,79.10599518,0,0,1,12.93305205
1330480740,ShortestPath,0,4,2.185393572,0.956109643,1.22928381,0,1.775632143,0,0,0,3.123558044,0,65.52963257,12.56714344,2.185393572,-0.611121774,24.99463654,21.45218468,1.562749267,9.359992981,23.94620323,15.03231621,0.184273496,1.503891706,2,0,0,65.8860321,65.69268799,28.21014404,73.92246246,0,0,1,11.74648983
1330563176,EndomondoTrip,1,4,2.348089218,1.25231421,1.095775008,8.6361866,1.25231421,32,0,0,41.62224579,5,16.4829464,4.324054718,212.8934174,-0.659038365,21.78746986,6.191751957,2.184029579,10.87612724,7.70856142,9.749839783,0,0.223874032,0,2,39,22.07864761,22.07864761,80.20285034,86.15964508,1,31,3.460207612,16.593164
1330563176,GoogleTrip,0,4,1.061766028,0.303361714,0.758404315,12.11586189,1.213446856,46,0,0,30.63085747,4,15.90262318,3.201441288,215.9935455,-0.47812593,18.34423256,5.075352669,2.747914314,10.07266045,6.400909901,6.367029667,0,0.255915403,0,3,48,19.88975143,19.88975143,77.9516983,84.02694702,1,31,3.460207612,15.31976725
1330563176,MapQuestTrip,0,4,1.091812015,0.623892546,0.467919409,9.030509949,2.495570183,39,0,0,14.64818478,25,16.34292221,4.467243195,196.0582428,-0.795956671,22.72314453,10.22703266,2.71879077,14.10524368,7.224606514,6.526715279,0,0.094544999,0,1,35,42.04745865,38.91337967,62.56296539,75.55968475,1,31,3.460207612,15.2853676
1330563176,ShortestPath,0,4,1.530524731,1.02034986,0.51017493,0,3.91134119,0,0,0,0,79,7.466392994,6.785246849,112.068428,-0.193781763,37.76507187,18.53643608,0.282157123,27.08640671,8.853102684,6.027471542,0,0.102848634,0,1,0,87.60697937,87.23002625,32.04598236,61.47263336,1,31,3.460207612,17.00583079
1332615858,EndomondoTrip,1,4,1.79561913,0.897809565,0.897809565,1.142392039,2.244524002,0,0,0,73.46406555,25,0,0.806082606,708.8206787,-0.507115126,29.30678558,21.92217827,0.414612383,14.41949749,8.404913902,9.372943878,0,0.804888844,0,9,6,40.93666077,40.93666077,34.85052109,56.69276428,0,0,1,14.14050106
1332615858,GoogleTrip,0,4,1.478534818,0.985689878,0.492844939,38.187397,2.957069635,19,0,0,21.39496803,10,24.2798481,0,492.0235291,-0.174542755,28.02042961,26.49419212,0.598137259,17.77782249,9.110090256,6.085224628,0,1.19890368,0,6,5,58.40575409,40.05155945,60.22170639,75.99446869,0,0,1,16.42816419
1332615858,MapQuestTrip,0,4,1.209941626,1.008284688,0.201656938,12.57560825,2.62154007,0,0,0,26.13302803,73,0.28767854,0,674.1391602,-0.656471908,26.59721375,23.62121582,0.317493826,18.45118141,7.758704662,8.854099274,0,0.946797431,0,8,6,16.72426796,16.63580132,38.3106041,53.88199234,0,0,1,18.75409517
1332615858,ShortestPath,0,4,2.270165205,1.362099171,0.908066094,0,2.043148756,0,0,0,21.44788742,58,19.61857605,0,652.4454956,-0.556043267,27.96606255,21.6563015,0.410056889,15.25795269,8.254107475,9.369206429,0,1.11783886,0,7,9,25.71320343,25.71320343,45.94367981,55.19075012,0,0,1,16.1181732
1333350010,EndomondoTrip,1,4,1.156942725,0.578471363,0.578471363,3.829656363,0.07230892,47,6,0,1.971308112,0,17.09963989,8.62439537,25.38043213,-0.498485982,12.00786018,17.28331757,5.34914732,2.445083857,39.94736481,17.32963753,0.757246137,2.234542847,2,1,0,158.1441193,38.40040207,774.4525757,804.7429199,0,71,1,7.484088688
1333350010,GoogleTrip,0,4,0.798300624,0.217718363,0.580582261,3.452146769,0.072572783,48,6,0,15.28964329,0,24.74936104,3.725347996,27.72280312,-0.508029997,15.37975216,18.58768463,3.305961132,2.300818205,36.91538239,12.94538879,0.61800307,7.269705296,2,1,0,13.82855892,0.158953279,86.07237244,87.6439209,0,71,1,4.281794334
1333350010,MapQuestTrip,0,4,0.823830009,0.449361831,0.374468178,0.246306986,0.149787277,0,0,0,0.809796989,0,0,3.997335196,7.414470196,-0.633511245,14.99151802,12.78703499,2.855842113,6.423257828,20.38376617,18.90260506,2.775799036,4.951643944,12,4,0,1.410331249,1.301679611,96.20191193,98.7724762,0,71,1,3.969362715
1333350010,ShortestPath,0,4,0.600624859,0.30031243,0.30031243,0,0.150156215,0,0,0,0.538042307,0,0,3.46126008,7.057341576,-0.725877643,15.52970505,13.20996857,2.971236706,6.620550156,21.08340454,19.51008415,2.870246649,5.120125294,12,1,0,1.413805008,1.304885745,100.9556274,103.5325241,0,71,1,4.054217637
1335918328,EndomondoTrip,1,4,0.81033808,0.463050336,0.347287744,16.44956779,0.540225387,0,0,0,0,0,23.80664444,18.39029312,25.04330635,-0.483070016,15.47344494,9.883090973,0.60895133,8.958734512,21.33170509,38.52434921,1.180921793,2.320589542,1,0,0,45.09259415,18.66599846,63.49209213,86.40229797,0,56,1,9.299594439
1335918328,GoogleTrip,0,4,0.602834344,0.344476789,0.258357584,4.355387211,0.947311163,5,0,0,0.104907408,0,63.0572319,0.122964866,26.43859291,-0.722944498,14.32575321,11.11080742,0.439518452,7.023377419,19.46293259,40.36672211,1.339666724,3.045871973,2,1,0,74.74653625,59.35372162,27.56061554,64.97668457,0,56,1,8.568860019
1335918328,MapQuestTrip,0,4,0.636326075,0.339373916,0.296952188,5.924487114,0.551482618,0,0,0,0,0,45.47996902,13.179492,14.38097,-0.768915892,14.90299892,9.393331528,0.468022972,8.037754059,20.68545341,42.01727676,1.317256689,1.836858511,1,0,0,61.38171387,44.52473831,56.70025253,74.57246399,0,56,1,8.144974067
1335918328,ShortestPath,0,4,0.539220154,0.314545065,0.224675059,0,0.988570213,14,0,0,0.171031669,0,63.69046783,0.650068223,14.7386837,-0.548284471,16.34949875,13.51696968,0.428922027,7.473259449,20.4211998,38.16144562,1.38730669,1.237069249,0,1,0,76.00261688,58.94079971,31.16268349,57.85412216,0,56,1,8.312976924
1335958052,EndomondoTrip,1,4,0.486290932,0.218830913,0.267460018,32.85770035,0.437661827,0,0,0,4.360376835,6,12.26837158,1.898427486,11.35489273,-0.049662434,14.72625256,12.81397629,1.701854944,6.484394073,24.47941589,27.79023743,2.342669249,3.657879114,6,0,0,43.45067215,9.677807808,68.54866791,83.71594238,0,60,1,6.321782065
1335958052,GoogleTrip,0,4,0.222203359,0.126973346,0.095230013,1.765440106,0.857070088,83,0,0,0.196551278,7,0,0.936168551,14.85588169,-0.093954869,27.99090576,19.42394066,1.208264232,7.755400181,26.2451973,14.23063946,0.070244968,0.270182729,3,0,0,11.75959492,5.485114574,25.16613579,32.29881668,0,60,1,5.269394008
1335958052,MapQuestTrip,0,4,0.255283177,0.127641588,0.127641588,1.232664585,1.180684805,8,0,0,0,7,0,2.033886909,14.61496258,-0.672246754,27.89131927,19.91923523,1.198070884,7.729534626,26.11309624,14.26597404,0.060605288,0.278018773,3,0,0,13.5153904,5.473644257,84.08435059,88.53203583,0,60,1,4.914201419
1335958052,ShortestPath,0,4,0.58146745,0.258429974,0.323037475,0,1.098327398,0,0,0,0.625276208,2,0,5.278885841,13.47066212,-0.548131585,27.12179375,19.5337429,1.270903707,7.479943275,27.25278854,14.3998251,0.090261579,0.28358689,3,0,0,15.30434418,2.589632511,88.00920105,92.45082855,0,60,1,5.330118259
1344260736,EndomondoTrip,1,4,1.970826149,0.806247056,1.164579034,16.76916885,0.716664076,3,0,0,26.63798904,0,28.84845161,28.01741982,88.23925781,-0.169020295,16.06401825,7.874264717,0.432987541,12.8566761,13.69677925,47.9164505,0,0.87998879,0,0,0,48.27945328,32.57850266,56.04728699,72.980896,2,66,1,13.43745089
1344260736,GoogleTrip,0,4,0.63741225,0.18211779,0.45529446,14.87656784,1.00164783,0,0,0,0,0,83.3093338,16.69066429,109.3617325,-0.433117568,16.02091599,9.043671608,0.21432054,14.11459064,12.09146309,45.43777466,0,2.883320808,0,0,0,80.72052765,57.1789093,29.47217751,67.83001709,2,66,1,14.75154069
1344260736,MapQuestTrip,0,4,0.966064572,0.28981936,0.676245213,8.279854774,0.676245213,0,0,0,0,0,62.25016785,6.392827988,101.2435684,-0.327580959,13.8293972,7.127016544,0.205182791,11.89134598,13.54553509,51.27872849,0,1.917224884,0,0,0,78.31332397,57.95868301,37.46292496,69.51623535,2,66,1,11.68938132
1344260736,ShortestPath,0,4,0.836842656,0.104605332,0.732237339,0,1.464474678,22,0,0,0.420988202,2,49.78648376,0,87.86847687,-0.018448418,25.81161118,24.19859314,0.249053553,13.28230095,13.49761963,22.3494339,0,0.611388981,0,0,0,57.95365906,49.61561203,15.00858402,55.78056717,2,66,1,11.82040246
1344462424,EndomondoTrip,1,4,2.85793376,1.558872938,1.299060822,18.55840302,0.433020264,17,0,0,30.17956924,0,3.596934795,33.32443619,69.97607422,-0.053776234,14.77888966,6.577970028,0.421062946,12.02236366,13.46455669,50.58885574,0,1.874465823,0,0,0,27.9783783,20.52479744,50.46401596,63.92633057,2,66,1,9.266633458
1344462424,GoogleTrip,0,4,0.739655256,0.369827628,0.369827628,11.05322647,1.017025948,0,0,0,0,0,79.60636902,4.273663998,110.3935471,-0.409730166,16.22620773,8.551535606,0.244740292,14.10795116,12.68853092,46.30272675,0,1.773630023,0,0,0,79.10929108,55.20624924,34.66453552,66.90617371,2,66,1,14.0534502
1344462424,MapQuestTrip,0,4,0.945572555,0.472786278,0.472786278,8.586461067,0.851015329,0,0,0,0,0,53.88339615,16.19429779,105.7150116,-0.268410176,14.13639927,7.198755741,0.229703233,12.24314499,13.88966656,50.39015579,0,1.804702997,0,0,0,78.50843811,58.51156616,37.36252594,68.8891983,2,66,1,11.72510005
1344462424,ShortestPath,0,4,1.334792972,0.718734682,0.61605829,0,1.437469363,26,0,0,2.829218388,2,42.77815247,0.445916831,89.53380585,-0.038617726,25.54261589,24.60567856,0.262129098,13.1790638,13.33535671,22.4729557,0,0.602199614,0,0,0,56.61484909,48.43055725,19.31334496,54.99848175,2,66,1,11.4997546
1348661262,EndomondoTrip,1,4,2.604640007,1.385446906,1.21919322,10.61441612,1.274611115,3,0,0,60.9155426,5,16.09631348,0.345848233,705.8574829,-0.39684087,22.64515305,20.94109344,2.497366667,7.199636459,12.68973064,13.91236591,0.213635668,0.907551706,0,12,7,37.4585228,30.50953484,64.56175995,69.59201813,0,0,1,12.24735029
1348661262,GoogleTrip,0,4,0.762064397,0.527583063,0.234481364,4.571483135,1.758610129,0,0,0,35.80869675,0,57.92951584,1.555777073,455.362793,-0.601174057,21.47986984,24.30138588,1.579109907,8.524655342,11.59834003,15.89096165,0.223910794,0.752436101,0,10,6,41.97951889,21.50546837,61.39342499,77.15866852,0,0,1,11.43096622
1348661262,MapQuestTrip,0,4,0.531535506,0.472475976,0.059059497,3.79390502,2.126142025,0,0,0,17.9777298,29,50.75054169,0.391098887,510.2149963,-0.733364344,22.75115967,25.06269836,0.891924858,8.582824707,11.8011713,15.56428432,0.29787752,0.596242964,0,9,5,39.38447952,39.13639069,66.17874908,83.61297607,0,0,1,12.46155397
1348661262,ShortestPath,0,4,0.613001585,0.367800951,0.245200634,0,1.961605072,0,0,0,11.40045166,20,61.07976913,0.777952254,479.8576355,-0.574850202,22.57061768,24.26191711,0.971427858,8.993154526,12.09491539,15.96610928,0.305620551,0.655795157,0,8,6,59.99829102,52.73645782,70.65110779,86.31436157,0,0,1,10.66622761
1350035058,EndomondoTrip,1,4,0.74304688,0.217477143,0.525569737,87.18203735,2.827202797,0,0,0,3.339319944,18,42.88451004,3.23551631,637.1355591,-0.09735734,29.87799644,21.99600983,1.005851507,16.11797523,13.86766243,10.73361683,0.064424224,0.476490647,0,6,0,75.38896942,67.26859283,51.93513107,81.24358368,1,50,3.460207612,14.75219962
1350035058,GoogleTrip,0,4,0.79769969,0.365612358,0.432087332,2.063004017,2.127199173,14,0,0,0.349477738,80,0.024438648,1.69033277,27.65358925,-0.523097754,39.63359451,30.37653732,0.98875767,11.84413719,9.95164299,6.65342617,0.019753799,0.532151282,0,0,0,82.88839722,82.6585083,10.19657707,49.46470642,1,50,3.460207612,16.71845637
1350035058,MapQuestTrip,0,4,0.554921687,0.237823561,0.317098081,28.37609482,2.325386047,0,0,0,0.067234971,31,30.28809547,6.147788048,265.0411682,-0.134852171,30.76989937,21.43805313,1.080423713,15.29741001,16.63240623,13.36774158,0,1.265769243,0,0,0,82.1620636,69.11097717,49.6319809,77.71520996,1,50,3.460207612,15.24713317
1350035058,ShortestPath,0,4,0.474924505,0.203539073,0.271385431,0,2.035390615,7,0,0,1.206436872,78,0,0.996169746,25.8833847,-0.628283918,39.28256989,28.96588898,0.943346262,12.61301517,10.71858597,6.906380653,0.020088525,0.55012697,0,0,0,85.26989746,85.03527069,15.73403168,56.19427109,1,50,3.460207612,17.53828329
1365965990,EndomondoTrip,1,4,0,0,0,150.4420471,0,0,0,0,100,0,0,0,12.39134312,-0.696647823,12.62022305,2.941074133,0.441544145,10.65347099,25.48628998,20.55339241,6.22897625,21.07502747,0,0,0,0.663943052,0.437992007,100.5778809,100.5778809,0,37,1,2.009407046
1365965990,GoogleTrip,0,4,0,0,0,150.4929962,0,0,0,0,100,0,0,0,12.38882351,-0.696851254,12.61880398,2.94041872,0.441445768,10.65527534,25.48618126,20.55438423,6.227588177,21.07590294,0,0,0,0.663807988,0.437902927,100.5574188,100.5574188,0,37,1,2.008998353
1365965990,MapQuestTrip,0,4,4.569983006,1.054611444,3.515371323,19.29512596,1.406148553,0,0,0,10.09979057,0,0,20.50758934,1.757685661,-0.046963818,22.08965683,19.60976219,0.128680333,15.86264801,17.24316406,23.18903351,0.01678439,1.860269904,0,0,0,0.453495413,0,111.2184296,111.2184296,0,37,1,11.78290916
1365965990,ShortestPath,0,4,3.354933262,2.516200066,0.838733315,0,1.677466631,0,0,0,23.79623413,0,0,10.38572502,2.096833467,-0.067636251,23.05275917,18.2530632,0.180215925,14.54788971,17.40985107,23.78684998,0.047947358,2.721425772,0,0,0,0.427459925,0,85.23761749,85.23761749,0,37,1,6.594450991
1375039914,EndomondoTrip,1,4,2.64650631,1.470281363,1.176225066,1.993210435,0.294056267,0,0,0,3.742201805,0,33.7829361,9.354233742,4.99895668,-0.594887197,32.8693428,18.36751366,8.529600143,11.54824829,16.13083076,8.224017143,0.008133387,4.322314739,0,0,0,36.45669556,36.45669556,65.0916214,71.00550842,0,32,1,12.93847576
1375039914,GoogleTrip,0,4,0.892563701,0.595042467,0.297521234,0.805383384,0.595042467,0,0,0,0,0,44.91230011,9.884866714,5.057861328,-0.746982455,30.66129303,19.62846184,8.391167641,8.564085007,16.76247215,10.3633604,0.009346887,5.61981535,0,0,0,66.9680481,66.9680481,84.64785004,90.63142395,0,32,1,11.90084963
1375039914,MapQuestTrip,0,4,2.040173054,1.165813088,0.874359846,2.904119015,0.582906544,0,0,0,0,0,52.02943039,2.522724628,4.663252354,-0.741289079,33.21840286,19.33810043,10.6492157,7.03528595,15.18911457,7.798662186,0.009225092,6.761992455,0,0,0,53.10100937,53.10100937,55.23426056,65.67855835,0,32,1,12.53249092
1375039914,ShortestPath,0,4,3.599009037,2.099421978,1.499587178,0,0.599834859,0,0,0,0,0,55.58031845,0,5.398513794,-0.580707431,33.21647263,17.5661068,6.878602505,9.418266296,17.16441917,8.783647537,0.008318973,6.964169025,0,0,0,54.64312744,54.64312744,52.34884644,63.09646225,0,32,1,12.89644938
1377221990,EndomondoTrip,1,4,2.986636639,1.378447652,1.608188868,21.05873871,1.148706317,0,0,0,20.32412338,0,19.12586021,41.51879883,557.8118286,-0.166088402,38.39281464,18.46766281,3.65244031,23.10246468,8.652302742,6.221622944,0,0.01559304,0,1,0,27.04973412,6.916455746,66.58388519,76.62983704,0,0,1,15.62240661
1377221990,GoogleTrip,0,4,1.100643992,0.275160998,0.825483024,1.0760535,2.751610041,0,0,0,0,57,30.53785133,5.799964428,310.1064453,-1.000163555,29.69694328,26.73461342,1.705911636,27.40723038,8.681195259,5.774104595,0,0,0,0,0,93.75101471,61.0977478,25.03509712,64.76329803,0,0,1,18.16062655
1377221990,MapQuestTrip,0,4,1.099749446,0.274937361,0.824812055,1.158278942,2.749373436,0,0,0,0,57,30.53785133,5.799964428,310.1293335,-1.000976801,29.72127533,26.73052979,1.704822183,27.39081001,8.679980278,5.772582054,0,0,0,0,0,93.67481232,61.04808426,25.01474762,64.71065521,0,0,1,18.14586488
1377221990,ShortestPath,0,4,1.946853161,0.556243777,1.390609384,0,2.224975109,0,0,0,2.187584639,46,33.15179443,13.55013657,294.8092041,-0.833841443,29.71434784,26.79740715,1.775434017,25.2834549,9.952757835,6.47659874,0,0,0,0,0,82.71142578,47.98468399,35.11185837,66.91667175,0,0,1,19.46853216
1378235410,EndomondoTrip,1,4,1.142893076,0.666687608,0.476205438,92.88825226,0.761928737,0,0,0,30.94429398,0,18.982584,10.66007137,2.857232571,-0.006187445,18.66035652,13.49032974,0.240538493,15.71337128,21.29153633,22.60829163,2.104711771,5.890865326,0,0,0,41.99678421,8.058879852,91.60591888,101.2340698,1,39,3.460207612,8.000251434
1378235410,GoogleTrip,0,4,1.712443709,0.684977472,1.027466178,7.278779507,1.369954944,0,0,0,14.46789742,63,10.4324522,7.719119072,4.281109333,-0.340219975,24.90099716,24.48450089,0.138604403,8.574355125,17.59046745,17.71132088,1.333469868,5.266284466,0,0,0,11.31082535,11.31082535,37.52414322,80.79196167,1,39,3.460207612,10.10341769
1378235410,MapQuestTrip,0,4,0.888925791,0.711140633,0.177785158,3.331951857,1.066710949,0,0,0,0,0,3.723715782,8.239531517,0.533355474,-0.056257784,21.02285957,15.79345036,0.117935352,16.05333138,19.33292389,26.49378967,0.070619971,0.584027171,1,0,0,4.466963768,4.218913078,99.58187866,100.3118973,1,39,3.460207612,9.422613073
1378235410,ShortestPath,0,4,1.102253199,0.734835446,0.367417723,0,2.020797491,0,0,0,0.129095092,62,0,12.17242527,4.960139275,-0.398221105,25.32402802,28.18945503,0.311823815,10.90654755,14.24553967,18.48575974,0.34825182,2.188595057,0,0,0,1.319975019,1.06365943,32.83179855,76.99861145,1,39,3.460207612,10.8388232
1379206542,EndomondoTrip,1,4,3.436084032,1.472607493,1.963476658,14.02543736,0.818115234,2,0,0,3.191799164,0,2.492586613,50.01192474,4.254199505,0.023319857,35.31742477,18.89780426,0.50491327,25.81485176,10.36397457,6.764645576,0.07885129,2.257532358,0,0,0,4.157780647,3.994174957,90.83755493,91.6911087,0,0,1,19.79838933
1379206542,GoogleTrip,0,4,0.93278563,0.373114258,0.559671402,0.007917866,2.052128315,0,0,0,0,0,66.78043365,18.58163071,4.850485325,-1.016828179,29.38554001,24.5273819,0.598859966,17.43717575,11.51215839,7.272821426,0,9.26606369,0,0,0,85.10708618,69.83138275,31.52292824,57.18636322,0,0,1,13.61867051
1379206542,MapQuestTrip,0,4,0.74623847,0,0.74623847,0.00658614,2.052155733,0,0,0,0,0,67.25064087,17.47868347,4.850550175,-1.049561858,29.38097382,24.53035164,0.598842263,17.43518066,11.51477528,7.274085045,0,9.265789986,0,0,0,85.10822296,69.83230591,31.52334785,57.18712616,0,0,1,13.61885186
1379206542,ShortestPath,0,4,0.746287584,0.186571896,0.559715688,0,2.052290916,0,0,0,0,0,67.58405304,17.57121086,4.664297581,-0.999389708,29.42015648,24.55314255,0.60172385,17.43594742,11.51480675,7.160809517,0,9.31341362,0,0,0,85.28095245,70.00403595,31.52542496,57.19089127,0,0,1,13.80632072
1459685796,EndomondoTrip,1,4,5.00896883,2.75493288,2.25403595,0.285903841,1.001793861,0,0,0,0,3,4.49701643,80.42811584,89.91099548,-0.046064336,31.0943718,17.19095612,0.442495674,25.76129341,10.70537853,14.7914238,0,0.014079408,0,0,0,8.029653549,7.5297122,89.84892273,92.54045105,,0,1,13.52421637
1459685796,GoogleTrip,0,4,1.73419106,0.74322474,0.99096632,1.381648421,1.2387079,0,0,0,0,0,3.786867619,52.23018265,36.66575241,-0.826998293,26.9945507,16.2504406,0.414592087,22.75061798,18.37436867,15.20170975,0,0.013721723,0,0,0,50.28648758,24.52528954,91.41636658,91.41636658,,0,1,11.89159562
1459685796,MapQuestTrip,0,4,1.734179258,0.743219674,0.990959525,1.382339001,1.238699436,0,0,0,0,0,3.786867619,52.23018265,36.66550446,-0.827005088,26.99402046,16.25110245,0.414583951,22.75115204,18.37400818,15.20141125,0,0.013721455,0,0,0,50.28614426,24.5251236,91.41574097,91.41574097,,0,1,11.89151462
1459685796,ShortestPath,0,4,3.767467499,1.506986976,2.260480404,0,1.004657984,0,0,0,1.263608813,7,3.838057041,76.5700531,41.19097519,-0.284158468,30.92552185,16.01178169,0.32760936,25.08165169,12.14759445,15.49181461,0,0.014026089,0,0,0,21.88109779,16.46983337,80.93732452,86.02224731,,0,1,12.80938914
1668570900,EndomondoTrip,1,4,1.561163783,0.65048492,0.910678864,9.281430244,0.780581892,0,0,0,0,4,12.64167786,18.7006321,61.92616272,-0.39350602,23.14537239,12.51561165,0.361142337,15.16641712,18.91522026,29.76458168,0,0.131655633,0,0,0,21.19049072,20.67759895,76.98442078,85.02611542,,0,1,14.96115254
1668570900,GoogleTrip,0,4,1.371357679,0.623344421,0.748013258,14.03955746,0.498675525,0,0,0,0,0,16.47711754,29.21067238,33.66059875,-0.078961901,23.60578156,12.75409889,0.432435125,18.36829185,14.60575771,30.02413559,0,0.209499642,0,0,0,18.56459618,18.08637428,79.12792969,89.62974548,,0,1,14.58625899
1668570900,MapQuestTrip,0,4,1.32982409,0.531929612,0.797894478,6.910259724,0.797894478,0,0,0,0,0,1.483119369,13.43155098,54.25682449,-0.337836981,21.81327248,11.28182697,0.325396359,17.17730713,18.74464035,29.98173332,0.000532564,0.675290644,0,0,0,36.33743668,1.955548525,84.92683411,97.36328888,,0,1,13.1652585
1668570900,ShortestPath,0,4,2.274749517,1.279546499,0.995202899,0,0.710859179,0,0,0,0,7,3.820986748,35.3854599,72.36546326,-0.49845469,20.57274628,11.5713892,0.240301311,15.97748089,18.06463623,32.79346085,0.000568088,0.779417038,0,0,0,29.99492836,12.38479137,75.7177887,86.66653442,,0,1,13.64849656
1798323980,EndomondoTrip,1,4,2.237774372,1.017170191,1.220604181,4.010695934,0.610302091,0,0,0,3.466226816,0,0,49.00759506,3.729624033,-0.311018109,33.78456116,14.7108984,0.330971986,22.53561211,15.40044594,12.60071278,0,0.636799932,0,0,0,29.12572861,2.505741358,94.78664398,95.676651,,0,1,12.81634447
1798323980,GoogleTrip,0,4,1.061785698,0.530892849,0.530892849,6.282919407,1.128147364,0,0,0,0,22,23.74809647,50.79089355,36.10071564,-0.043566301,34.50628662,17.46173096,0.619116068,22.68861198,11.93326283,11.79934216,0,0.991648555,0,0,0,51.12628174,37.03781891,54.36379242,74.72020721,,0,1,16.78948662
1798323980,MapQuestTrip,0,4,1.064711452,0.598900199,0.465811253,5.990861893,0.931622505,0,0,0,0,5,0.241887599,31.92201424,6.987168789,-0.179185867,32.00102234,14.07214546,0.186573133,21.74536514,14.88587093,16.51092339,0,0.598100126,0,0,0,55.85607147,8.852762222,89.371521,97.09103394,,0,1,12.57690415
1798323980,ShortestPath,0,4,1.97486949,0.846372664,1.128496885,0,1.481152177,0,0,0,0.93578285,6,19.10252953,16.57336998,8.040539742,-0.253611505,35.29775238,18.26426697,0.413944334,17.42674446,16.10416412,11.64512444,0,0.848005056,0,0,0,56.03805542,31.16425514,73.36421204,85.14428711,,0,1,15.94001808
