OBJECTID,tripID,source,Choice,Options,turnsPerkm,turnsLeftPerkm,turnsRightPerkm,perc_Detour,signalsPerkm,percCycleWay,percBikeLane,percSharrow,percFootway,percPrimary,percSecondary,percResidential,FlickrPerkm,PSOverlap,WorkoutType,percImpervious,percRoadRR,percBareGround,percBldg,percGrass,percTree,percWetland,percInlandWater,percCropland,percOcean,percBeach,percAADTgt5k,percAADTgt10k,percSlowdownLT2,percSlowdownLT4
1,1301395336,EndomondoTrip,1,4,0.677966177,0.474576324,0.203389853,4.110735416,2.71186471,0,0,0,0,55.96457672,10.16521072,7.467325211,332.8813782,-0.71702373,1 commute,35.20724869,23.51706886,2.16907239,18.18347931,8.91860199,5.382432461,0.021011271,0.628973722,0,5.972112179,0,51.90499496,27.84151077,64.59617615,87.83477783
2,1301395336,GoogleTrip,0,4,0.808988094,0.311149269,0.497838825,13.42394543,1.804665804,0,0,0,0.196358502,47.41900635,2.665477276,14.03884697,172.687851,0.038428891,1 commute,27.03104782,20.56497383,0.574302614,17.6299305,14.86858845,8.645044327,0,0.332530797,0,10.35358143,0,48.07493973,34.60248566,60.0510788,83.85462189
3,1301395336,MapQuestTrip,0,4,0.338689476,0.270951599,0.0677379,4.200985432,2.844991684,0,0,0,0.033015773,63.15708923,0.78904146,9.1478405,338.0121155,-0.592959583,1 commute,35.51328278,24.34087753,1.561450958,18.32827759,8.671834946,5.035117626,0.021100689,0.530531585,0,5.997528076,0,56.91879654,41.0042305,60.69155121,79.45301056
4,1301395336,ShortestPath,0,4,0.35291779,0.35291779,0,0,3.035092831,0,0,0,0,85.88388824,0,13.84230709,381.7864685,-0.484226674,1 commute,33.97271729,24.6226635,1.424011111,17.77419853,9.419225693,5.907250881,0.021829357,0.653463185,0,6.204640388,0,44.13923264,43.99088669,46.58756638,74.36075592
9,1302195892,EndomondoTrip,1,4,0.989178896,0.769361377,0.219817534,6.934113503,1.758540273,0,0,0,0,68.96144867,0,29.90497398,124.086998,-0.618198454,1 commute,31.7286644,20.88825989,0.780541182,15.74869728,11.90469837,8.155877113,0.034245968,1.025155187,0,9.733860016,0,34.23106766,32.97359085,82.00015259,95.80393219
10,1302195892,GoogleTrip,0,4,0.449225128,0.336918831,0.112306282,4.651287079,1.909206748,0,0,0,0,62.10951614,0.696500361,11.35249615,112.8678131,-0.666760683,1 commute,33.34134674,20.86720657,1.163170457,16.36105537,11.00203228,6.423295975,0.034931406,0.878275394,0,9.928685188,0,57.11712265,30.96753883,77.46253204,88.73603058
11,1302195892,MapQuestTrip,0,4,0.337103993,0.337103993,0,4.593806744,2.134991884,0,0,0,0,66.35005188,1.355447292,5.028060913,129.8973999,-0.856236577,1 commute,33.79971695,21.26664734,1.152237296,17.04117393,10.05042171,5.882379532,0.034820359,0.875483274,0,9.897121429,0,61.48109818,35.31714249,77.05618286,89.52239227
12,1302195892,ShortestPath,0,4,0.470119864,0.352589905,0.117529966,0,1.998009443,0,0,0,0,73.16822052,0,22.12425613,196.2750397,-0.173987806,1 commute,33.34247589,21.67682076,1.084077477,14.89093018,11.12361908,6.696022987,0.036419705,1.075090766,0,10.07454205,0,76.98960876,74.11280823,61.06378555,79.11995697
13,1303953266,EndomondoTrip,1,4,1.640103221,0.937201858,0.702901363,48.74269104,0.468600929,0,0,0,0,0,13.51677418,51.34027481,172.2108307,-0.214485437,1 commute,18.01551056,9.792446136,0.120607585,17.88847733,15.2148447,38.67944717,0,0.288667321,0,0,0,14.50790119,13.59679794,74.04439545,82.65234375
14,1303953266,GoogleTrip,0,4,1.075539589,0.614594042,0.460945517,13.40976429,1.38283658,0,0,0,0,18.20381355,30.70298958,19.45125961,144.5832367,-0.423777997,1 commute,23.37199783,16.68971062,0.352810562,18.56886864,19.61776543,21.34231567,0,0.056531422,0,0,0,40.67480469,40.55235672,46.7886467,75.14214325
15,1303953266,MapQuestTrip,0,4,0.971390486,0.161898419,0.809492111,7.630702972,2.590374708,0,0,0,0,0.895537138,20.14639473,31.45222282,343.8722534,-0.101526089,1 commute,26.07522774,16.42108345,0.359438688,25.82758713,14.86178207,16.40093422,0,0.053948302,0,0,0,44.12724686,23.715868,69.31734467,80.32952881
16,1303953266,ShortestPath,0,4,4.530562401,2.091028929,2.43953371,0,0.697009623,0,0,0,0,0.320055515,0.931321383,72.74721527,117.6203766,-0.212516516,1 commute,26.9775219,14.93448639,0.487756938,25.37388802,15.84332848,16.32476807,0,0.058250111,0,0,0,7.472940922,3.504463673,91.57218933,94.66653442
21,1304518368,EndomondoTrip,1,4,3.136887312,1.372388124,1.764499068,24.20235634,1.9605546,9.444849014,0,0,1.450909853,37.28802109,0,45.61892319,164.0984192,-0.218993887,1 commute,34.20194244,11.97578907,0.935424268,21.94395256,17.12298012,6.790865898,0,0.27669692,0,1.786738992,4.96560955,38.43839645,27.34996605,63.53301239,77.46891022
22,1304518368,GoogleTrip,0,4,1.117334485,0.446933806,0.670400679,8.967143059,2.23466897,10.6895237,0,0,17.56569672,49.24422073,0,22.50056076,136.3148041,-0.344410419,1 commute,34.54357147,13.85232735,0.700632453,19.33515167,9.060390472,5.239242554,0,0.47033605,0,3.341068983,13.45728016,50.90459061,36.31176758,79.63352966,88.00120544
23,1304518368,MapQuestTrip,0,4,1.989823937,0.884366214,1.105457783,10.13785648,1.105457783,10.57799435,0,0,40.36800766,16.33656693,0,31.13743401,97.28028107,-0.536796033,1 commute,28.25419998,7.510790825,1.144187212,17.34384537,20.74697685,4.948631763,0.039239466,0.60910356,0,3.468233824,15.93479156,17.36508179,0.968835056,62.99615097,66.23323059
24,1304518368,ShortestPath,0,4,2.435055017,1.217527509,1.217527509,0,1.461032987,11.63988018,0,0,4.409342289,25.71605492,0,58.23472214,55.76275635,-0.370143175,1 commute,34.47518921,12.57009697,1.106083512,21.55895805,14.82093811,6.285531998,0,0.280388296,0,2.744904757,6.157907009,18.38768768,3.050011158,72.27133179,80.02189636
29,1307641304,EndomondoTrip,1,4,1.836647034,0.955056429,0.881590545,15.07078838,2.057044744,0,0,0,0,43.06248474,18.97486115,33.24544525,108.5091019,-0.199856058,1 commute,28.99530411,19.5772419,0.431996793,21.90214729,16.43867683,9.996624947,0.02664819,0.389359683,0,2.242001057,0,42.99213409,33.6595459,74.49255371,91.43102264
30,1307641304,GoogleTrip,0,4,1.258437634,0.786523521,0.471914113,7.482825756,1.651699305,0,0,0,23.37288475,28.4557209,27.08644295,21.0849514,875.8725586,-0.537083983,1 commute,25.7938385,15.22545052,4.088611126,18.4324398,14.12018108,12.13961697,0,0.225545838,0,2.079576969,7.894736767,35.87679672,25.00451088,98.8142395,110.2948761
31,1307641304,MapQuestTrip,0,4,1.380248666,0.460082918,0.920165837,10.24678421,1.303568244,13.90797901,0,0,51.58650589,23.01662064,0,6.615539074,1162.092773,-0.283970356,1 commute,24.54855347,9.301383972,4.51897192,14.77789688,7.949304581,6.810531616,0,0.276207834,0,2.195338488,29.62181091,22.62876701,16.86544991,86.64347839,91.5982666
32,1307641304,ShortestPath,0,4,0.845377684,0.59176439,0.253613293,0,4.734115124,0,0,0,0,50.08448792,38.74956894,6.979608536,1161.80249,-0.221973762,1 commute,32.7782402,24.29769135,0.129740342,27.67500496,6.296302795,4.79090786,0,0.169712573,0,3.86240077,0,83.40145111,77.95413208,56.04439545,95.00045013
33,1308582724,EndomondoTrip,1,4,1.951390028,0.780556023,1.170834064,23.39538193,1.170834064,0,0,0,1.455542326,16.78620338,3.310985327,76.68927002,171.3970947,-0.106799185,1 commute,27.82090378,16.23842812,0.407396048,23.41268921,17.29021263,12.69298267,0,0.242235482,0,1.895151854,0,12.29776764,9.162255287,82.66735077,88.88030243
34,1308582724,GoogleTrip,0,4,1.430562615,0.752927721,0.677634954,6.60276413,2.409368515,0,0,0,26.75899315,50.46858597,8.139466286,13.44306564,1026.315796,-0.578074217,1 commute,27.88817787,17.46404457,4.28102684,16.41575432,9.402201653,7.025973797,0,0.211779028,0,9.553991318,7.757050991,36.54940414,31.60072899,63.62870026,85.82360077
35,1308582724,MapQuestTrip,0,4,1.866399884,1.119839907,0.746559918,7.512029171,1.941055894,0.813139379,0,0,48.21999359,33.79233551,0,11.78974056,1113.195557,-0.481713563,1 commute,24.69177628,13.18394566,4.865645409,13.07680321,13.45225811,7.270690441,0.013430891,0.216725737,0,4.966682434,18.262043,15.0023737,10.02105141,72.2122879,81.42642975
36,1308582724,ShortestPath,0,4,0.722377539,0.240792528,0.481585056,0,4.013208866,0,0,0,2.312273026,39.66001511,33.42626953,19.40192032,977.2965698,-0.440904111,1 commute,28.08392525,21.67303467,0.39201206,21.23543167,11.74013519,4.918290615,0,0.214145824,0,11.74302483,0,50.11529541,46.28992844,62.34837723,81.67394257
77,1338639986,EndomondoTrip,1,4,1.330091596,0.483669668,0.846421897,4.217064381,2.660183191,0,0,0,82.0630188,0,0.050689295,1.601275206,30.35027122,-0.174730912,1 commute,32.96874619,26.96490288,0.391145617,8.765042305,15.71294785,13.13428402,0.130381867,1.932549119,0,0,0,25.38336754,25.38336754,27.40583992,55.54679489
78,1338639986,GoogleTrip,0,4,1.350784183,0.859589934,0.491194248,2.62056303,1.473582745,0,0,0,0.235986531,0,12.22724724,7.194571018,11.42026615,-0.158053324,1 commute,29.57194519,21.00837898,3.68993187,11.30378914,22.46777153,10.07054138,0.186900303,1.700743675,0,0,0,43.66181946,43.66181946,60.19369507,67.68219757
79,1338639986,MapQuestTrip,0,4,1.35887289,0.617669523,0.741203427,2.009712696,1.853008509,0,0,0,0,0,43.15951538,8.665155411,12.9710598,-0.496019363,1 commute,32.65998459,21.87130165,1.360668302,12.92215729,15.97194862,13.17614174,0.163240746,1.874556184,0,0,0,25.22489548,25.22489548,62.17441177,66.09708405
80,1338639986,ShortestPath,0,4,2.772364855,1.134149194,1.638215542,0,1.638215542,0,0,0,11.04496098,1.200365901,28.55981827,15.74120712,14.49190617,-0.567399442,1 commute,31.7514267,21.34002686,4.061823845,11.06591225,16.8481102,13.03552723,0.208207741,1.688964963,0,0,0,19.08777618,19.08777618,63.61190414,73.50198364
89,1345064724,EndomondoTrip,1,4,1.46113658,0.547926247,0.913210392,5.100294113,3.10491538,0,0,0,7.699743271,0,86.89047241,3.613779068,748.8325195,-0.061007995,1 commute,33.43572235,22.35447502,1.724200368,27.67703819,6.733799458,5.521063328,0,1.106241226,0,1.447458982,0,92.69480896,53.02048111,18.73934364,57.34489441
90,1345064724,GoogleTrip,0,4,1.433394909,0.477798283,0.955596566,20.5261898,1.911193132,0,0,0,10.08681774,17.6752739,11.38265991,37.24291611,646.1425781,-0.191151127,1 commute,31.60646439,19.32947922,0.707284629,20.86298943,12.479249,9.267846107,0,0.533007681,0,5.213680267,0,30.27555466,30.05432892,56.23025894,79.67702484
91,1345064724,MapQuestTrip,0,4,2.064988136,0.938630998,1.126357198,2.253901243,3.566797733,0.210518926,0,0,7.345772743,77.42198181,9.477436066,3.70362711,1515.51355,-0.330329388,1 commute,38.53928757,20.72024918,0.501628399,26.37891579,5.831617355,5.039494038,0,0.560026944,0,2.428780079,0,91.48382568,91.1936264,18.32196999,50.33763885
92,1345064724,ShortestPath,0,4,4.031104565,1.919573665,2.111531019,0,2.111531019,0,0,0,25.55398178,25.55990601,0,34.9535408,993.1873779,-0.390754491,1 commute,34.7389183,18.57971764,0.550011575,21.2647953,11.45818806,9.125086784,0,0.477295578,0,3.805987358,0,36.21531296,35.84715271,48.71903229,67.9174118
101,1353760766,EndomondoTrip,1,4,2.150066853,0.992338479,1.157728314,18.40947914,2.646235943,0,0,0,0,0,49.55612946,30.38478661,53.42089081,-0.143390834,1 commute,36.90445328,20.56156349,1.751496553,26.07533836,7.799715519,5.968846321,0,0.938585162,0,0,0,68.38779449,35.66722488,43.63818741,72.18721008
102,1353760766,GoogleTrip,0,4,1.30457294,0.559102654,0.745470226,5.081133366,1.677308083,0,0,0,0,7.574450493,11.18208599,58.63121033,44.9145813,-0.75198245,1 commute,38.54320908,18.65936661,1.826723933,23.69340134,10.57931328,5.843444824,0,0.854542792,0,0,0,19.221838,11.31327248,80.34015656,89.64867401
103,1353760766,MapQuestTrip,0,4,1.304145336,0.55891943,0.745225906,5.115587234,1.676758289,0,0,0,0,7.320448399,10.80710506,60.01847458,44.89986038,-0.67717427,1 commute,38.54166794,18.65826225,1.82661581,23.69643784,10.57942677,5.843099117,0,0.854492188,0,0,0,19.21553802,11.30956459,80.31381989,89.61928558
104,1353760766,ShortestPath,0,4,3.525068521,1.566697121,1.958371401,0,0.9791857,0,0,0,6.338306904,6.71354866,5.732489586,67.62054443,51.30932999,-0.188656762,1 commute,37.95410156,17.41878128,1.603916168,23.68570137,10.90631485,7.572561741,0,0.858622432,0,0,0,14.55648804,1.495172739,81.71561432,93.17290497
105,1354335134,EndomondoTrip,1,4,0.932997465,0.466498733,0.466498733,0.189940363,1.399496198,0,0,0,52.56915283,0,0,9.101736069,0.466498733,-0.316343337,1 commute,21.81157684,20.02637291,0.377142757,14.85979366,19.40671539,19.14852333,0.366999537,4.002876759,0,0,0,48.05104446,48.05104446,68.44164276,81.28439331
106,1354335134,GoogleTrip,0,4,2.233113766,1.015051723,1.218062043,15.11354256,0.609031022,17.93375397,0,0,0,0,11.57213402,8.817890167,3.248165607,-0.213506341,1 commute,21.41700363,20.9052639,0.458299607,16.44615364,20.32712555,16.2631588,0.510121465,3.672874451,0,0,0,9.856489182,9.856489182,80.28430939,82.93103027
107,1354335134,MapQuestTrip,0,4,1.390968561,0.695484281,0.695484281,0.804180861,1.159140468,0,0,0,0,0,41.00912857,14.46414375,0.231828094,-0.763609588,1 commute,20.82224274,18.12732887,0.377251118,16.62658501,20.39083672,19.55831337,0.369908035,3.727534771,0,0,0,39.09297562,39.09297562,73.1437912,82.35715485
108,1354335134,ShortestPath,0,4,1.402154446,0.701077223,0.701077223,0,1.402154446,0,0,0,3.727979422,0,49.89871979,9.861689568,0.467384815,-0.777605832,1 commute,21.62222099,19.57710075,0.367215186,15.79672718,19.52067757,18.8870697,0.372765034,3.856221914,0,0,0,48.0325737,48.0325737,63.84729767,78.69010162
109,1354376220,EndomondoTrip,1,4,2.164167881,1.082083941,1.082083941,18.52815437,1.442778587,0,0,0,92.20298004,0,0,4.184039116,1.442778587,0.075906098,1 commute,27.52806091,20.22887611,0.244232386,17.29735565,13.43204975,18.17483902,0.919893265,2.174691916,0,0,0,33.14780426,17.56445313,65.25071716,69.59519196
110,1354376220,GoogleTrip,0,4,2.05258131,1.119589686,0.932991445,14.55750751,1.119589686,0,0,0,0,0,0,27.71792603,2.05258131,-0.235144481,1 commute,22.12281609,16.84176064,0.544216692,16.50543022,21.2237072,17.22560883,0.941428006,4.595029831,0,0,0,0.672526896,0.672526896,112.2669907,112.4540024
111,1354376220,MapQuestTrip,0,4,2.544585943,1.484341741,1.060244083,0.808083236,1.272292972,0,0,0,3.40135932,0,9.439165115,26.57639313,0.848195255,-0.559434533,1 commute,21.04311562,15.60955429,0.401328176,16.03454018,22.27244759,20.68065262,0.707182527,3.251180649,0,0,0,10.83359051,10.83359051,91.14002228,91.14002228
112,1354376220,ShortestPath,0,4,1.923861146,1.068811774,0.855049372,0,1.49633646,0,0,0,16.68357849,0,0,24.65620804,1.068811774,-0.580423772,1 commute,21.38284683,16.8874054,0.392236769,15.2615757,21.29200363,20.09916306,0.717402756,3.96736455,0,0,0,27.58175468,27.58175468,82.08937073,90.4937973
113,1356683644,EndomondoTrip,1,4,1.97157824,1.067938209,0.903640032,6.979299545,1.47868371,0.349667668,0,0,24.38117981,7.677457809,36.68379211,26.1224041,6.571927547,-0.117779747,1 commute,26.26392937,23.47704887,0.384054124,11.75411224,20.97704887,15.02288437,0,1.546497703,0.574422896,0,0,43.11552429,42.91750717,43.54135132,50.15497208
114,1356683644,GoogleTrip,0,4,1.671834588,0.835917294,0.835917294,5.133042812,1.588242888,11.92932987,0,0,0.025087785,2.599435568,61.89053345,21.8227253,4.179586411,-0.162857324,1 commute,24.74880981,21.94479752,0.601314664,11.62921715,20.90616417,17.06787872,0.027500167,1.897511601,1.176805973,0,0,67.13450623,66.91114807,48.79851151,74.52883911
115,1356683644,MapQuestTrip,0,4,1.479702234,0.700911582,0.778790593,12.84487152,1.090306878,0,0,0,1.804918528,0,27.26468468,1.957123637,10.20215702,-0.088777162,1 commute,27.53039932,19.61486244,0.532584012,14.57033443,20.62965012,14.88418961,0.035985406,2.201993942,0,0,0,28.45203781,28.34186554,79.68147278,92.27072906
116,1356683644,ShortestPath,0,4,2.460710764,1.054590344,1.40612042,0,0.966707826,0,0,0,1.785468817,14.83467007,3.316076517,45.75105286,13.35814381,-0.109082721,1 commute,22.65447998,14.86606407,2.296303272,7.81563139,29.07084084,20.39387321,0,0.97584939,1.926957965,0,0,24.32007027,22.32185555,68.33969879,71.56865692
117,1356783376,EndomondoTrip,1,4,1.114511132,0.557255566,0.557255566,10.2888279,1.592158794,11.21959019,0,0,82.22762299,0,0,1.899726748,8.756873131,-0.020546138,1 commute,26.21656418,24.3006649,0.606329143,10.87917709,19.45768356,16.25516891,0.097548224,1.533993602,0.652871788,0,0,0.733166397,0.63306582,11.88497066,17.5567627
118,1356783376,GoogleTrip,0,4,1.7183429,0.900084376,0.818258524,7.299419403,1.472865343,13.52093792,0,0,8.944703102,6.543086052,41.00491333,7.45203352,21.11106873,-0.287997693,1 commute,21.09402466,19.58032608,0.569859684,9.004507065,23.77707291,16.5124321,0.050368879,7.136249542,2.275158882,0,0,29.93263054,29.85798073,49.72139359,66.89763641
119,1356783376,MapQuestTrip,0,4,2.093462229,1.088600278,1.004861832,4.848639965,1.088600278,0,0,0,7.448828697,9.811216354,10.01955986,20.83596802,10.80226421,-0.516057909,1 commute,21.05826187,14.43461609,0.746241033,9.701806068,26.54437828,21.40816879,0.147027656,4.328399658,1.631098509,0,0,16.87203598,16.86016655,86.13694,97.24984741
120,1356783376,ShortestPath,0,4,2.633960009,1.141382575,1.492577314,0,0.965785265,0,0,0,10.78364277,14.79442501,2.988675594,36.61310577,19.40350533,-0.387518913,1 commute,21.33880615,13.60687828,2.309468031,8.186185837,30.38648987,18.69067764,0.036764834,3.47356987,1.971160769,0,0,6.814121723,6.814121723,67.43490601,80.09513092
121,1356801140,EndomondoTrip,1,4,0.639915884,0.365666211,0.274249673,12.35189629,3.473829031,0,0,0,53.5918045,8.309118271,25.25611305,0.077055268,397.479187,-0.08221063,1 commute,35.01105881,22.32299995,2.459285736,24.32933617,8.299085617,7.055208206,0,0.523027062,0,0,0,93.03565979,73.04026031,12.36367321,59.84170151
122,1356801140,GoogleTrip,0,4,1.355322599,0.6776613,0.6776613,6.093948841,1.839366317,0,0,0,0,4.09193182,16.84784126,40.16197968,77.05976868,-0.331440181,1 commute,34.83105087,20.96702385,1.326026797,22.9177227,11.74021626,7.770656109,0,0.447301656,0,0,0,44.6372261,41.45750809,81.31176758,91.87599182
123,1356801140,MapQuestTrip,0,4,1.026771784,0.560057342,0.466714442,10.03326988,2.893629551,0,0,0,0,26.81895065,2.567894697,11.54773045,429.2839355,-0.19956401,1 commute,34.17208099,20.28487778,1.108065605,24.207407,11.13645554,8.548204422,0,0.542910695,0,0,0,78.14202118,61.91163635,63.24602127,81.17683411
124,1356801140,ShortestPath,0,4,3.389371634,1.848748207,1.540623546,0,2.054164648,0,0,0,0.770892799,16.75735474,29.21798325,41.86958313,69.22534943,-0.125863999,1 commute,35.67300415,24.1483326,1.218655825,21.6524353,9.327100754,7.527163029,0,0.453308403,0,0,0,48.23187637,32.96334839,56.85464478,83.83701324
125,1360813304,EndomondoTrip,1,4,1.04846096,0.65528816,0.39317289,2.102853298,1.96586442,0,0,0,66.35142517,0,0,7.877887249,249.6647797,-0.166027158,1 commute,30.08541298,22.45407104,1.052000046,17.99188423,11.70251369,8.893321037,0,0.082623318,0,7.738173485,0,52.79197693,52.79197693,37.15927505,51.70934677
126,1360813304,GoogleTrip,0,4,1.105494618,0.859829128,0.245665461,8.939675331,1.228327274,2.415830135,0,0,0.983648479,1.17714107,23.78172493,12.71752739,206.236145,-0.363790512,1 commute,33.02776337,20.28239822,3.320253849,18.07726669,11.26148987,6.958058834,0,0.06892579,0,7.003845215,0,58.26525116,12.79991913,58.51918793,84.79320526
127,1360813304,MapQuestTrip,0,4,0.575775027,0.575775027,0,16.20301056,1.497014999,0.568170488,0,0,2.883871317,22.60996056,0,18.23106956,203.8243561,-0.380572051,1 commute,30.95463753,20.68732071,1.615109801,20.24373817,11.32631397,7.789321423,0,0.173230916,0,7.210328579,0,60.61752701,37.34837341,63.66288376,81.50208282
128,1360813304,ShortestPath,0,4,2.007203579,1.070508599,0.936695039,0,2.141017199,3.045557022,0,0,3.049165964,67.88251495,0,6.631820202,274.3178406,-0.294933319,1 commute,30.53549957,23.62794304,1.499376774,19.00625229,10.92326355,7.314766884,0,0.075210586,0,7.017685413,0,60.78329086,60.78329086,35.05326462,69.72625732
129,1361796214,EndomondoTrip,1,4,1.110975981,0.512758136,0.598217785,1.04415822,1.538274407,0.040601123,0,0,44.29229736,0,0,5.229120255,214.4183502,-0.588708282,1 commute,29.03664589,20.93535423,0.912473321,17.2603817,11.20322132,7.456102848,0,0.184830815,0,13.01099014,0,66.82449341,66.77315521,50.17068863,68.76714325
130,1361796214,GoogleTrip,0,4,0.51561451,0.257807255,0.257807255,0.484393984,1.804650784,0,0,0,0.455474406,45.93193817,0,5.743031025,219.9095917,-0.744576335,1 commute,29.04836082,21.67762375,1.188037395,18.17500305,10.54171562,6.669107914,0,0.179984733,0,12.5201664,0,91.53053284,91.47891235,49.35266495,82.52996826
131,1361796214,MapQuestTrip,0,4,1.162470937,0.415168196,0.747302771,3.996428967,1.494605541,0.559086204,0,0,2.420866489,19.30809975,0.975444973,4.10518074,178.9375,-0.595379353,1 commute,30.69373512,20.03115463,1.320077896,18.55663872,10.34434319,5.894052982,0,0.251379758,0,12.90861702,0,73.80831146,61.282341,63.55533218,86.1149292
132,1361796214,ShortestPath,0,4,0.949872255,0.431760103,0.518112123,0,1.640688419,0,0,0,16.59302711,28.63845634,0,4.511301041,214.4984131,-0.988566756,1 commute,28.63794327,21.77794647,1.122431636,17.4832592,11.07327366,7.169359207,0,0.180489779,0,12.55529881,0,85.18042755,85.1285553,51.16062164,79.50494385
133,1365050428,EndomondoTrip,1,4,2.793452263,1.396726131,1.396726131,3.725942612,0,41.60741425,0,0,6.24002409,1.725793958,0,40.99438095,155.2693939,0.0053736,1 commute,14.40597534,10.10101986,5.023068905,5.978382111,14.90642166,12.11768818,0,0.55253756,0,4.666802883,32.2481041,6.582869053,6.582869053,87.32752991,87.89581299
134,1365050428,GoogleTrip,0,4,1.157496572,0.462998629,0.694497943,4.30321455,1.388995886,1.640374303,0,0,0,50.07391739,2.228930712,2.612189531,177.5599823,-0.441758811,1 commute,27.72193718,18.89115906,2.313521147,5.423259735,19.18618965,13.00519466,0,1.341384053,0,10.62936974,1.487983465,5.037643433,5.037643433,65.32064056,78.66267395
135,1365050428,MapQuestTrip,0,4,0.481460571,0.240730286,0.240730286,0.303633332,1.925842285,4.628755569,0,0,0,90.19396973,2.239797831,2.624925375,187.0474396,-0.830441594,1 commute,24.69215393,23.90156555,2.728194714,5.230778217,21.79048538,17.16734123,0,0.205704749,0,2.752841473,1.530936241,5.238518238,5.238518238,79.5544281,94.92454529
136,1365050428,ShortestPath,0,4,0.724383712,0.482922465,0.241461232,0,1.690228581,4.654937744,0,0,0,89.8263092,1.525132656,2.63977313,186.4080658,-0.821687043,1 commute,24.74931908,23.89215469,2.73702836,5.017409801,21.86768723,17.23081589,0,0.206442535,0,2.762714863,1.53642714,3.552469969,3.552469969,81.38311768,96.07462311
153,1384667146,EndomondoTrip,1,4,2.244229317,1.683172107,0.561057329,2.195552588,4.488458633,7.046597958,0,0,52.91402054,0,0,0,1665.779297,-0.474449575,1 commute,38.44823837,29.52068329,3.578463554,12.69424343,6.487196445,5.379733086,0,0.216677606,0,3.674764633,0,21.25989151,19.77819061,38.66472244,53.77087784
154,1384667146,GoogleTrip,0,4,3.133106709,1.566553354,1.566553354,9.803278923,5.744029045,0,0,0,10.14224815,38.3612175,0,0,1608.850342,-0.462615371,1 commute,37.35391235,32.12322235,2.777212143,13.49106121,5.010791302,2.787392616,0,0.201571852,0,6.254835606,0,18.40716934,16.55667114,49.26158905,77.49880981
155,1384667146,MapQuestTrip,0,4,3.655436039,2.284647703,1.370788574,25.48448753,4.112365723,0,0,0,38.94659805,23.53015709,0,0,1156.945557,-0.392527491,1 commute,35.43823242,22.59890175,4.175109863,11.03017712,4.808587551,2.254595995,0,0.58053565,0,19.11386108,0,15.96818733,15.47237492,30.59203529,51.73791885
156,1384667146,ShortestPath,0,4,2.293502569,1.720126987,0.573375642,0,5.16038084,0,0,0,59.22195053,0,0,0,1841.109253,-0.489030927,1 commute,38.78266907,30.72413635,4.061466217,10.55226135,6.537427902,5.333866119,0,0.219838783,0,3.788332939,0,21.63057709,20.11634445,37.15452957,56.91543961
165,1709740745,EndomondoTrip,1,4,1.925389886,0.998350322,0.927039564,6.435182571,1.069661021,2.604073048,0,0,0,0,1.533401012,29.84635735,2.28194356,-0.494992137,1 commute,25.80320358,16.20291138,0.754150867,16.8867836,22.11707306,17.10336113,0.051060803,1.081456304,0,0,0,48.13527298,27.71174049,71.36779022,92.26428986
166,1709740745,GoogleTrip,0,4,1.114073157,0.557036579,0.557036579,9.005001068,1.253332257,0,0,0,0,11.37157631,5.367843151,13.68503666,2.088886976,-0.582597256,1 commute,26.60865784,19.20491791,0.813477755,14.72167587,20.82626534,15.39803219,0.049913492,2.377059937,0,0,0,64.09072876,50.85341263,46.2457428,81.19602966
167,1709740745,MapQuestTrip,0,4,0.740085781,0.296034306,0.444051474,2.555289507,0.962111533,0,0,0,0,0,9.935241699,48.3612442,1.036120057,-0.421108842,1 commute,27.64818954,15.82386971,0.644639969,16.50077057,21.86685181,16.85298538,0,0.662694633,0,0,0,40.05295181,38.21612167,61.35181046,85.94882202
168,1709740745,ShortestPath,0,4,2.656489849,1.366194844,1.290295124,0,1.062595963,0.762973845,0,0,0,0,39.82836151,26.51004982,3.567286491,-0.191028118,1 commute,29.86109161,17.85487747,0.896635652,16.6150322,18.68409729,15.4925518,0.054545846,0.541168332,0,0,0,42.19623566,37.82940674,59.19669724,82.09142303
169,1747435788,EndomondoTrip,1,4,2.033875465,0.856368661,1.177506924,4.581288338,0.642276466,0,0,0,0,0.264989138,1.323336482,72.66658783,86.38618469,-0.683161318,1 commute,24.37675667,13.74686146,0.398341179,19.9829464,16.94952393,23.80529976,0,0.740268648,0,0,0,10.88258076,2.212950706,98.6725235,98.75566101
170,1747435788,GoogleTrip,0,4,1.65858233,0.725629747,0.932952523,7.996013165,0.725629747,0,0,0,0,4.499005318,8.438472748,77.50288391,35.86684036,-0.342672259,1 commute,25.20505142,14.16652489,0.524516881,19.09025574,16.83811378,21.88352585,0.033223558,2.258786678,0,0,0,11.3384676,9.377845764,86.69486237,93.94551849
171,1747435788,MapQuestTrip,0,4,1.389122486,0.534277916,0.85484463,4.767738819,1.495978117,0,0,0,0,0,16.71047783,46.64929199,242.2415924,-0.370473206,1 commute,23.6306076,15.01649475,0.324736685,20.33770943,16.48210526,23.46995735,0,0.738389373,0,0,0,10.57773781,0.81787473,74.38076019,82.30884552
172,1747435788,ShortestPath,0,4,1.567302465,0.671701014,0.895601392,0,1.11950171,0,0,0,0,41.41373062,0.407868087,34.45619202,43.77251816,-0.103319481,1 commute,27.37179947,18.17688751,0.564847648,18.22709656,13.88225174,21.31672287,0.087865189,0.37253046,0,0,0,20.11944771,1.505682588,61.50937653,69.48516083
173,1761937865,EndomondoTrip,1,4,1.571988583,0.698661566,0.873326957,8.949605942,1.047992349,50.85270691,0,0,14.98501396,0.143657431,0.241435274,16.31301308,223.2223816,-0.48518008,1 commute,26.11471367,22.79501152,0.311857224,15.62054348,13.65479183,21.31071091,0,0.050107397,0,0.142262965,0,13.59327888,13.32507038,42.76328659,45.99334717
174,1761937865,GoogleTrip,0,4,1.528469086,0.764234543,0.764234543,12.05168724,0.679319561,55.08962631,0,0,5.305982113,0.145297825,3.120177269,21.86896515,183.6710358,-0.541615129,1 commute,26.45656013,22.07171822,0.400294334,15.52426624,13.61341476,19.52414322,0,0.101862133,0,2.307739496,0,4.170969486,3.910186529,48.91995621,49.2176857
175,1761937865,MapQuestTrip,0,4,0.869820356,0.347928137,0.52189225,9.388828278,2.696443081,0,0,0,3.833501816,33.59691238,13.76152611,11.54389477,660.9765015,-0.181625739,1 commute,32.51696014,19.00493431,0.596062303,25.92260551,9.723592758,11.94949722,0,0.149625942,0,0.136721134,0,71.65349579,64.22431946,47.60503006,67.00530243
176,1761937865,ShortestPath,0,4,0.761189044,0.285445899,0.475743145,0,2.759310246,0,0,0,6.338493824,5.994832516,68.36125946,5.093254089,441.2993469,-0.230972245,1 commute,32.18625641,20.4992485,0.458098561,23.3948555,8.687580109,14.49319267,0,0.132238552,0,0.148531541,0,79.93692017,79.85140228,28.28736687,58.04288864
177,1781244163,EndomondoTrip,1,4,1.457860112,0.485953391,0.971906781,0.457836419,1.619844556,0,0,0,0,0,0,46.26616669,112.5792007,-0.332936436,1 commute,26.53552628,15.39164829,0.467467248,22.00701904,14.18177128,21.25366211,0,0.162905246,0,0,0,6.787417889,0.704457164,97.9280777,97.9280777
178,1781244163,GoogleTrip,0,4,1.193814397,0.596907198,0.596907198,9.046149254,0.298453599,0,0,0,0,14.20361805,0,53.49474335,39.54510117,-0.133509994,1 commute,25.1968174,13.85002041,0.287576586,17.8713398,14.81791782,27.72618484,0,0.250144094,0,0,0,15.52875137,15.38958836,82.80307007,91.32990265
179,1781244163,MapQuestTrip,0,4,0.941382289,0.627588212,0.313794106,3.715197563,2.353455782,0,0,0,0,0,3.860903263,14.52073288,189.3747406,-0.703670084,1 commute,25.28649139,21.99986267,0.434482187,23.95067596,12.39768219,15.77332211,0,0.157484233,0,0,0,59.46137238,19.06248283,96.052742,98.20064545
180,1781244163,ShortestPath,0,4,1.301808715,0.813630402,0.488178253,0,2.278165102,0,0,0,0.200925454,0,1.149602413,17.90712929,196.0849304,-0.745808959,1 commute,24.6806469,21.20914268,0.460927814,23.77560043,12.60472679,17.10540009,0,0.163555026,0,0,0,54.41671371,16.72387314,96.70146179,96.70146179
185,1804042088,EndomondoTrip,1,4,3.260957956,1.686702371,1.574255586,3.261749029,1.124468207,24.61854362,0,0,0,0,0.765915871,39.09399414,5.959681511,-0.133999065,1 commute,31.13719368,15.82990932,0.4785797,17.47723961,21.77174377,12.06665611,0,1.238676906,0,0,0,27.26501465,1.210984468,74.47375488,81.27643585
186,1804042088,GoogleTrip,0,4,0.427548498,0.213774249,0.213774249,8.632876396,1.389532566,0,0,0,0,45.68693924,45.36080551,8.484458923,9.406066895,-0.027966714,1 commute,28.94834518,31.1602459,0.661949396,11.03903008,14.59487629,6.787540913,0.012795414,6.795217991,0,0,0,94.29167175,93.93359375,20.84791374,67.06899261
187,1804042088,MapQuestTrip,0,4,1.233076572,0.448391467,0.784685075,3.583199024,0.896782935,0,0,0,0,0,0.760287106,22.26305962,3.138740301,-0.199050054,1 commute,27.39768982,12.61484718,0.647891104,16.26578331,24.56299782,17.74335098,0,0.767439783,0,0,0,1.546033382,1.322841167,95.5711441,96.33055115
188,1804042088,ShortestPath,0,4,3.135092974,1.509489298,1.625603795,0,0.812801898,0,0,0,0,1.782663941,2.202145576,42.50269699,2.902863979,-0.275986403,1 commute,26.87792778,12.31302643,0.711167693,17.75813675,23.78715515,17.83627319,0,0.716314256,0,0,0,10.27055168,4.400331497,93.53868866,94.32530212
193,651073276,EndomondoTrip,1,4,1.186856508,0.890142381,0.296714127,21.1127243,0.890142381,0,0,0,44.65958023,0,0.25108394,55.08933258,30.56155586,-0.001843906,1 commute,11.89140606,8.665787697,0.733519137,6.19118166,20.08023262,52.35041046,0.037317351,0.050145186,0,0,0,2.889684439,2.740219355,59.04761505,64.22720337
194,651073276,GoogleTrip,0,4,1.021628857,0.681085885,0.340542942,5.525181293,1.021628857,51.14934158,0,0,0,0,19.21800232,0.292358667,4.086515427,-0.646796048,1 commute,15.40083504,10.41491508,0.480442017,6.864982605,19.37248993,47.32754135,0,0.138794363,0,0,0,97.23667908,76.41668701,27.27028084,42.33346939
195,651073276,MapQuestTrip,0,4,1.021628857,0.681085885,0.340542942,5.525181293,1.021628857,51.14934158,0,0,0,0,19.21800232,0.292358667,4.086515427,-0.646796048,1 commute,15.40083504,10.41491508,0.480442017,6.864982605,19.37248993,47.32754135,0,0.138794363,0,0,0,97.23667908,76.41668701,27.27028084,42.33346939
196,651073276,ShortestPath,0,4,3.59358573,1.796792865,1.796792865,0,0.359358579,0,0,0,0,0,4.207222939,69.53637695,1.078075647,0.022093432,1 commute,14.63654232,10.14635086,0.4441787,13.27838039,22.2929306,37.91463852,0.019931095,1.26704824,0,0,0,15.37501431,4.979493141,90.26054382,92.16425323
201,651441499,EndomondoTrip,1,4,1.223858118,0.24477163,0.979086518,6.5998559,3.426802874,0,0,0,0,29.5071907,29.95414543,34.9442749,732.3566895,-0.425520658,1 commute,28.30404854,23.49815941,0.273900747,18.86224365,11.13377476,9.81380558,0,0.677952945,0,7.436114311,0,60.73898697,53.59379578,48.94340134,80.64365387
202,651441499,GoogleTrip,0,4,1.017943859,0.50897193,0.50897193,2.530681372,2.799345732,0,0,0,0,38.20755386,9.657017708,49.5623436,811.3012695,-0.306770295,1 commute,28.59469795,20.67183495,0.33481133,21.1373539,13.98666763,9.382761002,0,0.34587115,0,5.546003819,0,31.29343605,31.29343605,69.93788147,83.45326233
203,651441499,MapQuestTrip,0,4,2.314791679,0.841742456,1.473049283,23.99336815,1.473049283,0.043962985,0,0,71.14720154,1.876526833,0.205142558,6.237833977,1108.785278,-0.028693469,1 commute,21.55599594,6.86493969,1.197840095,13.81788063,6.869211674,7.769727707,0,0.169167146,0,1.394347429,40.36088943,19.82757378,16.88868904,87.01719666,94.75076294
204,651441499,ShortestPath,0,4,1.304630995,0.521852434,0.782778621,0,3.131114483,0,0,0,0,28.71665573,67.73444366,0,809.1321411,-0.511294842,1 commute,27.25403976,24.40911484,0.218999222,16.15119171,12.81145382,11.32701111,0,0.464856833,0,7.363332272,0,79.85972595,79.72280121,68.39933777,107.9234314
205,651444727,EndomondoTrip,1,4,1.534708142,0.920824885,0.613883257,13.95177841,0.383677036,26.45727158,0,0,0,0,1.080599546,51.07562637,22.17653275,-0.241213605,1 commute,14.12185764,8.357550621,0.527481198,8.786515236,22.0031929,44.72750473,0.009882552,0.162135616,1.303879261,0,0,18.13585854,16.31068993,69.73905182,73.36529541
206,651444727,GoogleTrip,0,4,0.434756756,0.260854065,0.173902705,0.563540161,0.521708131,0,0,0,0,0,61.75714493,17.07522011,17.04246521,-0.870931745,1 commute,13.4034729,8.968212128,0.437532902,7.175817013,21.26520729,46.48830414,0.053002801,0.368941039,1.839508891,0,0,63.66133881,62.34065247,35.73180771,50.64730453
207,651444727,MapQuestTrip,0,4,0.43649447,0.2618967,0.174597785,0.163190782,0.611092269,0,0,0,0,0,58.13998413,15.74309921,18.07087135,-1.012450218,1 commute,13.98104858,9.057463646,0.440928459,7.949578285,20.91245842,45.50638962,0.035816744,0.269842654,1.846474886,0,0,60.47605133,58.51699448,37.73557663,50.21279144
208,651444727,ShortestPath,0,4,0.87441361,0.52464813,0.34976545,0,0.786972225,0,0,0,0,0,67.29854584,24.22082901,4.284626484,-0.659100652,1 commute,14.41831589,8.962114334,0.495510757,7.880714417,21.41060066,46.38468933,0.037686732,0.320686191,0.089680463,0,0,69.82850647,67.86624908,34.96023941,50.61237717
221,651992804,EndomondoTrip,1,4,0.996858418,0.398743361,0.598115087,0.114972338,0.398743361,62.11166382,0,0,25.98645973,0,0,11.45619678,6.978009224,-0.782873333,1 commute,24.76065636,24.41546249,0.425763845,8.115580559,25.32070541,16.45944595,0.110588014,0.391797543,0,0,0,1.144649863,0.849977911,23.39123917,33.12667084
222,651992804,GoogleTrip,0,4,0.997412503,0.598447502,0.398965001,0.059359744,0.398965001,62.40532303,0,0,0,25.89294052,0,11.43795967,6.383440018,-1.015854597,1 commute,25.10598183,24.61060905,0.443770528,7.988663673,25.22029686,16.11307907,0.111141101,0.406458884,0,0,0,7.001079559,6.706243992,24.50544739,34.7235527
223,651992804,MapQuestTrip,0,4,0.997308552,0.398923397,0.598385096,0.069789335,1.595693588,0,0,0,0,26.06285477,0,11.45753956,10.17254734,-0.245161116,1 commute,23.70361519,28.8717823,0.296068221,6.340596676,24.35417747,15.94741821,0.104216009,0.382125378,0,0,0,7.099094391,7.014539242,76.93313599,87.19837189
224,651992804,ShortestPath,0,4,1.397206306,0.798403621,0.598802745,0,0.39920181,62.18798065,0,0,11.83987045,14.15119839,0,11.44571495,6.986032009,-1.018278837,1 commute,24.86047363,24.57187843,0.449984908,8.428073883,24.93918037,16.23205185,0.111303687,0.407053471,0,0,0,1.145965934,0.850955188,23.49872017,33.24534225
225,652014143,EndomondoTrip,1,4,3.063710213,1.531855106,1.531855106,29.67045593,0.382963777,0.586597562,0,0,86.09722137,0,0,0.173565969,2399.842529,-0.510652483,1 commute,21.38412094,5.028084755,11.32872868,8.320579529,11.4988699,10.71653271,0,0.29988268,0,6.243153572,25.18004608,0.105231114,0.105231114,105.6049347,105.6049347
226,652014143,GoogleTrip,0,4,2.107826471,1.171014667,0.936811745,6.017222404,0.702608824,0.161371604,0,0,66.36254883,0,0,0,3791.979736,-0.477476001,1 commute,19.31953239,6.017282963,4.1232481,15.05116653,10.16861916,11.46907139,0,0.237807676,0,0.562686682,33.0505867,0,0,100.3199844,100.3199844
227,652014143,MapQuestTrip,0,4,2.552522182,0.928189933,1.624332309,7.002000332,0,0,0,0,100,0,0,0,2784.801758,-0.792066395,1 commute,14.95555019,2.244082689,13.36790562,6.62252903,10.51896191,10.77497292,0,0.238193482,0,0.501706719,40.77609634,0,0,98.03333282,98.03333282
228,652014143,ShortestPath,0,4,1.241477251,0.744886339,0.496590883,0,0,1.587121129,0,0,98.41287994,0,0,0,1815.536255,-0.055559184,1 commute,2.339393616,0,2.835152864,0.884512663,2.758579969,1.385180235,0,0.081481189,0,0.732349038,88.98335266,0,0,8.468767166,8.468767166
229,652117103,EndomondoTrip,1,4,2.786614895,1.857743263,0.928871632,15.34886169,3.947704554,0,0,0,0.217154264,65.42733765,0,28.93957901,189.4898071,-0.592212081,1 commute,38.21719742,22.67847061,0.211575404,24.88052559,6.956005096,4.639811516,0,0.233846501,0,2.182567358,0,55.31575775,47.53746033,65.14035797,90.78720856
230,652117103,GoogleTrip,0,4,1.794545054,1.121590614,0.672954381,19.41108704,3.140453815,10.97335148,0,0,19.52672005,39.04809189,0,21.41366005,159.0415497,-0.480396658,1 commute,35.42823792,16.32771873,0.532162666,18.91775703,6.417308807,4.518007755,0,0.447052509,0,3.0236516,14.38810253,41.20882797,26.56041718,78.67214203,94.27390289
231,652117103,MapQuestTrip,0,4,2.675390959,1.216086745,1.459304094,10.13223934,2.188956261,39.75984573,0,0,9.518781662,29.27705765,0,12.32216644,104.3402405,-0.345430791,1 commute,32.41250229,12.17904758,0.754029632,17.62177086,7.06143856,4.119743824,0,0.372118533,0,1.789106727,23.69024086,23.11228371,3.046401978,51.55669022,61.27609634
232,652117103,ShortestPath,0,4,1.875025034,1.339303613,0.535721421,0,3.750050068,0,0,0,0,73.5933609,0,15.71304417,122.9480667,-0.872121096,1 commute,37.41278458,24.41723442,0.28567484,22.75628471,7.951106071,4.900013924,0,0.201777771,0,2.075124979,0,56.04288864,39.17115021,58.6817131,88.30834198
241,652569335,EndomondoTrip,1,4,1.243173838,0.765030086,0.478143811,9.540044785,2.868862867,0,0,0,0,22.42470741,56.05944824,21.51584625,534.8516235,-0.631802678,1 commute,29.36572647,18.53770638,0.217104137,23.84890747,14.00379086,10.36164856,0,0.274539083,0,3.390576839,0,47.74491882,33.78093719,81.71315765,105.2868652
242,652569335,GoogleTrip,0,4,1.326425314,0.663212657,0.663212657,10.56220341,1.894893289,0,0,0,12.34197521,28.3663559,32.92118454,26.37048531,282.0548706,-0.45488894,1 commute,27.9765892,15.73405075,0.510739625,20.70948219,13.97593498,11.92194748,0,0.250235796,0,2.499695778,6.421324253,38.57117844,26.40861702,102.8443375,114.4093704
243,652569335,MapQuestTrip,0,4,1.940254927,0.58207649,1.358178496,7.977341652,1.552204013,17.7160759,0,0,40.55948639,30.208395,0,5.308327675,649.3063354,-0.276048362,1 commute,26.89120293,10.49703789,1.11375761,15.83905792,7.604968548,5.93925333,0,0.244483382,0,2.139328003,29.73091125,25.85826492,17.85453415,77.90673065,85.70707703
244,652569335,ShortestPath,0,4,1.047517896,0.628510714,0.419007152,0,3.980567932,0,0,0,0,45.1545639,30.96016312,18.76812553,848.9084473,-0.394239277,1 commute,32.76959229,22.68467712,0.158695593,25.18193436,8.222441673,5.99861002,0,0.209779665,0,4.774267197,0,68.12483978,61.47960281,58.6967926,94.88369751
249,653007746,EndomondoTrip,1,4,2.144649029,1.128762722,1.015886426,4.565290451,3.499164343,0,0,0,1.327937484,45.07352448,22.85346031,14.81310463,506.9273071,-0.3671875,1 commute,31.96851921,24.69465256,0.16975078,21.526577,9.530552864,7.410937786,0,0.269604176,0,4.429405689,0,53.26574707,43.53836441,72.51503754,100.3359222
250,653007746,GoogleTrip,0,4,1.064499617,0.532249808,0.532249808,10.87782478,1.596749306,0,0,0,2.428603649,17.82426262,31.79018021,47.35052109,363.3136902,-0.107005328,1 commute,30.71366692,16.53022957,0.452141613,22.70466805,15.6988163,11.57883072,0,0.261654049,0,2.059993029,0,19.53071976,5.865526199,101.534996,106.9738998
251,653007746,MapQuestTrip,0,4,2.355175257,0.749373972,1.605801344,10.2528019,1.498747945,19.37096214,0,0,45.6078186,19.13108635,0.124734238,8.977813721,772.6045532,-0.198786065,1 commute,26.29309654,9.274889946,1.212440968,15.32445145,6.788971424,5.542524815,0,0.270739228,0,2.369077206,32.92380905,14.50509453,5.672988415,77.49008942,83.89656067
252,653007746,ShortestPath,0,4,1.180293918,0.708176374,0.472117573,0,4.603146553,0,0,0,1.381455183,50.49768829,33.66132355,6.332612991,884.2762451,-0.281638265,1 commute,34.08970642,24.60929298,0.139369205,24.97307014,5.975395203,4.589735031,0,0.236691415,0,5.386737823,0,77.90545654,70.41791534,52.64032745,94.6337738
253,653927802,EndomondoTrip,1,4,1.753655314,0.803758681,0.949896634,20.1212883,1.753655314,13.27043629,0,0,14.37218761,13.94825077,23.59274864,32.71971893,389.1653442,-0.117336154,1 commute,29.63973045,14.94648838,0.594447494,20.30094337,17.06513023,11.04037189,0,0.440080047,0,5.950377941,0.022431981,27.3032074,10.37316895,87.22026825,95.58983612
254,653927802,GoogleTrip,0,4,1.461792588,0.568474889,0.893317699,8.078602791,1.543003321,0.519676447,0,0,23.52332497,13.59039879,28.05066299,22.3116188,1334.941528,-0.364083976,1 commute,26.12037849,13.09721565,1.679298282,18.67183113,13.8859129,12.4228754,0,0.271636724,0,2.414585114,11.4362669,22.3207531,11.89557266,103.8993835,112.0251389
255,653927802,MapQuestTrip,0,4,2.156998396,0.829614699,1.327383518,5.797775269,0.912576199,15.53378105,0,0,59.96141052,13.27061081,0,5.956468582,1322.073975,-0.25052911,1 commute,23.64543152,7.012658119,5.576628208,11.39451218,8.555612564,7.059352875,0,0.267986745,0,2.302249908,34.18556595,9.521772385,4.29627943,83.2359314,87.56445313
256,653927802,ShortestPath,0,4,1.404342294,0.789942503,0.614399731,0,4.300798416,0.587182522,0,0,7.215973377,38.02381516,41.99549103,5.668117046,1277.249268,-0.181035355,1 commute,31.90060043,21.86525154,0.291874677,26.98837471,6.148732662,4.556624889,0,0.217233628,0,4.299606323,3.731700659,73.04967499,67.48164368,64.90026093,95.22122192
261,657563586,EndomondoTrip,1,4,1.565641165,0.626256466,0.939384699,7.381408215,0.626256466,48.85691452,0,0,2.480917215,0,0,0,7.515077591,-0.465458602,1 commute,22.87567139,12.73791409,1.8437922,5.670249939,31.87268257,9.838932037,5.382583618,9.7781744,0,0,0,3.849879742,0.74071604,45.42456055,46.08543015
262,657563586,GoogleTrip,0,4,1.441622257,0.576648891,0.864973366,16.61913872,0.576648891,85.93915558,0,0,9.480584145,0,0,0,8.938057899,-0.416142195,1 commute,25.13345718,12.76485634,3.334666014,8.70587635,27.91195297,9.407850266,3.895538807,8.845801353,0,0,0,3.165465832,0.676800132,0.47986865,0.47986865
263,657563586,MapQuestTrip,0,4,1.327098966,0.663549483,0.663549483,1.346318722,0.663549483,0,0,0,0,13.18420219,0,0,1.658873796,-0.415199667,1 commute,27.26644516,16.2161808,1.195645094,11.79477119,16.92157173,12.65010738,8.241736412,5.713540554,0,0,0,62.099823,37.90018463,83.90798187,94.64012909
264,657563586,ShortestPath,0,4,4.371139526,2.353690386,2.017448902,0,0.672483027,25.15586472,0,0,0,16.58090973,0,0,7.397313118,-0.418777287,1 commute,29.22009659,16.45249939,3.278274536,11.34174061,16.79268646,13.07057571,6.371839046,3.472286701,0,0,0,42.01663208,17.49118614,55.89989853,66.77653503
269,657957481,EndomondoTrip,1,4,2.0917418,0.976146221,1.115595698,15.45504475,0.278898925,39.31999588,0,0,4.78997612,0,0,0.349176705,75.86050415,-0.1666466,1 commute,17.80932617,10.63983631,4.331295967,5.573570251,19.54195786,25.04152298,3.812127829,1.33661747,0,6.334527016,5.579219818,2.152314901,0.147995293,44.64156342,56.51657104
270,657957481,GoogleTrip,0,4,0.620965362,0.310482681,0.310482681,3.710414886,0.776206672,0,0,0,0,0,84.62452698,14.20147991,419.1516113,-0.638397992,1 commute,15.89098263,20.76131058,0.658587635,5.600783348,21.36537743,26.86950874,1.646778941,0.575567186,0,6.631103992,0,44.07854843,44.0504303,84.11287689,90.89456177
271,657957481,MapQuestTrip,0,4,0.16099149,0.16099149,0,0.006173942,0.32198298,0,0,0,0,0,72.62371826,0.20613502,130.5641022,-1.093723655,1 commute,16.41736412,18.84709549,0.894792855,5.41173315,22.26270294,26.83480644,1.704917192,0.61897856,0,7.00760746,0,32.77486038,30.46091652,80.63874054,95.92058563
272,657957481,ShortestPath,0,4,0.161001429,0.161001429,0,0,0.322002858,0,0,0,0,0,72.62371826,0.20613502,130.5721588,-1.093661904,1 commute,16.41477966,18.84726334,0.894861758,5.412149429,22.26185036,26.8368721,1.705048442,0.619026244,0,7.008146763,0,32.77688599,30.46279716,80.64372253,95.92651367
273,657987692,EndomondoTrip,1,4,0.801025748,0.100128219,0.700897515,4.914521217,3.804872274,0.657216012,0,0,0,62.33668518,26.6772728,9.626833916,781.000061,-0.997281134,1 commute,29.74421501,22.45258141,0.173304662,19.99261856,8.030585289,5.319490433,0,0.245514944,0,14.04168987,0,59.95738983,55.28522491,49.60057068,82.65100098
274,657987692,GoogleTrip,0,4,1.48860085,0.694680393,0.793920457,5.853466988,3.175681829,0,0,0,18.69381142,62.62348175,10.69637775,7.292824745,649.8238525,-1.010468841,1 commute,28.01957893,19.83865738,0.43900758,18.34899521,7.907343864,5.695482731,0,0.245139271,0,12.48327732,7.022519112,44.73225021,40.14627838,54.02444839,82.74910736
275,657987692,MapQuestTrip,0,4,1.748936534,1.068794489,0.680141985,8.11614418,2.429078341,1.054378033,0,0,38.9638176,56.15158844,0,3.151397943,747.0873413,-0.662279665,1 commute,26.29347801,15.37077141,0.946345925,15.77124023,8.616436005,6.270038128,0,0.174807817,0,6.055898666,20.50098419,32.83196259,26.44584084,69.03723907,87.54863739
276,657987692,ShortestPath,0,4,0.735343277,0.105049036,0.630294204,0,3.991863489,0.689691186,0,0,3.03334856,66.52220917,24.93006134,4.088012695,815.600708,-1.108906507,1 commute,29.27923584,23.0503521,0.181313768,19.18484306,7.92450285,5.203117371,0,0.257280886,0,14.91935349,0,60.8957634,55.99398041,46.28041077,78.77394867
289,659430819,EndomondoTrip,1,4,2.741309166,1.246049643,1.495259523,15.0431385,0.498419851,1.514055729,0,0,1.892444253,0,0,88.49188232,48.34672546,-0.04108173,1 commute,24.59083366,15.38024235,0.294220328,22.40462685,14.76686764,22.53328705,0,0.02992071,0,0,0,6.125518322,6.125518322,93.01985168,95.51815796
290,659430819,GoogleTrip,0,4,2.318549395,1.288083076,1.030466437,11.28898621,0.772849858,11.2799778,0,0,0,0.585579276,23.44672775,57.80461884,140.6586761,-0.108211361,1 commute,28.94774437,20.81640244,0.268526256,25.30579376,10.4970293,14.14408493,0,0.02042025,0,0,0,25.40973473,25.37817383,65.38725281,75.93562317
291,659430819,MapQuestTrip,0,4,0.573397815,0.286698908,0.286698908,0,1.720193505,0,0,0,0,0,39.39753723,7.070823193,95.47074127,-0.730424523,1 commute,22.5020237,19.04285431,0.231585577,21.418293,11.33532715,25.36648941,0,0.103426568,0,0,0,69.92097473,40.27180481,62.10139465,97.2730484
292,659430819,ShortestPath,0,4,0.573397815,0.286698908,0.286698908,0,1.720193505,0,0,0,0,0,39.39753723,7.070823193,95.47074127,-0.730424523,1 commute,22.5020237,19.04285431,0.231585577,21.418293,11.33532715,25.36648941,0,0.103426568,0,0,0,69.92097473,40.27180481,62.10139465,97.2730484
301,662888959,EndomondoTrip,1,4,2.372403622,1.186201811,1.186201811,1.056510568,1.186201811,46.7673378,0.418714166,0,20.06505013,0,0,0.131624267,0.593100905,-0.165294036,1 commute,27.7598381,17.88104248,0.380223691,16.75090027,15.13524246,13.55117226,0.091253683,8.450325012,0,0,0,2.259512663,0,49.26927185,49.26927185
302,662888959,GoogleTrip,0,4,0.549223363,0.549223363,0,9.129927635,2.196893454,0,43.40670776,0,0,54.95542145,0,0,1.922281742,-7.02E-05,1 commute,29.75600243,18.12859726,1.727098942,13.99068928,17.80888557,17.54641724,0.08532884,0.956979156,0,0,0,44.29038239,44.24647903,41.57659531,47.6291008
303,662888959,MapQuestTrip,0,4,0.599309146,0.299654573,0.299654573,0.009667521,1.498272777,0,0,0,0,0,0,0,5.993091106,-0.771408558,1 commute,27.89571381,18.31817055,0.354985058,15.48181629,16.63610458,12.46914482,0.116369277,8.727695465,0,0,0,49.99599838,0.300381869,120.2272568,120.2272568
304,662888959,ShortestPath,0,4,0.599367082,0.299683541,0.299683541,0,1.498417616,0,0,0,0,0,0,0,5.993670464,-0.771311879,1 commute,27.89598656,18.31754112,0.355018467,15.4832716,16.63414383,12.47031689,0.116380222,8.727340698,0,0,0,50.0008316,0.300410897,120.2388763,120.2388763
309,657962010,EndomondoTrip,1,4,1.783388972,0.594462991,1.188925982,0,0,0,0,0,93.67619324,0,0,6.323810577,0,-0.705540299,1 commute,16.44168472,11.26211834,0.394197047,13.2560215,20.47074509,38.17523575,0,0,0,0,0,0,0,35.87287521,35.87287521
310,657962010,GoogleTrip,0,4,1.745116711,0.58170557,1.16341114,2.193104029,0,0,0,0,0,0,0,87.95794678,0,-0.490275323,1 commute,15.666008,10.81925201,0.38648212,12.28878307,21.46323967,39.37623596,0,0,0,0,0,0,0,91.52811432,91.52811432
311,657962010,MapQuestTrip,0,4,2.118922234,1.271353364,0.84756887,40.27485275,0,0,0,0,0,0,0,91.46787262,1.271353364,-0.290705115,1 commute,16.86644936,9.67757988,0.376876086,11.7412672,26.30661392,35.03121185,0,0,0,0,0,0,0,97.46311951,97.46311951
312,657962010,ShortestPath,0,4,1.783388972,0.594462991,1.188925982,0,0,0,0,0,93.67619324,0,0,6.323810577,0,-0.705540299,1 commute,16.44168472,11.26211834,0.394197047,13.2560215,20.47074509,38.17523575,0,0,0,0,0,0,0,91.52811432,91.52811432
313,656383197,EndomondoTrip,1,4,2.752285719,1.548160672,1.204124928,22.24579048,4.472464085,13.23501968,0,1.681533098,2.465959072,9.793375015,44.16569138,15.07732391,554.069519,-0.107503027,1 commute,33.54495621,23.39528465,4.070599079,26.33921242,6.442249298,4.969597816,0,0.026137676,0,1.211962819,0,58.5031929,35.27771378,44.11005402,75.25778961
314,656383197,GoogleTrip,0,4,0.841116726,0.63083756,0.210279182,0.002567863,6.098096371,0,1.849408031,0,0,88.93058014,6.3584795,1.93407321,964.340332,-1.111115456,1 commute,34.40247726,31.71242905,2.609361172,20.08135033,6.394057751,4.653929234,0,0,0,0.146397054,0,93.24518585,92.59379578,9.928956985,51.91126633
315,656383197,MapQuestTrip,0,4,0.841116726,0.63083756,0.210279182,0.002567863,6.098096371,0,1.849408031,0,0,88.93058014,6.3584795,1.93407321,964.340332,-1.111115456,1 commute,34.40247726,31.71242905,2.609361172,20.08135033,6.394057751,4.653929234,0,0,0,0.146397054,0,93.24518585,92.59379578,9.928956985,51.91126633
316,656383197,ShortestPath,0,4,0.841138363,0.630853772,0.210284591,0,6.098252773,0,1.849408031,0,0,88.93058014,6.3584795,1.93407321,964.3651123,-1.111089826,1 commute,34.40304947,31.71295738,2.609404564,20.0800209,6.394164085,4.654006481,0,0,0,0.146399483,0,93.14175415,92.49108887,9.917943954,51.85368347
321,652001285,EndomondoTrip,1,4,2.143293619,1.386837125,0.756456614,58.04468536,0.504304409,0,35.2418251,0,0,0,0,31.69119644,0.378228307,-0.081724808,1 commute,19.42888641,14.85714531,0.743084788,13.7379694,26.63074303,18.09739876,1.095418096,5.402276993,0.007076998,0,0,0.430155843,0.430155843,100.00914,100.00914
322,652001285,GoogleTrip,0,4,0.597764492,0.398509681,0.199254841,0.000870001,0.996274173,0,18.45122528,0,0,0,46.77013779,0,2.590312958,-1.124418497,1 commute,24.77414703,19.95305634,0.740373194,14.22855473,22.11746788,15.90699673,0.412718654,1.866685629,0,0,0,77.75656128,48.82736969,54.34240341,70.83187103
323,652001285,MapQuestTrip,0,4,0.59715718,0.199052379,0.398104757,0.102579005,0.995261908,0,18.28846359,0,0,0,46.35756683,0.882125378,2.587681055,-1.097829223,1 commute,24.72659683,19.95885086,0.738308132,14.20352936,22.17219353,15.91121292,0.414655387,1.874653816,0,0,0,77.64472198,48.75714111,54.26424408,70.7299881
324,652001285,ShortestPath,0,4,0.597769737,0.199256569,0.398513138,0,0.996282876,0,18.45122528,0,0,0,46.77013779,0,2.590335369,-1.124409795,1 commute,24.77375031,19.95337105,0.740384817,14.22877884,22.11702728,15.90724754,0.41272518,1.866714954,0,0,0,77.72436523,48.80715561,54.31990814,70.80254364
325,1821259519,EndomondoTrip,1,4,2.686956167,1.511412859,1.175543308,14.242836,0.839673758,29.21165848,0.300160259,0,0,0,1.454717278,52.10513687,3.694564581,-0.069216475,1 commute,19.76326752,13.05855751,0.575361609,12.45631027,17.32806396,35.88750839,0.33876431,0.592165411,0,0,0,3.449158192,3.449158192,69.85329437,72.57494354
326,1821259519,GoogleTrip,0,4,0.759551823,0.569663882,0.189887956,1.035067201,1.519103646,0,0,0,0,0,65.93534851,5.504991531,3.228095293,-0.829370558,1 commute,22.51543808,16.25310516,0.634787261,12.37835121,19.44279861,28.43036461,0.054024447,0.291131735,0,0,0,35.88623047,32.07338715,31.11159325,50.99930573
327,1821259519,MapQuestTrip,0,4,0.19184798,0.19184798,0,0.002837784,1.53478384,0,0,0,0,0,66.73265076,0,4.412503719,-1.014734268,1 commute,24.60025406,17.54640961,0.645801187,11.21710396,19.84267616,25.79949188,0.054510765,0.293752462,0,0,0,47.81705856,40.72135544,29.7536602,51.08769226
328,1821259519,ShortestPath,0,4,0.191853434,0.191853434,0,0,1.534827471,0,0,0,0,0,66.73265076,0,4.412628651,-1.014705896,1 commute,24.60005569,17.54680824,0.645815849,11.21735859,19.8431263,25.798563,0.054512005,0.293759137,0,0,0,47.76501465,40.67703629,29.97670555,51.28751755
329,1378277498,EndomondoTrip,1,4,3.165344954,1.217440367,1.947904587,17.79483032,3.895809174,0,9.376493454,0,0,2.521537066,19.76756096,30.31777382,207.4518433,-0.258431911,1 commute,34.00590897,23.88921165,6.160294533,19.58751106,9.226401329,4.112410069,0,1.9813205,0,1.036943078,0,40.13069916,30.25720787,54.20363998,78.26533508
330,1378277498,GoogleTrip,0,4,1.123929977,0.280982494,0.842947483,2.076241016,4.214737415,0,31.82448959,10.79272652,0,22.98063469,9.507918358,0,354.3189392,-0.160439074,1 commute,35.19916916,26.78082466,5.684728622,13.67580795,12.1378727,3.847597599,0,1.589825153,0,1.084172368,0,97.77391052,35.12853622,33.7240181,84.0276947
331,1378277498,MapQuestTrip,0,4,2.356057882,0.785352647,1.570705295,9.562129974,4.450331688,1.144178748,23.22307205,0,5.406699657,22.1956768,8.029091835,10.20538998,657.0783691,-0.151047185,1 commute,35.14368439,24.29733658,5.166179657,19.06493759,8.803002357,4.058315277,0,1.43896234,0,2.027580976,0,45.57266617,36.61859131,60.66075134,78.25468445
332,1378277498,ShortestPath,0,4,3.728612661,1.720898151,2.00771451,0,4.589061737,0,10.37280846,0,3.52593565,23.65904808,7.033044338,30.55575752,364.8304138,-0.141257137,1 commute,38.84819031,26.83600426,3.665160418,12.64548779,9.90574646,5.405313015,0,1.357889414,0,1.33620882,0,37.7361412,20.771101,47.15827942,85.91259766
333,1373514094,EndomondoTrip,1,4,3.298402309,1.319360852,1.979041338,6.964857578,2.308881521,34.14613724,0,0,32.08080673,0,0,2.589062452,31.3348217,-0.404542595,1 commute,36.69739532,27.75183678,0.288998008,14.57433033,10.38252068,8.675292015,0,1.629627705,0,0,0,1.333255649,0.391625792,30.65264702,35.29272461
334,1373514094,GoogleTrip,0,4,2.322435141,0.66355288,1.658882141,6.340621948,2.322435141,34.0675621,0,13.11010265,0,14.78515339,0,3.035749197,29.52810287,-0.573354602,1 commute,34.08124542,29.41002846,0.337969244,12.73822117,12.12263489,9.185521126,0.158255428,1.966122627,0,0,0,17.00794029,15.73613834,48.43312454,53.39876175
335,1373514094,MapQuestTrip,0,4,1.3968997,0.349224925,1.047674775,1.027472973,4.1906991,11.88285923,0,12.18836308,0,33.40474701,0,2.82231307,28.98567009,-0.610185087,1 commute,36.08625412,34.87294769,0.202677548,9.192185402,10.11595345,8.247735023,0.162693545,1.119552135,0,0,0,85.23088074,83.26435852,16.39718246,27.89955711
336,1373514094,ShortestPath,0,4,1.411252499,0.352813125,1.058439374,0,4.233757496,11.98875809,0,0,12.28981972,33.2231636,0,2.442723751,28.93067551,-0.60936743,1 commute,36.27932739,35.0177536,0.19494535,8.519111633,10.25969505,8.434170723,0.164311081,1.130683064,0,0,0,38.52097702,37.20639038,0.46148017,8.312024117
345,1313936274,EndomondoTrip,1,4,3.736594439,1.644101501,2.092492819,45.09173965,2.391420364,0,2.02060318,0,42.29832458,4.153042316,9.979172707,39.10865784,603.3852539,-0.070583612,1 commute,27.57703209,23.55306435,0.549629927,23.75743675,12.3101387,10.03785133,0,0.299303442,0,1.915542006,0,21.74946594,14.62671089,52.58590698,67.34141541
346,1313936274,GoogleTrip,0,4,0.797866762,0.598400056,0.19946669,8.719705582,1.396266818,0,22.52610016,7.26934576,0,7.26934576,10.05940628,81.54403687,549.9296875,-0.060407791,1 commute,26.85593605,19.99984169,0.305962712,29.39455795,12.39583874,10.11495304,0,0.148633048,0,0.784276545,0,8.020472527,7.623448849,91.85036469,93.13292694
347,1313936274,MapQuestTrip,0,4,0.434036791,0,0.434036791,0,3.255275965,0,28.8375988,5.464940548,0,94.48271179,0.502271116,5.015014648,209.2057343,-0.691726148,1 commute,27.23777962,26.06826973,0.480304092,20.54948235,16.92194366,7.36038208,0.076197974,0.496571094,0,0.809068441,0,87.89558411,87.68379211,35.95085526,78.69921112
348,1313936274,ShortestPath,0,4,0.867438376,0.650578797,0.216859594,0,3.252893925,0,28.85732651,3.677005053,2.105019331,92.37391663,0.502614737,5.018445492,209.0526428,-0.713288069,1 commute,27.33072472,26.03166771,0.480402827,20.59909058,16.85177803,7.324216366,0.076213636,0.496673137,0,0.809234679,0,84.73866272,84.52713776,34.8454628,76.53102875
353,1303412278,EndomondoTrip,1,4,2.427456379,1.09627068,1.331185818,7.174098015,0.54813534,27.87283707,0,0,25.38083076,16.40162086,0,26.18102264,144.9426422,-0.394777924,1 commute,21.16569901,10.54638958,3.172001362,7.423212528,11.80884933,10.98295593,0,0.554188728,0,4.852005005,29.49469948,10.38228035,10.27044773,79.32667542,87.51557922
354,1303412278,GoogleTrip,0,4,1.13088119,0.403886139,0.726995051,3.894037962,1.050104022,20.42418098,0,13.72581768,15.35580444,34.4090004,0.787298203,10.58218384,162.6853333,-0.58104682,1 commute,24.3230114,13.40433979,2.762719154,6.626183987,11.94683266,9.535042763,0,0.834065139,0,7.031551361,23.53625488,12.12977409,12.01441097,72.04032135,84.9460144
355,1303412278,MapQuestTrip,0,4,0.655627012,0.245860115,0.409766883,2.403014898,1.229300618,20.56853867,0,14.30202961,15.50811672,49.01449203,0.795107305,10.80694962,165.2180023,-0.711162984,1 commute,24.15231705,15.10008049,2.990605831,7.258398056,12.8539257,10.99050045,0,0.435904324,0,4.111549377,22.10671806,12.3883152,12.27127266,77.48369598,91.08662415
356,1303412278,ShortestPath,0,4,0.41961363,0.335690916,0.083922729,0,2.517681837,0,14.00038433,23.77732849,0,86.85527039,0,9.861670494,153.9981995,-0.110442661,1 commute,32.44223022,20.46743584,2.048919678,14.95543957,14.18910313,12.30155277,0,0.386683375,0,3.2046175,0.004017489,52.13541412,51.84676361,50.13082504,77.51370239
369,651965092,EndomondoTrip,1,4,0.825570524,0.206392631,0.619177878,0.000300846,0.412785262,69.40959167,0,0,0,19.50411224,0,11.08629322,5.985385895,-1.1410743,1 commute,24.83748245,24.81869888,0.520220816,7.56157732,25.62230492,16.07866287,0.115967594,0.445086896,0,0,0,27.89522552,27.59048271,20.25474548,20.45306587
370,651965092,GoogleTrip,0,4,0.823987663,0.205996916,0.617990732,0.192396626,0.411993831,69.40959167,0,0,0,19.50411224,0,11.08629322,6.179907322,-1.142993331,1 commute,24.8752861,24.86387444,0.526573181,7.547277451,25.57874107,16.04825592,0.115748286,0.444245189,0,0,0,27.66435814,27.3598938,19.06415939,19.26229668
371,651965092,MapQuestTrip,0,4,0.821929336,0.205482334,0.616447031,0.443302095,1.438376307,0,0,0,0,26.16687584,0,11.24268818,9.863152504,-0.224040911,1 commute,23.4319725,29.2714653,0.376505405,5.948460102,24.74689484,15.69531536,0.108967006,0.420417488,0,0,0,27.90185547,27.81474876,72.55488586,72.80217743
372,651965092,ShortestPath,0,4,0.825572968,0.206393242,0.619179726,0,0.412786484,69.40959167,0,0,0,19.50411224,0,11.08629322,5.985404015,-1.1410712,1 commute,24.83748245,24.81869888,0.520220816,7.56157732,25.62230492,16.07866287,0.115967594,0.445086896,0,0,0,27.87055397,27.566082,20.23683357,20.43497658
377,667284556,EndomondoTrip,1,4,0.477168173,0.190867275,0.286300898,0.8739416,0.572601795,26.46068001,7.663602829,0,1.551813126,18.62013626,3.132691383,5.571570873,2.194973707,-0.276152104,1 commute,18.95529366,20.30348969,1.610248685,3.099684954,20.27664375,17.74425125,8.066417694,9.94397068,0,0,0,12.58954048,1.367165446,65.61489105,69.30136871
378,667284556,GoogleTrip,0,4,0.846658111,0.376292497,0.470365614,2.332811117,0.658511877,26.55953979,44.43257141,0,0.744724274,18.35795593,25.04254723,5.493121147,2.539974213,-0.504224777,1 commute,21.67176628,20.88408661,5.68524456,4.09254694,20.88747787,11.65654087,6.289761066,8.832574844,0,0,0,5.332750797,1.438403726,48.15500641,52.96300125
379,667284556,MapQuestTrip,0,4,0.864212096,0.384094268,0.480117828,0.254216045,0.672164977,0,30.12158966,0,0,6.928509235,33.38785172,13.34326744,1.440353513,-0.52004391,1 commute,24.3937149,18.83502579,3.120888948,11.28268242,18.93014526,14.52745628,2.770714283,6.139371872,0,0,0,37.70812988,37.6171875,77.43644714,80.63393402
380,667284556,ShortestPath,0,4,1.636550426,0.866409063,0.770141363,0,0.673873723,7.117269039,6.818440914,0,11.61433792,6.94489193,10.17587566,13.37481785,1.540282726,-0.451463938,1 commute,25.55052185,17.45189476,3.508054256,14.87623405,18.25075912,12.69228649,1.294390917,6.375859737,0,0,0,44.51782608,44.51782608,76.21315765,80.02708435
381,664843760,EndomondoTrip,1,4,1.319360852,0.604707062,0.71465379,9.646790504,2.253908157,0,8.0434618,21.10650444,0,24.58769989,27.63108826,22.49193954,555.9456787,-0.393686771,1 commute,32.31039047,21.02238274,1.827293873,23.6141243,11.95063019,9.020069122,0,0.255109936,0,0,0,77.91375732,64.1063385,51.22912979,83.88461304
382,664843760,GoogleTrip,0,4,1.053206563,0.49888733,0.554319263,8.73974514,1.940117359,0,7.145870686,27.57223701,0,7.378280163,16.15058517,29.22878075,371.8373718,-0.361860812,1 commute,34.08750153,20.25748062,1.835369825,24.24274063,11.79785347,7.522506237,0,0.256547511,0,0,0,66.07003784,46.6341362,78.66639709,95.61534119
383,664843760,MapQuestTrip,0,4,0.663906217,0.331953108,0.331953108,8.948881149,3.208880186,0,12.05045319,22.47356606,0,48.6189537,0.993685126,7.745482445,606.4230347,-0.312912166,1 commute,34.39591599,22.51296997,1.387487173,23.93564796,9.909389496,7.588574409,0,0.141648069,0,0.128368571,0,78.51761627,64.19303131,49.82941437,71.48791504
384,664843760,ShortestPath,0,4,2.531614542,1.265807271,1.265807271,0,2.230231762,0,13.67535877,4.99296093,3.553489685,22.00489998,28.69339943,25.34689522,242.0705719,-0.097243257,1 commute,36.81510162,23.7068119,2.13607049,21.91675758,8.584346771,6.356976509,0,0.483936369,0,0,0,59.92165375,54.60552979,53.64261246,76.98271942
393,666301412,EndomondoTrip,1,4,1.363404632,0.818042755,0.545361876,13.21109104,1.363404632,0,21.43151283,1.247475743,0,3.254170656,50.41755295,37.01639938,164.1539154,-0.325569928,1 commute,33.00984955,20.02326965,2.299712896,21.35851669,12.89252758,9.424473763,0,0.503435969,0,0.488213301,0,59.54640579,10.12720871,53.32455826,87.27360535
394,666301412,GoogleTrip,0,4,0.857439041,0.571626067,0.285813034,8.009444237,1.429065108,0,16.16125679,29.34641647,0.20402205,7.903725147,21.24605942,8.944252014,136.0469971,-0.734402835,1 commute,38.08466721,20.70242119,3.169699907,20.1442318,10.39379883,6.263309002,0,0.31628859,0,0.925584197,0,62.75413895,8.676710129,68.68486786,83.28318024
395,666301412,MapQuestTrip,0,4,0.715593994,0.572475195,0.143118799,7.849228382,1.288069248,0,16.18506432,29.38965034,0,7.915369034,22.78476334,7.507024765,118.0730133,-0.819017768,1 commute,38.59731674,20.94762039,3.16611743,20.01420212,10.3056469,6.142483711,0,0.316441327,0,0.510169327,0,64.36791229,8.688305855,64.61215973,82.26557922
396,666301412,ShortestPath,0,4,0.617410123,0.463057578,0.154352531,0,2.778345585,0,0,0,0,88.57001495,0,8.660920143,247.7358093,-0.096220925,1 commute,35.7452507,24.56862259,1.325667143,20.93880463,9.852798462,6.45198822,0,0.567005873,0,0.549861014,0,61.86865616,61.86865616,31.16501236,59.79655075
401,671676068,EndomondoTrip,1,4,1.491405368,0.497135103,0.994270205,2.026278496,0.331423402,48.93226624,0,0,28.38302231,0,0,0,3.479945898,-0.050975077,1 commute,17.59785652,14.29132748,0.577136338,6.840069294,23.31071854,26.12218475,6.301350594,3.857470989,0,1.10188508,0,6.748754978,0.325799823,43.05292511,43.05292511
402,671676068,GoogleTrip,0,4,0.999291599,0.499645799,0.499645799,1.513602734,0.33309719,0.440077513,0,0,0,0,0,0,3.497520685,-1.034018993,1 commute,15.43356037,12.00233269,0.508329988,6.34019804,25.12229538,29.40741348,6.288842678,3.753285885,0,1.143742442,0,43.49354553,0.011919501,97.51282501,97.51282501
403,671676068,MapQuestTrip,0,4,1.323508263,0.690526009,0.632982194,193.809906,0.115087673,0,0,0,3.236658335,0,0,6.109359264,1.208420515,-1.555800557,1 commute,17.82098389,14.09235954,0.500215769,7.498991966,23.67004204,27.32296181,5.113238335,3.051528692,0,0.929679692,0,15.02735806,0.00411828,44.25222778,44.25222778
404,671676068,ShortestPath,0,4,1.5216254,0.845347404,0.676277936,0,0.338138968,0,0,0,0,0,0,6.981052876,3.550459146,-1.113665342,1 commute,15.42943192,11.26206017,0.483728707,6.292927742,25.15656662,29.9270401,6.436353683,3.84132266,0,1.170570016,0,44.15186691,0.012099915,97.46507263,97.46507263
405,672189927,EndomondoTrip,1,4,1.640426874,0.911348283,0.72907865,6.816818714,1.822696567,0,32.18280792,0,0.898990989,17.78849411,32.56596375,14.8052063,166.0476532,-0.476536363,1 commute,24.58618736,18.9712944,0.494681627,19.87687683,14.27582645,21.79513359,0,0,0,0,0,50.12676239,49.95678711,48.23745346,78.63722229
406,672189927,GoogleTrip,0,4,1.341167569,0.766381443,0.574786067,1.617620826,1.72435832,0,25.43851662,0,0,20.288311,34.21875381,6.36669302,186.6138916,-0.571633458,1 commute,25.60595703,18.37474442,0.413342446,19.14900017,15.08016109,21.37679482,0,0,0,0,0,54.61615753,54.46347046,46.79874802,81.92873383
407,672189927,MapQuestTrip,0,4,1.078577876,0.359525979,0.719051957,8.306307793,2.876207829,0,1.396810889,4.430738449,0,0,24.87121773,13.73742771,374.4462891,-0.10708534,1 commute,28.1235714,17.73644829,0.396700591,26.77979279,10.74379539,16.21969414,0,0,0,0,0,55.82040024,33.1567421,62.14158249,78.70169067
408,672189927,ShortestPath,0,4,5.062060833,2.531030416,2.531030416,0,0.778778613,0,2.264621973,0,0,0.357420325,1.040048361,63.41024399,143.8793488,-0.080603138,1 commute,29.60603142,17.05493355,0.659097493,27.05046082,9.963356972,15.66611958,0,0,0,0,0,8.484886169,4.050851345,92.16407013,94.04161835
413,673577053,EndomondoTrip,1,4,1.436879992,0.718439996,0.718439996,1.013580561,1.436879992,21.53394508,60.52723312,0,0,0,53.4119339,0,551.043457,-1.093218565,1 commute,20.13565063,17.38858986,0.583655775,7.23279047,20.35795021,32.06985092,0,1.58353281,0,0.647980869,0,56.67235947,56.62898254,62.22464752,74.79397583
414,673577053,GoogleTrip,0,4,1.177817106,0.471126854,0.706690311,2.69306922,1.413380623,21.20343208,61.39247894,0,0,0,52.5921402,0,542.0314331,-1.192767382,1 commute,20.05263329,17.29686546,0.579914451,7.214624882,20.51694107,32.21297836,0,1.573382258,0,0.552657545,0,55.74551392,55.70284653,63.80208206,76.16584778
415,673577053,MapQuestTrip,0,4,0.721228302,0.240409434,0.480818868,0.623055577,1.442456603,9.162993431,61.79827499,0,0,0,53.66246414,0,552.9417114,-1.220536351,1 commute,20.17503929,17.46324921,0.584413111,7.270591736,20.54917717,31.81499672,0,1.585587621,0,0.556944788,0,56.89230728,56.84876633,66.37239838,78.9905014
416,673577053,ShortestPath,0,4,0.967629254,0.483814627,0.483814627,0,1.451443911,9.213424683,56.72989655,0,7.065187931,0,48.54930496,0.29419288,554.2096558,-1.065125227,1 commute,20.34494972,17.27322197,0.588588834,7.258625984,20.42222023,31.9545536,0,1.596916795,0,0.560924172,0,51.7918663,51.74805069,58.9118042,71.60853577
429,677887756,EndomondoTrip,1,4,1.084022403,0.271005601,0.813016832,19.13355827,3.523072958,0,0,26.58749199,0,0,77.05536652,0,136.8578339,-0.027525593,1 commute,35.82251358,25.08873367,3.251230478,21.77530861,8.925871849,5.136343479,0,0,0,0,0,84.46270752,64.7736969,19.88969231,77.2636795
430,677887756,GoogleTrip,0,4,2.210824013,0.947496057,1.263328075,2.224792957,3.158320189,0,11.84389019,13.70898724,0,0,0,23.14956284,260.245575,-0.680284917,1 commute,31.59346581,21.82698631,7.528613091,17.02050591,13.99882698,8.031601906,0,0,0,0,0,38.87719727,10.61688423,80.36306,91.51416779
431,677887756,MapQuestTrip,0,4,1.579568148,0.631827235,0.947740853,2.198385715,3.790963411,0,5.666065693,13.69701767,0,0,0,0,259.9969177,-0.750577509,1 commute,31.76478004,24.83136368,4.981954098,16.5762291,13.51835728,8.327318192,0,0,0,0,0,61.85921097,10.13636398,57.14242554,91.62236023
432,677887756,ShortestPath,0,4,3.874303341,1.93715167,1.93715167,0,2.905727625,0,1.781157136,14.03187752,0,0,0,13.73196507,264.0983582,-0.641556442,1 commute,33.52789688,25.20749664,4.799045563,16.42784691,12.37283993,7.664875031,0,0,0,0,0,45.40038681,9.100156784,71.2527771,90.37851715
433,678341822,EndomondoTrip,1,4,1.119386911,0.746257901,0.373128951,7.193041325,1.492515802,0.529254675,39.76257706,0,1.220431447,10.00958443,55.78313828,31.14830017,7.089450359,-0.204349846,1 commute,23.79167938,24.52626228,0.173980281,9.854421616,21.86352158,16.65402794,0,2.277605057,0.858501017,0,0,67.62427521,67.62427521,55.58896637,64.77090454
434,678341822,GoogleTrip,0,4,0.757168591,0.25238952,0.504779041,5.648407936,1.892921448,0,62.72859955,0,0,25.51229668,62.95040131,11.53730106,4.416816711,-0.367423773,1 commute,22.14942932,22.34421158,0.613463044,10.46049881,20.59067154,20.05100441,0.041165277,1.987981796,1.761572719,0,0,89.92472076,89.92472076,46.04320145,62.15001678
435,678341822,MapQuestTrip,0,4,1.476440072,0.615183353,0.861256659,8.360184669,1.107329965,0,22.4671154,0,0,11.2195797,12.31240463,12.93091202,6.151833534,-0.268302649,1 commute,21.72885323,18.53388023,0.542078674,11.7070322,21.38040924,22.53287888,0.092885651,0.987340033,2.494643211,0,0,24.40131187,24.40131187,86.06448364,91.52507782
436,678341822,ShortestPath,0,4,1.599873185,0.666613817,0.933259308,0,1.066582084,0,2.389555216,0,0,21.07602882,5.020184517,52.2216568,5.066265106,-0.297108978,1 commute,19.03965759,14.84488583,2.68062973,6.105553627,31.17782593,22.28889084,0,0.959915698,2.902640104,0,0,26.94921112,26.94921112,58.69438934,60.58537292
453,682434766,EndomondoTrip,1,4,2.448097467,1.224048734,1.224048734,20.2061367,2.856113672,0,0,18.82168579,0,0,18.82168579,66.56929016,817.2565308,-0.118819013,1 commute,25.34530258,22.19768906,0.058020532,37.1395874,6.048640728,8.806227684,0,0.041903719,0,0.362628341,0,20.34259033,19.93837166,77.63433838,105.129303
454,682434766,GoogleTrip,0,4,2.185121775,1.45674777,0.728373885,34.67274475,1.45674777,0.246721134,0,0,76.33524323,0,7.393336296,8.481624603,2497.958252,-0.068240523,1 commute,19.4408474,7.01121521,8.682560921,13.53804493,9.302224159,10.61137199,0,0.238555863,0,0.296740234,30.87843895,8.519742012,1.075519681,94.11003876,99.20783997
455,682434766,MapQuestTrip,0,4,0.887069404,0.887069404,0,10.57997608,6.209485531,0,0,79.3718338,0,0,88.8041687,6.648187637,3343.808105,-0.083099522,1 commute,32.06193924,21.72121239,0.112080559,36.01579285,4.984998226,4.719453812,0,0.044832222,0,0.339690328,0,93.35364532,84.28749847,98.79065704,104.9991455
456,682434766,ShortestPath,0,4,1.471381664,0.98092109,0.490460545,0,5.395066261,0,0,63.95481491,0,0,68.41986847,31.58013535,2116.827637,-0.126385376,1 commute,24.13004494,25.0924263,0.05717117,39.8368721,4.129664421,6.279300213,0,0.049548347,0,0.424972355,0,72.55735779,72.48586273,44.48653412,91.67870331
457,682909396,EndomondoTrip,1,4,0.42086345,0.140287817,0.280575633,1.012005687,0.701439083,92.29698944,0,0,1.31520164,0,0,3.822745562,258.1295776,-0.803788126,1 commute,28.22298431,29.91275406,0.474115849,13.26020145,12.39163876,15.73830605,0,0,0,0,0,0.930262327,0.611191869,23.69409561,23.69409561
458,682909396,GoogleTrip,0,4,0.700837493,0.280335009,0.420502514,1.098709345,0.841005027,88.26268768,0,0,0.277355522,0,5.077620029,3.819473505,242.4897766,-0.809537411,1 commute,28.57102966,29.98874283,0.470898986,13.24145699,12.20492172,15.52294827,0,0,0,0,0,1.674830556,1.356033802,20.83766556,23.46872902
459,682909396,MapQuestTrip,0,4,0.66440773,0.132881537,0.531526148,6.642002106,2.258986235,0,36.45739746,0,0,0.368535608,70.07836151,4.521560192,182.97789,-0.021042183,1 commute,22.61651421,17.72678566,1.234972,15.64438725,15.84027195,26.86790276,0,0,0,0.069166884,0,84.36447906,67.75163269,49.04239655,82.33054352
460,682909396,ShortestPath,0,4,0.566830158,0.14170754,0.425122619,0,1.558782935,45.58744431,27.00711632,0,0,0,46.45471191,7.229437351,137.8814392,-0.403914213,1 commute,30.70870972,30.08076096,0.792399287,17.25538063,8.598686218,12.56406212,0,0,0,0,0,10.47032738,10.03534126,30.00284958,42.16765213
461,683651127,EndomondoTrip,1,4,3.6387887,1.746618509,1.892170072,57.33546066,0.436654627,0,0,1.331376314,80.53824615,0,3.788943291,15.53251266,2033.937378,-0.019220149,1 commute,22.42647362,5.364593983,8.55913353,9.520107269,11.44680214,10.27630234,0,0.55913341,0,9.004302979,22.84315109,4.029066086,2.393695831,96.11530304,97.51952362
462,683651127,GoogleTrip,0,4,1.465978265,0.837701857,0.628276408,9.348781586,1.884829164,0,49.44386292,0,4.737265587,0.349624217,10.62946796,71.04612732,588.276123,-0.132430345,1 commute,27.95148087,21.94090271,0.312833697,28.32187653,10.89495468,8.841931343,0,0.198545113,0,1.537473321,0,2.592888832,2.175578833,80.32012939,82.44018555
463,683651127,MapQuestTrip,0,4,1.121690273,0.448676109,0.673014164,2.079959393,3.36507082,0,1.041399479,0,0,3.242799282,27.32814217,66.5987854,645.6448975,-0.074421324,1 commute,27.04727936,22.0447464,0.740424693,26.05352783,9.705518723,11.90990448,0,0.380434304,0,2.118165731,0,70.82175446,20.42139626,70.06627655,82.54906464
464,683651127,ShortestPath,0,4,0.916016757,0.458008379,0.458008379,0,3.435062885,0,0,0,5.166302681,47.72963333,16.63467789,29.95576096,308.6976624,-0.188063994,1 commute,29.58401108,23.16489792,0.638098955,21.60913467,12.51962852,8.218133926,0,0.393025398,0,3.873070002,0,62.75629044,62.44732285,32.86737442,64.24198151
465,684735959,EndomondoTrip,1,4,2.47818017,0,2.47818017,10.92159748,1.858635068,0,0,0,0,0,0,53.9059906,83.01903534,-0.447737485,1 commute,29.7670536,17.27869987,0.351212531,27.36590576,7.891530514,17.34559822,0,0,0,0,0,1.231908917,0,97.13011932,97.13011932
466,684735959,GoogleTrip,0,4,2.671411753,0.667852938,2.003558874,2.898285866,2.003558874,0,0,0,0,0,0,34.3669014,69.45671082,-0.415044695,1 commute,31.06157875,17.75974464,0.41343537,29.36418343,8.874736786,12.52632141,0,0,0,0,0,1.317330956,0,99.13861847,99.13861847
467,684735959,MapQuestTrip,0,4,2.048452139,0.6828174,1.365634799,0.643197477,3.414086819,0,0,0,0,0,0,48.17364502,198.0170441,-0.031176064,1 commute,26.18674278,26.39847374,0.360727727,34.35016632,5.507632732,7.196256638,0,0,0,0,0,53.92680359,7.028835297,98.10255432,98.10255432
468,684735959,ShortestPath,0,4,4.12325573,1.374418497,2.748836994,0,2.748836994,0,0,0,0,0,0,65.72151947,159.4325409,-0.727915108,1 commute,29.54852676,20.9591465,0.471885681,27.17584419,7.937223434,13.90737247,0,0,0,0,0,1.365356684,0,99.38043976,99.38043976
469,687098186,EndomondoTrip,1,4,0.653825283,0.326912642,0.326912642,9.384040833,0.653825283,0,4.77807188,27.04298401,0,0,0,0,3.160155535,-0.061538715,1 commute,27.67004013,18.43640137,1.711382985,16.55714035,14.77182293,17.5022068,0.611052871,2.739952326,0,0,0,59.93678665,59.93678665,107.2215195,107.3772812
470,687098186,GoogleTrip,0,4,1.367307305,0.797595918,0.569711387,4.611521244,0.569711387,23.30107307,29.40781784,7.163888454,0.646323681,0,9.318459511,3.432971001,18.11682129,-0.236302644,1 commute,24.78211403,18.170084,2.304952383,11.77605343,15.05379295,15.84825802,8.835347176,3.229396105,0,0,0,15.48138618,0.715686738,62.09404373,70.37893677
471,687098186,MapQuestTrip,0,4,1.146269441,0.687761664,0.458507776,3.986678362,0.458507776,0,22.96785545,0,0,13.72423267,0,0.953413129,14.55762196,-0.281402051,1 commute,19.60595131,15.63712788,5.166510582,7.962789536,18.04118729,20.97552109,8.680487633,3.638773918,0.291650474,0,0,35.94962311,35.92185211,82.02656555,93.28746033
472,687098186,ShortestPath,0,4,1.907148004,1.072770715,0.834377229,0,0.834377229,0,2.656897783,0,2.095009327,9.163933754,43.00297165,20.57710648,3.695099115,-0.199575201,1 commute,24.39072037,19.0178051,1.658307552,10.15409184,19.77656937,17.14570618,4.394156933,3.391537189,0.071104407,0,0,13.97572708,13.97157288,53.71804047,75.53014374
473,687654762,EndomondoTrip,1,4,0.25609979,0.25609979,0,7.888204098,0.768299401,0,0,31.10434532,0,0,0,0,2.560997963,-0.819017947,1 commute,26.74972343,18.71387863,1.467486024,16.0828743,14.56049156,18.99192238,0.584554553,2.849067926,0,0,0,70.43074036,70.43074036,103.3777618,103.5607986
474,687654762,GoogleTrip,0,4,0.76023674,0.506824493,0.253412247,9.032410622,1.013648987,15.64736176,21.53324127,30.79305649,0,0,5.931000233,0,50.04891586,-0.267285764,1 commute,21.34899712,19.90241432,0.437315583,11.757411,17.70723152,22.13910103,0.552718282,6.154811859,0,0,0,28.16544914,5.937740803,73.7596817,82.71929169
475,687654762,MapQuestTrip,0,4,0.25609979,0.25609979,0,7.888204098,0.768299401,0,0,31.10434532,0,0,0,0,2.560997963,-0.819017947,1 commute,26.74972343,18.71387863,1.467486024,16.0828743,14.56049156,18.99192238,0.584554553,2.849067926,0,0,0,70.43074036,70.43074036,103.3777618,103.5607986
476,687654762,ShortestPath,0,4,1.243356586,0.690753698,0.552602947,0,0.967055142,0,0,14.8634367,2.372361183,10.37712002,30.15965843,16.98111916,4.697124958,-0.157298341,1 commute,20.22649002,19.66742706,1.032750607,8.133117676,20.36639214,24.80088615,1.790651798,3.900217056,0.082069248,0,0,16.23900795,16.2341938,65.51029968,86.78672791
