OBJECTID,tripID,source,Choice,Options,turnsPerkm,turnsLeftPerkm,turnsRightPerkm,perc_Detour,signalsPerkm,percCycleWay,percBikeLane,percSharrow,percFootway,percPrimary,percSecondary,percResidential,FlickrPerkm,PSOverlap,WorkoutType,percIndustrial,percRoadRailroad,percPort,percUrbanFabric,percUrbanGreen,percCropland,percForest,percGrassShrub,percMarshland,percWaterbody,percBeach
1,1301593236,Endomondo,1,4,1.025241,0.717669,0.307572,14.35644,0.205048,50.66393,5.317011,0,0,0,0,5.263474,2.255531,-0.510042,1 commute,38.42764,0,2.613776,20.75646,4.735548,31.57032,0,0,0,1.896269,0
2,1301593236,Google,0,4,1.856044,0.824909,1.031136,13.70274,0.103114,44.38364,5.027579,0,0.132435,13.56278,3.340164,12.82807,2.268498,-0.470184,1 commute,40.12988,0,2.628595,19.72993,4.772704,30.83187,0,0,0,1.90702,0
3,1301593236,MapQuest,0,4,1.511805,1.079861,0.431944,8.572256,0.431944,57.44049,1.617215,0,0.474831,0.369519,0,8.256413,2.159722,-0.539622,1 commute,38.2158,0,0,27.66489,0,32.06563,0,0,0,2.053678,0
4,1301593236,Shortest Path,0,4,3.048316,1.289672,1.758644,0,0.468972,10.14125,1.594077,0,2.004101,35.77583,0,3.093713,0.937944,-0.105257,1 commute,48.03205,0,0,31.59321,0,10.87674,0,0,0,9.497996,0
5,1301684976,Endomondo,1,4,3.664329,1.832164,1.832164,11.80124,0.785213,55.79549,2.833447,0,1.329684,0,2.230382,31.27581,1.832164,-0.006232,1 commute,0,0,0,56.47304,0,9.846314,33.68064,0,0,0,0
6,1301684976,Google,0,4,4.125135,1.650054,2.475081,6.406,0.275009,1.711237,15.89543,0,6.225958,0,76.3493,1.733636,0.825027,-0.213323,1 commute,0,0,0,91.47115,0,0,8.528844,0,0,0,0
7,1301684976,MapQuest,0,4,3.738317,1.602136,2.136181,9.588489,1.602136,55.06873,21.32287,0,4.258702,0.442961,10.98574,10.21444,2.403204,0.053521,1 commute,0,0,0,87.5134,0,0.696677,11.78992,0,0,0,0
8,1301684976,Shortest Path,0,4,4.389391,1.755756,2.633635,0,1.170504,10.53315,20.77804,0,1.811015,0,34.37748,22.74541,2.341008,-0.229803,1 commute,0,0,0,80.7592,0,1.390901,17.8499,0,0,0,0
21,1301868814,Endomondo,1,4,1.618185,0.943941,0.674244,10.96169,0.674244,30.83352,8.407026,0,5.218327,4.541285,11.90526,0,2.696975,-0.206775,1 commute,0.174146,0,0,57.11989,0,40.37508,0,0,0,2.330878,0
22,1301868814,Google,0,4,0.879622,0.146604,0.733019,2.06459,1.17283,18.96109,8.676563,0,0,39.09696,33.21095,0,2.345659,-0.142295,1 commute,0.523713,0,0,47.9197,0,49.46174,0,0,0,2.09485,0
23,1301868814,MapQuest,0,4,0.862583,0.287527,0.575055,4.080796,1.006346,77.90572,8.112586,0,0.093985,0,14.62945,0,2.587748,-0.491296,1 commute,0.185767,0,0,49.07116,0,48.25665,0,0,0,2.486425,0
24,1301868814,Shortest Path,0,4,3.29187,1.496305,1.795566,0,1.047413,63.81585,10.94984,0,0.208266,5.26848,0.930852,0,0.598522,-0.399443,1 commute,0.255064,0,0,42.26557,4.366092,53.11328,0,0,0,0,0
29,1302349646,Endomondo,1,4,1.902162,0.895135,1.007027,9.51255,0.223784,55.19545,3.04508,5.601367,16.93717,0,0.142901,8.592701,1.007027,-0.434323,1 commute,0,0,0,59.12868,0,10.85785,30.01347,0,0,0,0
30,1302349646,Google,0,4,1.271776,0.462464,0.809312,5.985052,0.462464,5.412246,1.044207,0,0.701238,0,36.19339,0,0.346848,-0.357111,1 commute,0.483425,0,0,61.29144,0,12.1547,26.07044,0,0,0,0
31,1302349646,MapQuest,0,4,1.797393,0.718957,1.078436,2.261146,0.359479,75.1711,0,5.891532,0.803123,0,7.271955,4.196349,0.718957,-0.562328,1 commute,2.707235,0,0,60.18208,0,11.58361,25.52707,0,0,0,0
32,1302349646,Shortest Path,0,4,1.838035,0.735214,1.102821,0,0.367607,17.77948,0,2.861544,7.144498,0,25.80546,4.338228,0.612678,-0.635505,1 commute,4.181952,0,0,60.88286,0,12.39912,19.0878,3.448276,0,0,0
33,1302528368,Endomondo,1,4,2.084126,0.757864,1.326262,4.073778,0.94733,30.36721,50.79285,0,4.188021,5.012078,0,0,0.189466,-0.229082,1 commute,0,0,0,74.24385,16.25023,0,9.505918,0,0,0,0
34,1302528368,Google,0,4,0.946115,0.378446,0.567669,4.207387,2.081454,0,59.51428,0,5.12592,54.28035,2.774078,5.147096,0,-0.518745,1 commute,0,0,0,74.89218,16.0885,0,9.019314,0,0,0,0
35,1302528368,MapQuest,0,4,2.352594,1.008254,1.344339,17.34205,1.176297,72.68604,3.433203,0,9.125424,0,0,8.569699,0,-0.001224,1 commute,0,0,0,48.70108,29.55466,0,21.74426,0,0,0,0
36,1302528368,Shortest Path,0,4,1.183106,0.394369,0.788738,0,1.971844,6.91611,61.09195,0,8.716847,40.2481,2.920187,11.2849,0,-0.646843,1 commute,0,0,0,70.02921,20.58423,0,9.386562,0,0,0,0
69,1304207314,Endomondo,1,4,2.037989,1.198817,0.839172,4.754365,0.599409,84.09679,0,4.713054,0,0,4.977297,1.31998,0.479527,-0.859871,1 commute,26.53574,0,30.11615,19.65034,13.0643,0,0,0,0,10.63346,0
70,1304207314,Google,0,4,1.920565,0.840247,1.080318,4.620336,0.600177,60.87419,0,4.728491,0,0,19.01118,1.324304,0.480141,-0.876182,1 commute,26.60913,0,30.02517,19.87295,12.933,0,0,0,0,10.55975,0
71,1304207314,MapQuest,0,4,1.826608,0.799141,1.027467,10.00178,0.684978,78.99556,4.008101,4.498889,0,0,4.498889,1.259999,0.456652,-0.788634,1 commute,30.31132,0,28.50952,18.69084,12.44156,0,0,0,0,10.04676,0
72,1304207314,Shortest Path,0,4,3.516277,1.758139,1.758139,0,0.502325,32.76793,0,0,7.552543,0,10.57853,8.313091,0.376744,-0.366267,1 commute,30.07187,0,30.02143,21.14487,12.9618,0,0,0,0,5.800025,0
81,1305592584,Endomondo,1,4,2.595936,1.142212,1.453724,3.677983,0.934537,52.07792,10.55368,0,13.90951,0,0.847763,16.22204,0.41535,-0.222809,1 commute,0,0,0,91.51925,8.480749,0,0,0,0,0,0
82,1305592584,Google,0,4,1.579144,0.947486,0.631657,2.261011,1.052762,4.493874,1.885804,0,21.01816,17.55718,30.85504,0,0.736934,-0.43581,1 commute,0,0,0,87.18943,12.81057,0,0,0,0,0,0
83,1305592584,MapQuest,0,4,2.379777,1.189888,1.189888,8.571401,1.189888,69.3276,1.741353,0,19.8756,0.562722,0,4.884776,0.39663,-0.189519,1 commute,0,0,0,87.8902,12.1098,0,0,0,0,0,0
84,1305592584,Shortest Path,0,4,2.583757,1.291879,1.291879,0,1.076566,6.92759,8.494756,0,0.871538,0,28.2363,12.16079,0.538283,-0.296098,1 commute,0,0,0,100,0,0,0,0,0,0,0
85,1306335864,Endomondo,1,4,3.37008,1.78416,1.58592,8.369434,0.79296,70.19711,19.79051,0.822673,2.142383,0,1.972511,12.97036,3.76656,-0.126673,1 commute,0,0,0,98.00198,1.998022,0,0,0,0,0,0
86,1306335864,Google,0,4,1.678994,0.839497,0.839497,2.362058,2.308616,2.707124,10.9705,0,1.504059,8.36157,73.64581,4.067445,0.839497,-0.466826,1 commute,0,0,0,99.208,0.791997,0,0,0,0,0,0
87,1306335864,MapQuest,0,4,2.569844,1.101362,1.468482,17.036,1.468482,84.70341,0,0,2.513996,8.388002,2.193014,0,1.284922,-0.069059,1 commute,0,0,0,100,0,0,0,0,0,0,0
88,1306335864,Shortest Path,0,4,1.933484,0.859326,1.074158,0,2.577979,15.69213,7.174123,0,3.498776,8.55523,46.72181,2.723909,1.074158,-0.546012,1 commute,0,0,0,99.19166,0.808339,0,0,0,0,0,0
93,1306516016,Endomondo,1,4,2.060057,0.824023,1.236034,15.57303,0,65.01162,0,0,0,0,24.43556,0,0.412011,-0.755851,1 commute,1.147541,0,0,33.31967,0,0,65.53278,0,0,0,0
94,1306516016,Google,0,4,2.068918,0.827567,1.241351,15.07806,0,18.7629,0,0,0,0,71.033,0,0.413784,-0.492983,1 commute,1.556739,0,0,33.30602,0,0,65.13724,0,0,0,0
95,1306516016,MapQuest,0,4,3.132368,1.789925,1.342443,6.412091,0,96.57408,0,0,0,0,2.822961,0,0.447481,-0.296,1 commute,9.777778,0,0,27.6,0,0,62.62222,0,0,0,0
96,1306516016,Shortest Path,0,4,1.428522,0.952348,0.476174,0,0,4.160861,0,0,15.96526,0,73.4213,0,0,-0.326659,1 commute,14.92257,0,0,28.53121,0,0,43.82919,12.71703,0,0,0
101,1306567462,Endomondo,1,4,2.640158,0.440026,2.200131,9.753581,0.660039,24.07215,29.61128,5.618039,0,0,34.86393,14.69467,0,-0.01178,1 commute,0,0,0,81.11258,0,8.641161,10.24626,0,0,0,0
102,1306567462,Google,0,4,2.606832,0.947939,1.658893,1.893597,1.658893,3.302503,0.982491,0.208233,0,0,66.89837,29.59089,0.236985,-0.395945,1 commute,11.15065,0,0,66.95136,2.941874,17.48517,1.470937,0,0,0,0
103,1306567462,MapQuest,0,4,2.26188,0.904752,1.357128,6.757329,1.809504,84.58672,0.934139,0,0,0,0,15.41327,0,-0.134205,1 commute,11.96409,0,0,68.91134,2.401796,15.06173,1.661055,0,0,0,0
104,1306567462,Shortest Path,0,4,3.380612,1.690306,1.690306,0,1.448834,26.03665,0,0,0,0,38.11275,35.8506,0.241472,-0.587403,1 commute,5.923429,0,0,71.97207,2.985793,17.91476,1.203949,0,0,0,0
113,1307747408,Endomondo,1,4,1.093397,0.420537,0.67286,7.174387,0.504645,68.50382,16.93049,0,0,0,0.467054,0,0.252322,-0.178966,1 commute,10.19242,0,0,15.96504,4.05008,69.79246,0,0,0,0,0
114,1307747408,Google,0,4,1.459054,0.600787,0.858267,5.027504,0.51496,8.679428,11.20191,0,0,0,21.22213,0,1.544881,-0.164159,1 commute,0,0,0,41.8475,0,53.8125,0,0,0,4.339995,0
115,1307747408,MapQuest,0,4,2.114667,1.01504,1.099627,6.56718,0.592107,75.50902,8.28476,0,0.326199,0,3.266159,0.099029,1.184214,-0.170556,1 commute,2.869342,0,0,43.90265,1.024765,49.60717,0,0,0,2.596072,0
116,1307747408,Shortest Path,0,4,1.983116,0.991558,0.991558,0,0.630992,22.35943,6.332352,0,1.065479,39.76714,11.68722,5.125091,0,-0.21953,1 commute,11.05791,0,0,21.90803,2.881922,64.15214,0,0,0,0,0
117,1308042882,Endomondo,1,4,3.071718,1.31645,1.755267,36.23131,0,40.65815,0,0,0.133319,0,0,0.835442,0.146272,-0.046147,1 commute,0,0,0,61.39351,12.24072,0,1.723634,24.64213,0,0,0
118,1308042882,Google,0,4,0.921155,0.184231,0.736924,8.162386,0,64.08628,13.58473,0,0,0,0,5.926965,0,-0.834955,1 commute,0,0,0,73.36508,13.28082,0,2.25316,11.10093,0,0,0
119,1308042882,MapQuest,0,4,0.921113,0.184223,0.736891,8.167258,0,63.74397,13.23118,0,1.276996,0,0,5.772711,0,-0.774156,1 commute,0,0,0,73.36508,13.28082,0,2.25316,11.10093,0,0,0
120,1308042882,Shortest Path,0,4,2.989029,1.39488,1.594149,0,0,59.10936,1.609182,0,0,0,0,1.133408,0,-0.435837,1 commute,0,0,0,62.13786,22.21778,0,3.536463,12.10789,0,0,0
133,1308883908,Endomondo,1,4,2.334929,1.245295,1.089633,15.70865,0.311324,45.11077,21.74046,0,0.326693,0,19.01863,0,2.023605,-0.280874,1 commute,0,0,0,26.71212,0,16.71832,56.56957,0,0,0,0
134,1308883908,Google,0,4,0.965698,0.482849,0.482849,11.90721,0.482849,0.240306,6.827331,0,0,43.90112,27.35757,3.895821,2.092346,-0.137324,1 commute,0,0,0,56.31973,2.231474,5.378851,36.06994,0,0,0,0
135,1308883908,MapQuest,0,4,1.725011,0.627277,1.097734,14.85476,0.470458,55.92041,21.20439,0,4.3043,1.36457,12.17064,0,2.03865,-0.211403,1 commute,0,0,0,45.57662,0,4.50237,49.92101,0,0,0,0
136,1308883908,Shortest Path,0,4,2.5216,1.440915,1.080686,0,0.360229,6.526453,12.73624,0,0,0,3.755727,2.181726,0.720457,-0.183142,1 commute,0,0,0,63.2469,0,7.121383,29.63172,0,0,0,0
137,1308897422,Endomondo,1,4,0.991985,0.425136,0.566848,12.96807,0.070856,34.52437,5.428447,0,0,0,0,11.01937,2.975955,-0.261057,1 commute,1.278591,0,0,13.411,0,40.28271,32.97343,4.752096,7.302174,0,0
138,1308897422,Google,0,4,0.797334,0.362424,0.434909,10.42955,0.217455,0.843319,0.06088,0.482461,0.786817,30.44538,23.55544,4.169566,4.059154,-0.09248,1 commute,4.368897,0,0,26.50271,0,49.96022,7.030741,2.104882,10.03255,0,0
139,1308897422,MapQuest,0,4,0.858406,0.500737,0.357669,11.89779,0.214601,68.17504,0,3.217712,0.439554,0.150136,0.442919,1.016252,3.791291,0.02653,1 commute,4.850935,0,0,25.28694,0,50.92038,6.80719,1.783007,10.35155,0,0
140,1308897422,Shortest Path,0,4,1.120626,0.400224,0.720403,0,0,15.03541,0.066265,0,0.856416,0,6.680776,0.804073,4.482505,-0.339455,1 commute,2.866725,0,0,26.9584,0,44.0789,12.54492,5.34217,8.208896,0,0
145,1309119596,Endomondo,1,4,2.662904,1.141245,1.521659,29.59213,0.25361,83.23285,6.869058,0,7.570375,0,0,9.196773,1.141245,-0.079428,1 commute,19.35402,0,0,79.10732,0.559512,0,0,0,0,0.979146,0
146,1309119596,Google,0,4,2.611826,1.469152,1.142674,0.667809,0.979435,17.57645,3.469138,0,10.97772,16.86493,30.44378,6.630242,0.489717,-0.308848,1 commute,39.75845,0,0,39.44835,17.90436,0,0,0,0,2.888853,0
147,1309119596,MapQuest,0,4,3.214582,1.022822,2.191761,12.46386,0.876704,73.02689,4.933425,0,9.071852,0.953322,0,9.539799,0.292235,-0.156296,1 commute,35.37736,0,0,45.71049,16.2441,0,0,0,0,2.668042,0
148,1309119596,Shortest Path,0,4,2.13628,0.985976,1.150305,0,0.657317,22.48618,2.854413,0,10.98039,0,35.23964,6.652806,0.328659,-0.262515,1 commute,24.06646,5.708176,0,37.99967,29.29758,0,0,0,0,2.928113,0
153,1309145740,Endomondo,1,4,2.579903,0.978584,1.601319,11.95155,0.355849,68.5193,1.729422,0,1.45272,0,0,9.757637,2.579903,-0.170376,1 commute,0.260487,0,0,83.46358,11.43447,0,0,0,0,4.841462,0
154,1309145740,Google,0,4,3.210817,1.516219,1.694598,11.66638,0.445947,41.63152,3.692754,0,4.262354,1.673448,24.91548,6.080792,0.802704,-0.242354,1 commute,1.30335,0,0,93.18954,0.348784,0,0,0,0,5.158329,0
155,1309145740,MapQuest,0,4,1.621279,0.884334,0.736945,35.14516,0.66325,70.55605,16.24405,0,4.77288,0,4.695068,2.443541,0.368472,0.13311,1 commute,16.13721,2.759135,0,57.05444,21.64057,2.40865,0,0,0,0,0
156,1309145740,Shortest Path,0,4,3.784592,1.693107,2.091485,0,1.09554,32.45498,0.97075,0,11.36983,0,33.44255,2.556773,2.091485,-0.272042,1 commute,2.460828,0,0,93.55163,0.391724,0,0,0,0,3.595822,0
157,1309151116,Endomondo,1,4,1.701324,0.94518,0.756144,27.65021,0.94518,84.75809,0,0,0,0,0,8.297614,2.079396,-0.408963,1 commute,26.3667,8.413948,23.73453,30.79865,10.68616,0,0,0,0,0,0
158,1309151116,Google,0,4,3.678491,2.069151,1.60934,4.958191,0.689717,61.24463,0,0,11.84964,0,0,21.97881,0.229906,-0.254987,1 commute,20.88695,9.880515,8.846507,37.33915,23.04688,0,0,0,0,0,0
159,1309151116,MapQuest,0,4,2.578334,1.289167,1.289167,12.30733,0.644584,96.49112,0,0,1.814763,0.357059,0,0,0.644584,-0.258967,1 commute,22.36449,8.023901,9.411012,29.96159,30.23901,0,0,0,0,0,0
160,1309151116,Shortest Path,0,4,6.273927,3.136963,3.136963,0,1.206524,46.30693,0,0,12.3465,29.05936,0.828603,9.299435,6.515232,-0.122877,1 commute,32.74897,8.2542,16.26491,30.89847,11.83346,0,0,0,0,0,0
177,1310717808,Endomondo,1,4,0.936988,0.35137,0.585618,10.04408,0.175685,53.29355,12.14308,0,1.677987,0,0.649511,1.399117,1.698291,-0.630568,1 commute,2.061856,0,0,28.3388,17.36762,49.60169,0,0,0,2.630038,0
178,1310717808,Google,0,4,1.575544,0.660712,0.914832,26.79788,0.25412,37.70293,0.844855,0,0.323927,5.218904,5.831696,7.742302,3.659328,-0.006442,1 commute,5.059418,0,0.214209,31.26945,9.736319,42.66333,0,0,0,11.05728,0
179,1310717808,MapQuest,0,4,1.340531,0.670265,0.670265,15.37596,0.335133,53.61999,11.08869,0,0.576963,0,0.134153,4.164924,3.18376,-0.557841,1 commute,1.974533,0,0,31.14938,16.63207,47.48415,0,0,0,2.759859,0
180,1310717808,Shortest Path,0,4,1.224431,0.644437,0.579994,0,0.322219,20.14963,0.877043,0,0.783278,21.04984,5.683372,11.5178,1.997756,-0.076406,1 commute,2.446898,0,0,33.86274,7.411712,53.37982,0,0,0,2.898831,0
185,1311731454,Endomondo,1,4,1.593122,0.885068,0.708054,9.428388,0.531041,59.20798,13.52296,0,0.637366,0,0,13.98766,0.708054,-0.13056,1 commute,19.53279,6.217431,0,41.54537,29.02066,0,0,0,0,3.683738,0
186,1311731454,Google,0,4,1.788103,0.715241,1.072862,8.32879,1.072862,14.97725,26.54737,0,0,26.65624,33.90134,4.301939,0.715241,-0.08915,1 commute,36.35719,0,0,54.81928,5.616584,0,0,0,0,3.206945,0
187,1311731454,MapQuest,0,4,1.523636,0.507879,1.015758,14.41887,1.18505,85.88776,7.045716,0,1.276171,0,2.289031,4.265968,0.338586,-0.027005,1 commute,34.44444,0,0,57.25589,5.252525,0,0,0,0,3.047138,0
188,1311731454,Shortest Path,0,4,4.45517,2.324437,2.130733,0,0.387406,23.19341,9.828959,0,7.306221,0,20.92839,12.69721,0.581109,-0.128215,1 commute,19.84112,6.723503,0,43.05367,26.93276,0,0,0,0,3.448944,0
189,1314247708,Endomondo,1,4,1.998524,0.932644,1.065879,12.03506,0.666175,93.0901,0,0,3.824969,0,0.172447,1.11644,0.26647,-0.310239,1 commute,26.22312,0,23.56183,21.26344,17.05645,0,0,0,11.89516,0,0
190,1314247708,Google,0,4,1.642292,0.821146,0.821146,9.06941,0.821146,67.09155,0,0,0,6.375829,3.035748,0.95519,0.547431,-0.182218,1 commute,21.78191,0,0.286964,41.11779,10.522,0,0,0,26.29134,0,0
191,1314247708,MapQuest,0,4,1.952265,0.697237,1.255028,7.043735,0.836685,94.23994,0,0,3.92604,0,0,1.132349,2.510055,-0.415946,1 commute,16.80884,0,62.50874,16.68298,3.999441,0,0,0,0,0,0
192,1314247708,Shortest Path,0,4,4.179555,2.239047,1.940508,0,0.447809,58.24759,0,0,5.582019,1.536299,0.933579,1.015208,5.522983,-0.336556,1 commute,21.18352,0,59.1161,19.62547,0.074906,0,0,0,0,0,0
193,1315213926,Endomondo,1,4,1.352105,0.525819,0.826287,3.750426,0.150234,30.03499,7.419215,0,0,0,2.110682,0.623424,1.352105,-0.088159,1 commute,0,0,0,56.74884,10.85225,22.86187,9.537051,0,0,0,0
194,1315213926,Google,0,4,1.789353,0.745564,1.043789,4.530541,0.596451,6.158064,9.691061,0,0.834335,44.06015,14.83702,2.981882,2.534916,-0.275921,1 commute,0,0,0,78.87902,1.418016,11.94865,7.75431,0,0,0,0
195,1315213926,MapQuest,0,4,1.493348,0.933342,0.560006,25.2501,0.186668,74.37635,4.159288,0,1.40652,0,0,0.664746,0.746674,-0.029319,1 commute,29.67185,0.491277,0,38.45185,11.99849,19.38653,0,0,0,0,0
196,1315213926,Shortest Path,0,4,2.493893,1.246947,1.246947,0,0.623473,36.98678,14.64347,0,4.129107,15.30249,25.77792,0.158923,1.324881,-0.485438,1 commute,0,0,0,79.38281,1.484375,11.01563,8.117188,0,0,0,0
201,1316320008,Endomondo,1,4,2.719651,1.359825,1.359825,14.97935,0.951878,86.38934,0,0,5.778565,0,0,0,0.135983,-0.407557,1 commute,36.58202,3.321894,0,21.75703,15.41524,22.92382,0,0,0,0,0
202,1316320008,Google,0,4,3.531923,1.222589,2.309335,15.09728,0.950902,40.60664,2.059802,0,0.262543,0.31316,5.080431,0,0.271686,-0.43757,1 commute,37.09722,2.616359,0,21.53677,16.12503,22.62462,0,0,0,0,0
203,1316320008,MapQuest,0,4,1.534203,0.82611,0.708094,32.484,0.944125,77.34167,15.08625,0,2.300632,0.112313,8.692676,1.435204,0.236031,-0.180041,1 commute,34.67049,4.417383,0,50.41786,4.274117,6.220153,0,0,0,0,0
204,1316320008,Shortest Path,0,4,2.657981,1.563518,1.094463,0,0.938111,6.32779,33.70378,0,5.988039,16.11576,5.572335,0,0.156352,-0.12181,1 commute,11.21655,0,0,24.23771,18.66833,45.65961,0,0,0,0.217797,0
205,1317295366,Endomondo,1,4,1.422139,0.387856,1.034283,0.831362,0.387856,84.16541,0,0,0.608132,0,0,11.41218,0.646427,-0.62208,1 commute,4.436728,0,0,79.71965,15.84362,0,0,0,0,0,0
206,1317295366,Google,0,4,0.912333,0.130333,0.782,0.020663,0.521333,6.918165,0,0,0.589632,0,63.55478,11.82886,0.651666,-0.139705,1 commute,3.093451,0,0,81.28397,15.62257,0,0,0,0,0,0
207,1317295366,MapQuest,0,4,1.791997,0.895999,0.895999,16.39323,0.336,96.06786,0,0,1.008324,0,0,0.08912,0.336,-0.152413,1 commute,7.87729,0,4.832004,60.36633,16.82211,10.10226,0,0,0,0,0
208,1317295366,Shortest Path,0,4,2.867925,1.433962,1.433962,0,0.391081,61.10423,0,0,9.731582,0,12.41177,4.836944,0.391081,-0.438284,1 commute,4.94084,0,0,79.35249,15.70667,0,0,0,0,0,0
209,1317342788,Endomondo,1,4,0.671311,0.479508,0.191803,7.940641,1.150818,95.86131,0,0,0,0,0,2.762568,3.068849,-0.089154,1 commute,16.66345,2.337713,10.37481,51.09158,6.28864,12.39374,0,0,0,0.850077,0
210,1317342788,Google,0,4,1.408343,0.603576,0.804768,2.903451,1.106556,17.406,0,0,0.20738,0,27.53796,12.97178,0.301788,-0.338286,1 commute,18.90807,1.906865,3.86391,53.63308,7.98876,12.65556,0,0,0,1.043758,0
211,1317342788,MapQuest,0,4,1.452653,0.688099,0.764554,35.39488,0.611643,87.55901,9.662106,0,0.974309,0,5.221323,0.703728,0.305822,-0.020014,1 commute,9.368041,2.841127,3.386317,62.74284,10.88075,9.383399,0,0,1.397527,0,0
212,1317342788,Shortest Path,0,4,2.070334,1.345717,0.724617,0,0.931651,33.07202,0,0,7.086404,0,22.48715,5.572508,0.6211,-0.293047,1 commute,17.20241,1.970137,0,59.19743,7.97387,12.93032,0,0,0,0.72584,0
213,1317591952,Endomondo,1,4,1.770496,0.758784,1.011712,13.69366,1.517568,62.03355,6.481356,0,0,0,0,28.31858,0.758784,-0.157987,1 commute,0,0,0,99.29489,0,0,0,0,0,0.705112,0
214,1317591952,Google,0,4,3.345138,1.393807,1.95133,3.15742,1.95133,13.98013,6.817083,0,0,46.97439,3.538657,20.55061,0.278761,-0.499436,1 commute,0,0,0,99.41876,0,0,0,0,0,0.581234,0
215,1317591952,MapQuest,0,4,2.725636,1.090254,1.635382,5.503131,1.907945,66.76247,2.738899,0,0.663938,0,0,23.90898,0.817691,-0.342157,1 commute,0,0,0,99.43027,0,0,0,0,0,0.569723,0
216,1317591952,Shortest Path,0,4,3.738321,1.725379,2.012942,0,1.725379,27.02691,2.709991,0,0.209803,39.23691,3.388561,24.9069,0.862689,-0.758098,1 commute,0,0,0,99.40154,0,0,0,0,0,0.598461,0
541,1318378996,Endomondo,1,4,4.320673,2.016314,2.304359,9.531952,1.440225,38.55804,27.15871,11.02478,2.153768,0,0,5.131907,4.608718,-0.546524,1 commute,0,0,17.77843,82.22157,0,0,0,0,0,0,0
542,1318378996,Google,0,4,4.893789,2.691584,2.202205,28.93944,0.734068,31.52024,37.61313,9.340305,0.587044,7.92409,0,3.141278,1.712826,-0.241323,1 commute,0,0,22.16203,67.69269,0,0,0,0,0,10.14528,0
543,1318378996,MapQuest,0,4,3.608654,1.684039,1.924615,31.14358,1.202885,53.57352,29.45234,8.324389,6.383875,0,0,3.674378,3.368077,-0.306195,1 commute,0,0,14.81028,85.18972,0,0,0,0,0,0,0
544,1318378996,Shortest Path,0,4,6.941026,3.155012,3.786014,0,0.946504,10.18867,11.6696,0,21.39842,0,0,5.298187,4.101516,-0.267259,1 commute,0,0,19.06566,80.93434,0,0,0,0,0,0,0
225,1318828572,Endomondo,1,4,2.424049,1.45443,0.96962,18.10521,0.121203,92.99366,3.261602,0,0,0,0,0,0,-0.308427,1 commute,11.69036,0,0,53.33576,14.59473,18.38619,0,0,0,1.992952,0
226,1318828572,Google,0,4,2.098071,1.180165,0.917906,9.164234,1.049035,63.92284,0,0,3.386124,13.93187,6.280856,0,0.131129,-0.52031,1 commute,15.0255,0,0,25.86635,37.17798,19.78554,0,0,0,2.144632,0
227,1318828572,MapQuest,0,4,3.071474,1.663715,1.407759,11.85232,0.127978,51.41041,2.606802,0.050099,4.468349,0,0,0.082497,0.255956,-0.287488,1 commute,0,0,0,25.93742,35.46677,23.58417,0,0,0,15.01164,0
228,1318828572,Shortest Path,0,4,4.43754,2.147197,2.290343,0,0.286293,35.68096,0,0,36.42216,5.579625,0,0,0.286293,-0.448106,1 commute,4.364054,0,0,24.99282,46.4542,21.71978,0,0,0,2.469136,0
249,1352161388,Endomondo,1,4,0.573286,0.38219,0.191095,12.61529,0.859928,85.70579,3.356535,0,0,0,3.339285,8.141724,0.812154,-0.021899,1 commute,21.58335,3.018417,0,57.18727,7.156183,7.151399,0,0,1.420713,2.48266,0
250,1352161388,Google,0,4,1.045972,0.460228,0.585745,28.58988,0.669422,29.40377,12.3364,0,0.471336,30.05551,13.8985,2.680182,0.543906,-0.426716,1 commute,5.730057,7.952713,0,31.56172,10.97162,40.26672,0,0,0,3.517171,0
251,1352161388,MapQuest,0,4,1.500978,0.703583,0.797395,14.6998,0.562867,85.27848,4.618677,0,0.322329,0,1.971731,2.099149,1.031922,-0.154077,1 commute,5.686219,7.759516,0,27.61406,11.21659,38.95343,0,0,0,8.77019,0
252,1352161388,Shortest Path,0,4,2.797631,1.345015,1.452616,0,0.538006,9.254046,7.698388,0,5.607389,19.13945,38.63423,8.795629,0.430405,-0.129558,1 commute,5.701921,5.117663,0,54.63349,3.927509,30.61942,0,0,0,0,0
253,1352814006,Endomondo,1,4,2.364282,1.401056,0.963226,4.942677,0.175132,67.19,13.59169,0.351703,1.827774,0,0.876485,13.36712,2.977244,-0.451746,1 commute,7.162292,0,0,80.01405,12.24436,0,0,0,0,0.579303,0
254,1352814006,Google,0,4,1.559632,0.606524,0.953108,6.056666,1.38634,32.81093,3.682402,0,0,3.375444,55.11819,2.965823,1.126401,-0.43455,1 commute,7.055561,0,0,91.21955,1.152813,0,0,0,0,0.572072,0
255,1352814006,MapQuest,0,4,1.788421,0.975503,0.812919,13.04216,0.894211,83.29884,2.765015,0,9.674244,0,0.817204,2.765015,1.381962,-0.2991,1 commute,5.49244,0,0,81.34859,12.61953,0,0,0,0,0.539436,0
256,1352814006,Shortest Path,0,4,1.745988,0.827047,0.918941,0,1.654094,29.64183,10.06346,0,0.130282,3.573098,38.51604,9.575539,0.643259,-0.502524,1 commute,7.569061,0,0,92.07182,0.359116,0,0,0,0,0,0
257,1352858656,Endomondo,1,4,2.149102,1.21471,0.934392,18.93443,0.280318,67.2761,10.1444,0,0,0,9.101707,7.774384,0.654075,-0.146258,1 commute,0,0.789845,0,43.5355,10.86977,5.886225,32.99483,5.923836,0,0,0
258,1352858656,Google,0,4,1.701667,0.661759,1.039907,17.55328,0.567222,32.28183,0.539413,0.367752,0,0,32.13828,7.124386,0.472685,-0.307015,1 commute,0,0.798631,0,58.81346,14.28028,3.451226,12.94923,9.707169,0,0,0
259,1352858656,MapQuest,0,4,2.398262,1.247096,1.151166,15.84575,0.575583,89.97096,0.923435,0.379504,0,0,0,4.478936,0.479652,-0.258136,1 commute,0,0.811829,0,57.9395,15.56007,2.715763,13.54016,9.432686,0,0,0
260,1352858656,Shortest Path,0,4,4.00073,2.111496,1.889234,0,0.666788,14.03085,8.392721,0.585624,0.310532,0,46.41193,3.4512,0.111131,-0.144608,1 commute,0,0,0,76.32104,2.575489,0,21.10346,0,0,0,0
265,1354443650,Endomondo,1,4,1.184547,0.814376,0.370171,15.43627,1.702787,69.73617,11.13684,0,0,0,12.58153,6.200006,0.88841,-0.256859,1 commute,9.614098,0,0,67.76712,22.5593,0.044613,0.014871,0,0,0,0
266,1354443650,Google,0,4,3.159304,1.469444,1.68986,16.31929,0.146944,73.48546,1.25569,0,7.46058,3.620242,1.17755,2.687076,0.514305,-0.081664,1 commute,0,0,0,58.47966,29.08795,11.21731,0,0,0,1.215085,0
267,1354443650,MapQuest,0,4,1.996663,1.257158,0.739505,15.56696,0.961356,95.33083,1.289852,0,0.081364,0,0,4.138861,1.405059,-0.479378,1 commute,19.72289,0,0,55.74652,23.95518,0.045427,0.015142,0,0,0.51484,0
268,1354443650,Shortest Path,0,4,1.880171,0.854623,1.025548,0,0.341849,49.51351,13.38141,0,0.216977,0,6.468233,5.453257,1.025548,-0.289578,1 commute,20.0409,0,0,57.7454,21.60872,0.008521,0.017042,0,0,0.579414,0
269,1354482710,Endomondo,1,4,2.03608,1.01804,1.01804,1.926969,0.678693,15.07571,23.45836,0,0,0,0,40.09938,1.696734,-0.095488,1 commute,0,0,0,100,0,0,0,0,0,0,0
270,1354482710,Google,0,4,2.575579,1.28779,1.28779,7.4355,2.575579,2.407207,11.64552,0,0,53.98584,4.41716,12.38497,1.609737,-0.292505,1 commute,0,0,0,100,0,0,0,0,0,0,0
271,1354482710,MapQuest,0,4,3.414344,1.707172,1.707172,1.303757,2.39004,67.01956,4.809435,0,0,0,0,19.27066,1.707172,-0.265186,1 commute,0,0,0,100,0,0,0,0,0,0,0
272,1354482710,Shortest Path,0,4,3.458858,2.075315,1.383543,0,2.421201,24.01441,1.515268,0,0.433277,40.73779,4.468864,13.65151,1.729429,-0.654275,1 commute,0,0,0,100,0,0,0,0,0,0,0
285,1357403956,Endomondo,1,4,3.582084,1.791042,1.791042,6.486467,1.302576,62.09047,4.71786,0,7.064809,0,8.307079,17.56756,0.976932,-0.397006,1 commute,0,0,0,99.98364,0.016359,0,0,0,0,0,0
286,1357403956,Google,0,4,2.503159,1.408027,1.095132,10.82535,0.938685,24.73873,10.6207,0,0.126236,0,55.80367,11.50348,1.408027,-0.163599,1 commute,0,0,0,100,0,0,0,0,0,0,0
287,1357403956,MapQuest,0,4,2.962793,1.645996,1.316797,5.336453,1.975196,82.7947,8.885181,0,2.463491,0,9.759647,0.100448,0.493799,-0.413082,1 commute,0,0,0,99.98348,0.016521,0,0,0,0,0,0
288,1357403956,Shortest Path,0,4,3.120901,1.733834,1.387067,0,1.560451,47.77032,11.2818,0,2.235263,0,25.97573,9.970195,0.52015,-0.542107,1 commute,0,0,0,100,0,0,0,0,0,0,0
293,1358229438,Endomondo,1,4,2.933079,1.759847,1.173231,0.193338,1.173231,37.20881,17.75583,0,0,0,0,31.34395,0,-0.060396,1 commute,0,0,0,59.37591,22.48469,18.1394,0,0,0,0,0
294,1358229438,Google,0,4,1.760826,1.006186,0.75464,16.82724,2.263919,57.69555,7.955357,0,0,21.41563,0,12.93347,0,-0.303648,1 commute,0,0,0,79.4524,10.67571,9.871891,0,0,0,0,0
295,1358229438,MapQuest,0,4,2.389238,1.520424,0.868814,35.2994,2.389238,91.87383,0.096245,0,0.4488,0,0,0,0.65161,-0.181226,1 commute,0,0,0,79.12495,11.9286,8.946452,0,0,0,0,0
296,1358229438,Shortest Path,0,4,3.820374,2.351,1.469375,0,1.76325,1.706816,20.34194,0,11.71068,4.119994,47.4473,0,0,-0.02719,1 commute,0,0,0,78.85731,11.62993,9.512761,0,0,0,0,0
301,1358714014,Endomondo,1,4,3.783984,2.049658,1.734326,6.697973,0.630664,84.82159,0,0,0,0,0,8.489274,0.78833,-0.410446,1 commute,0.601076,0,0,86.25435,13.14457,0,0,0,0,0,0
302,1358714014,Google,0,4,4.360154,2.335797,2.024357,8.031491,0.778599,65.01068,0,0,0,0,0,9.280443,1.712918,-0.408746,1 commute,0,0,0,85.95858,14.04142,0,0,0,0,0,0
303,1358714014,MapQuest,0,4,2.454409,1.363561,1.090848,23.37289,0.954492,98.52639,0,0,0,0,0,1.30642,0.954492,-0.258463,1 commute,5.194627,0,0,71.05264,17.32456,6.332237,0,0.095943,0,0,0
304,1358714014,Shortest Path,0,4,4.542113,2.018717,2.523396,0,0.336453,25.60729,0,0,9.862867,0,0,13.95209,2.35517,-0.09854,1 commute,0,0,0,100,0,0,0,0,0,0,0
309,1359262470,Endomondo,1,4,1.566164,0.783082,0.783082,0.919311,0.391541,48.86559,42.06936,0,1.493452,0,0,6.441868,0.391541,-0.534085,1 commute,0,0,0,19.64564,46.80685,33.54751,0,0,0,0,0
310,1359262470,Google,0,4,2.441609,1.139418,1.302192,21.37708,0.325548,96.14642,0,0,0.499223,0,0,3.354354,0.325548,-0.198471,1 commute,0.674342,0,0,36.89145,62.43421,0,0,0,0,0,0
311,1359262470,MapQuest,0,4,2.148947,1.790789,0.358158,10.32583,0,68.27773,0,0,25.99947,0,0,5.722801,0.179079,-0.136523,1 commute,1.002327,0,0,38.60748,57.598,2.792196,0,0,0,0,0
312,1359262470,Shortest Path,0,4,2.568414,1.185422,1.382992,0,0.395141,36.5489,42.45024,0,2.106602,0,0,12.37748,0.395141,-0.467088,1 commute,0,0,0,10.33327,61.48689,28.17985,0,0,0,0,0
317,1359594908,Endomondo,1,4,1.23798,0.666605,0.571376,19.87852,0,0.448206,10.67504,0,4.54787,0.033807,1.012509,4.896143,1.476054,-0.178821,1 commute,2.596283,0,0,17.46503,9.158843,64.22208,0,0,0,6.55777,0
318,1359594908,Google,0,4,0.868541,0.561997,0.306544,11.7224,0,10.90466,0.972911,0.18161,7.145042,0,0,0.591915,3.167621,-0.717151,1 commute,0,0,0,14.93859,12.30297,62.81986,0,0,0,9.938587,0
319,1359594908,MapQuest,0,4,1.021045,0.612627,0.408418,11.8065,0,14.69555,0.935179,0.821839,3.056402,0,0,2.958838,3.012082,-0.60186,1 commute,0,0,0,17.98576,12.21249,62.881,0,0,0,6.920752,0
320,1359594908,Shortest Path,0,4,1.369913,0.684957,0.684957,0,0,0,8.922968,0,11.94057,58.80249,0,1.898901,2.340268,-0.051596,1 commute,0.828808,0,0,18.43955,12.16919,61.72621,0,0,0,6.836239,0
325,1359721300,Endomondo,1,4,2.575555,1.207291,1.368264,5.092845,0.965833,57.03246,9.280561,0,9.926829,0,0,24.18013,0.402431,-0.166798,1 commute,0,0,0,84.3664,15.6336,0,0,0,0,0,0
326,1359721300,Google,0,4,1.064723,0.304206,0.760516,11.2207,1.444981,1.434669,5.452883,0,15.24808,23.31028,36.40869,2.675471,0.912619,-0.287227,1 commute,0,0,0,84.48564,15.51436,0,0,0,0,0,0
327,1359721300,MapQuest,0,4,1.757035,0.840321,0.916714,10.72391,1.451464,82.054,0.969399,0,15.6197,1.940692,0,0.325021,0.53475,-0.189975,1 commute,0,0,0,84.44291,15.55709,0,0,0,0,0,0
328,1359721300,Shortest Path,0,4,1.099607,0.592096,0.507511,0,1.353362,19.382,14.61686,0,0,0,30.40821,2.383839,0.845851,-0.207456,1 commute,0,0,0,93.14015,6.859846,0,0,0,0,0,0
329,1359750674,Endomondo,1,4,2.512958,1.435976,1.076982,6.521372,0.239329,40.19492,3.833062,0,0,0,3.833062,4.281732,0.119665,-0.272798,1 commute,7.13686,0,0,75.95058,0,16.91256,0,0,0,0,0
330,1359750674,Google,0,4,2.197365,0.925206,1.272159,10.21839,0.462603,9.420667,15.59864,0,0,0,8.200124,6.414475,1.156508,-0.35507,1 commute,8.097447,0,0,70.16241,0,21.74014,0,0,0,0,0
331,1359750674,MapQuest,0,4,2.206582,1.21362,0.992962,15.53473,0.661975,95.54369,0.296592,0,0,0,0.296592,1.585521,0.441316,-0.061265,1 commute,10.03552,0,0,69.16074,0,16.24112,4.562611,0,0,0,0
332,1359750674,Shortest Path,0,4,2.804306,1.274684,1.529621,0,0.382405,15.01509,21.40045,0,3.233178,0,21.31005,10.2329,0.254937,-0.520936,1 commute,11.16368,0,0,68.17136,0,20.66496,0,0,0,0,0
337,1361345932,Endomondo,1,4,2.334923,1.089631,1.245292,31.28096,0.933969,94.1678,0,0,3.419883,0,0,0,0.933969,-0.127437,1 commute,0,0,0,86.66875,13.33126,0,0,0,0,0,0
338,1361345932,Google,0,4,2.616952,1.207824,1.409128,1.515104,0,74.09052,0,0,10.47039,0,10.0584,3.673166,0,-0.388189,1 commute,0,0,0,82.53459,17.46541,0,0,0,0,0,0
339,1361345932,MapQuest,0,4,2.394071,0.798024,1.596047,2.430024,0,98.30287,0,0,0,0,0,0,0.399012,-0.746674,1 commute,26.1824,0,0,71.60248,0.878068,0,0,0,0,1.337058,0
340,1361345932,Shortest Path,0,4,2.452247,0.817416,1.634832,0,0.204354,78.29601,0,0,0,0,5.619989,0,0.408708,-0.622848,1 commute,26.67209,0,0,71.07136,0.894491,0,0,0,0,1.362065,0
341,1361374048,Endomondo,1,4,2.376478,0.826601,1.549877,9.963072,0.103325,76.14278,3.395547,0,13.64492,0,0,8.020731,0.929926,-0.446765,1 commute,7.494048,0,7.494048,47.65552,26.26022,0,0,0,10.57862,0.517545,0
342,1361374048,Google,0,4,2.421004,0.907876,1.513127,12.63376,0.504376,48.4941,5.013642,0,7.892104,0,32.92568,8.794716,0.907876,-0.421411,1 commute,7.342054,0,0.21296,47.37856,25.5248,0,0,0,19.54163,0,0
343,1361374048,MapQuest,0,4,1.895064,0.598441,1.296623,13.91539,0.398961,76.2379,2.55416,0,17.18276,0,0,4.781478,0.498701,-0.577514,1 commute,7.261786,0,0.210632,43.85155,29.34804,0,0,0,19.32798,0,0
344,1361374048,Shortest Path,0,4,2.499629,1.136195,1.363434,0,1.022575,70.36404,4.60407,0,0.184172,0,24.21865,3.728361,0.454478,-0.26137,1 commute,8.210479,0,0.045362,70.41279,5.556816,0,0,0,15.77455,0,0
345,1362361370,Endomondo,1,4,2.997785,1.332349,1.665436,19.30355,1.110291,50.64126,6.821676,0,19.50783,2.795283,3.794513,0,0.888233,-0.359642,1 commute,19.02482,0,0,65.40131,13.55894,0,0,0,0,2.014917,0
346,1362361370,Google,0,4,1.816499,0.681187,1.135312,16.67425,1.135312,11.28796,3.946842,0,22.5902,34.60724,4.551462,4.210404,0.681187,-0.341992,1 commute,19.44759,0,0,64.71587,13.83292,0,0,0,0,2.003622,0
347,1362361370,MapQuest,0,4,2.530935,0.876093,1.654842,36.07629,0.681406,86.63257,0,0,0.264326,0,0,3.251899,1.07078,-0.0661,1 commute,14.68744,0,0,69.46187,7.171758,0,0,0,0,8.67894,0
348,1362361370,Shortest Path,0,4,3.046618,1.722001,1.324616,0,0.927231,32.96228,26.05482,0,0.451686,0,15.4799,0,0.79477,-0.273087,1 commute,22.137,0,0,75.62814,0,0,0,0,0,2.234859,0
353,1363094284,Endomondo,1,4,1.627684,0.813842,0.813842,8.384621,0.116263,93.44305,0,0,2.023076,0,0,0,0.232526,-0.521194,1 commute,15.23279,0,0,72.43701,11.5523,0,0,0,0,0.777894,0
354,1363094284,Google,0,4,1.798927,0.899464,0.899464,12.07691,1.12433,32.1484,1.217568,0,6.103658,28.95363,23.91798,0,0.337299,-0.114638,1 commute,35.90786,0,0,36.20145,25.70009,0,0,0,0,2.190605,0
355,1363094284,MapQuest,0,4,2.406342,1.260465,1.145877,9.969401,0,93.15102,3.158551,0.076469,1.402507,0,0,0,0.229175,-0.226967,1 commute,15.1975,0,0,79.24244,4.783968,0,0,0,0,0.776092,0
356,1363094284,Shortest Path,0,4,2.142194,0.88208,1.260114,0,0.126011,82.70624,0,0,7.320048,0,2.990828,2.377785,0.252023,-0.5321,1 commute,16.49692,0,0,76.39884,5.985163,0,0,0,0,1.119075,0
357,1364201586,Endomondo,1,4,2.833905,1.416953,1.416953,19.64247,1.771191,39.61901,17.49662,0,33.38416,20.18892,0,0.455087,0,-0.202017,1 commute,0,0.284141,0,78.08559,21.63026,0,0,0,0,0,0
358,1364201586,Google,0,4,2.470634,1.235317,1.235317,20.07992,0.705895,8.807315,13.4194,0,36.55079,7.911777,7.978268,1.04128,0,-0.195727,1 commute,0,0.422758,0,78.05179,21.52545,0,0,0,0,0,0
359,1364201586,MapQuest,0,4,2.552113,1.276056,1.276056,16.24623,1.276056,74.96858,0,0,24.57594,0,0.455476,0,0,-0.030843,1 commute,0,8.514924,0,79.5825,11.90258,0,0,0,0,0,0
360,1364201586,Shortest Path,0,4,6.993018,3.390554,3.602464,0,0.847638,20.78358,13.21156,0,8.214853,0,8.099174,28.19481,0,-0.054464,1 commute,0,0.347448,0,99.63084,0.021716,0,0,0,0,0,0
365,1365476296,Endomondo,1,4,1.545283,0.643868,0.901415,16.62102,0.064387,64.56106,21.11006,0,0.136664,0,16.32302,4.212384,1.867217,-0.053005,1 commute,0,0,0,34.98674,15.81194,49.20132,0,0,0,0,0
366,1365476296,Google,0,4,1.493025,0.522559,0.970467,0.585742,0.298605,31.4149,3.232274,0,0,0,7.329377,4.112277,0.447908,-0.689511,1 commute,0,0,0,34.4887,5.442431,60.06887,0,0,0,0,0
367,1365476296,MapQuest,0,4,1.707849,0.614826,1.093023,9.916842,0.273256,70.13038,3.199125,0,0.730718,0,0,5.376577,0.68314,-0.375921,1 commute,0,0,0,32.52781,4.146643,63.32555,0,0,0,0,0
368,1365476296,Shortest Path,0,4,2.477922,1.051239,1.426682,0,0.225266,37.88672,1.163729,0,1.494741,0,7.88008,0,0.450531,-0.706768,1 commute,0,0,0,35.26836,4.317959,60.41368,0,0,0,0,0
369,1365741072,Endomondo,1,4,1.494582,0.467057,1.027525,9.561502,0,60.7983,3.332605,0,0,0,0,11.58029,1.120937,-0.508948,1 commute,0,2.37585,0,27.42942,9.438181,14.79549,15.4011,0,0,30.55996,0
370,1365741072,Google,0,4,0.40838,0.20419,0.20419,0.242833,0,81.93343,0,0,0,0,3.071333,2.7807,0.510475,-1.180692,1 commute,0,2.588044,0,21.34375,7.114584,8.657262,9.469197,0,0,50.82716,0
371,1365741072,MapQuest,0,4,0.408189,0.306142,0.102047,0.289795,0,82.88898,0,0,2.969341,0,0,0.635976,0.510236,-1.123154,1 commute,0,2.586732,0,20.36924,8.125381,8.652871,9.464395,0,0,50.80138,0
372,1365741072,Shortest Path,0,4,0.921086,0.409372,0.511715,0,0,78.57143,0,0,0.599524,0,3.078639,5.356839,0.511715,-1.115884,1 commute,0,2.607095,0,22.38013,7.166956,8.720989,9.538902,0,0,49.58593,0
373,1366171128,Endomondo,1,4,1.276946,0.510778,0.766167,13.14699,0.893862,63.88277,9.241231,15.04672,0,0,0,10.53592,0.255389,-0.57846,1 commute,0,0,0,83.85291,3.855452,12.29164,0,0,0,0,0
374,1366171128,Google,0,4,1.49819,0.817195,0.680995,6.081858,0.408597,52.30567,6.187561,4.905582,0,0,2.02505,24.57277,0.136199,-0.402981,1 commute,0,0,0,74.11781,9.554832,16.32736,0,0,0,0,0
375,1366171128,MapQuest,0,4,1.826501,0.644648,1.181854,34.47586,1.504177,91.09075,0.898261,0,0,0,0.980423,3.887471,1.289295,-0.191048,1 commute,0,0,0,87.67345,1.376788,10.94977,0,0,0,0,0
376,1366171128,Shortest Path,0,4,3.467581,1.589308,1.878273,0,0.57793,9.089475,0,0.090613,3.244242,30.2941,9.467833,23.08226,0.144483,-0.060217,1 commute,0,0,0,76.33864,16.36758,7.293777,0,0,0,0,0
377,1366829154,Endomondo,1,4,2.715115,1.357558,1.357558,3.915742,1.018168,30.52054,12.39896,0,0,20.79317,8.857905,15.7431,1.696947,-0.518907,1 commute,0.535003,0,0,79.84064,5.828116,6.909505,0,0,0,6.886739,0
378,1366829154,Google,0,4,1.683822,0.7976,0.886222,32.65257,0.088622,47.66821,1.361132,0,0,0,24.17307,8.734682,0.620356,-0.023056,1 commute,0.646418,0,0,31.50624,12.88409,48.83556,0,0,0,6.12769,0
379,1366829154,MapQuest,0,4,2.005665,0.950052,1.055613,11.36624,1.055613,68.97252,4.265179,0,0,0,8.721725,11.5464,0.422245,-0.247755,1 commute,1.352923,0,0,81.86238,5.41169,6.690625,0,0,0,4.68238,0
380,1366829154,Shortest Path,0,4,2.586313,1.175597,1.410716,0,1.175597,31.72583,6.417259,0,1.214037,21.59756,18.32698,13.66942,1.528276,-0.516743,1 commute,0.552551,0,0,79.62614,6.818716,5.948742,0,0,0,7.053844,0
381,1366881008,Endomondo,1,4,1.394759,0.697379,0.697379,17.21379,0,48.18475,25.65469,0,0,0,0,5.89771,4.881655,-0.341083,1 commute,0,0,0,76.09745,22.52356,1.378993,0,0,0,0,0
382,1366881008,Google,0,4,2.566266,1.166484,1.399781,16.7932,0,28.78142,25.74327,0,18.16334,0,0,11.1234,5.132532,-0.43004,1 commute,0,0,0,58.6223,39.98138,1.396323,0,0,0,0,0
383,1366881008,MapQuest,0,4,1.800231,1.028703,0.771528,5.948869,0,67.55655,9.670424,0,0,0,0,16.02847,3.08611,-0.254457,1 commute,0,0,0,67.79314,30.67076,1.536098,0,0,0,0,0
384,1366881008,Shortest Path,0,4,2.724749,1.0899,1.634849,0,0.54495,7.99227,14.36829,0,0,0,55.42958,1.411356,3.814649,-0.105341,1 commute,0,0,0,68.64748,29.73918,1.613337,0,0,0,0,0
393,1367968684,Endomondo,1,4,1.822852,0.828569,0.994283,3.963722,0,74.79311,13.41848,0,0,0,0,8.940845,1.491424,-0.188881,1 commute,0,0,0,34.50658,0,11.15132,47.33553,7.006579,0,0,0
394,1367968684,Google,0,4,1.867009,0.339456,1.527553,1.504828,0.339456,0,5.848227,0,0,0.688546,94.72646,0,0.339456,-0.031463,1 commute,0,0,0,57.72689,0,10.11026,32.16285,0,0,0,0
395,1367968684,MapQuest,0,4,2.916319,2.148867,0.767452,12.24292,0.153491,87.14159,3.862884,0,1.578489,0,4.600259,4.212703,0.613962,-0.101054,1 commute,0,0,0,61.73352,0,9.236207,29.03028,0,0,0,0
396,1367968684,Shortest Path,0,4,1.895104,0.861411,1.033693,0,0.172282,41.0654,16.50912,0,20.91586,0,0,7.641004,2.584233,-0.262123,1 commute,0,0,0,40.11377,0,10.36028,33.82175,15.70419,0,0,0
397,1368481448,Endomondo,1,4,0.618525,0.463894,0.154631,5.143744,0.850472,92.77514,1.156888,0,0.368179,0,0,2.679206,2.319468,-0.69952,1 commute,12.69338,0,0,73.27506,3.836634,10.19493,0,0,0,0,0
398,1368481448,Google,0,4,0.938565,0.547496,0.391069,3.936335,0.938565,87.70791,1.175781,0,0,0,2.377257,0.71952,2.424627,-0.69849,1 commute,10.60333,0,0,75.06847,4.014399,10.3138,0,0,0,0,0
399,1368481448,MapQuest,0,4,1.167677,0.291919,0.875758,11.39041,0.729798,84.5048,0,0,0,0,0,0.671508,1.094697,-0.217946,1 commute,14.42159,0,0,49.34749,3.657008,32.57391,0,0,0,0,0
400,1368481448,Shortest Path,0,4,1.219388,0.569048,0.65034,0,1.463265,10.84002,2.93177,0,0,58.21466,0.658947,3.470341,1.381973,-0.104116,1 commute,9.395809,0,0,84.44859,4.027936,2.119539,0,0,0,0.008121,0
401,1368537302,Endomondo,1,4,2.133961,1.422641,0.71132,0.827991,2.133961,75.23307,9.295824,0,0,0,2.062502,15.47111,0,-0.075293,1 commute,0,0,0,100,0,0,0,0,0,0,0
402,1368537302,Google,0,4,1.428643,0.714322,0.714322,0.404338,2.857287,0.147834,0,0,0,55.82266,38.6402,5.389308,0,-0.34971,1 commute,0,0,0,100,0,0,0,0,0,0,0
403,1368537302,MapQuest,0,4,3.600609,1.543118,2.057491,39.43391,2.571863,81.42213,6.310954,0,8.368568,0,1.090773,4.106123,0.257186,0.047617,1 commute,0,0,0,100,0,0,0,0,0,0,0
404,1368537302,Shortest Path,0,4,3.227445,1.075815,2.15163,0,2.510235,31.83842,0,0,0,50.6871,4.440607,10.62581,0,-0.327806,1 commute,0,0,0,100,0,0,0,0,0,0,0
409,1368627110,Endomondo,1,4,2.842326,1.283631,1.558695,9.515367,1.100255,37.90331,10.30658,0,15.16424,0,3.590554,3.030873,1.925447,-0.042968,1 commute,0,0,2.380074,87.67528,9.94465,0,0,0,0,0,0
410,1368627110,Google,0,4,2.57854,1.333728,1.244813,12.93051,1.244813,14.89628,10.21279,3.029284,3.865157,0,42.60039,4.226018,2.22288,-0.079042,1 commute,0,0,2.307073,84.04722,12.76938,0,0,0,0,0.87633,0
411,1368627110,MapQuest,0,4,1.405521,0.665773,0.739748,35.73866,0.665773,70.6798,8.304447,2.775072,17.59338,0,0,2.79067,1.257571,0.023147,1 commute,2.643857,5.806117,5.213656,61.3123,17.01844,6.65778,0,0,1.347849,0,0
412,1368627110,Shortest Path,0,4,4.21732,2.309485,1.907835,0,1.204949,29.68767,6.616894,2.233725,17.92006,0,12.20792,9.788876,1.70701,-0.103329,1 commute,0,0,2.605534,88.80024,8.301353,0,0,0,0,0.29287,0
413,1368636824,Endomondo,1,4,2.996523,1.410129,1.586395,13.96295,2.291459,58.94167,25.06399,6.540918,1.536633,2.926885,17.89257,2.877925,1.057596,-0.286806,1 commute,0,0,0,98.42059,0,0,0,0,0,1.579414,0
414,1368636824,Google,0,4,3.519415,1.481859,2.037556,8.446487,0.555697,27.14547,7.970684,0.976065,36.69845,0,15.69041,7.002662,5.927436,-0.011923,1 commute,0,0,0,75.22681,22.62544,0,0,0,0,2.14775,0
415,1368636824,MapQuest,0,4,1.765901,0.963219,0.802682,25.1292,1.765901,70.55832,24.77217,6.4115,1.154375,0,0,4.535706,0.963219,-0.156342,1 commute,0,0,0,98.27892,0,0,0,0,0,1.721087,0
416,1368636824,Shortest Path,0,4,4.419316,2.209658,2.209658,0,1.406146,14.77081,14.12975,1.310336,3.663558,0,0.824616,7.448101,2.209658,-0.097481,1 commute,0,0,0,98.04356,0,0,0,0,0,1.956434,0
417,1368699144,Endomondo,1,4,3.15113,1.644068,1.507062,5.154653,0.685028,65.4362,16.92563,0,0.318026,0,0.496771,17.35328,0.95904,-0.241544,1 commute,0,0,0,95.67493,4.325069,0,0,0,0,0,0
418,1368699144,Google,0,4,1.208542,0.53713,0.671412,7.287207,2.014236,3.474476,17.21601,0,0,5.258159,72.06245,10.06951,0.53713,-0.012712,1 commute,0,0,0,99.47623,0.523771,0,0,0,0,0,0
419,1368699144,MapQuest,0,4,2.150471,0.940831,1.20964,7.189777,1.075236,84.3807,6.305585,0,0.678641,0,0,6.556793,0.940831,-0.140834,1 commute,0,0,0,98.81625,1.18375,0,0,0,0,0,0
420,1368699144,Shortest Path,0,4,5.186442,2.01695,3.169492,0,0.432204,29.64525,9.905532,0,7.957905,5.01216,7.907326,7.923249,0.432204,-0.155349,1 commute,0,0,0,86.4065,13.5935,0,0,0,0,0,0
425,1370136116,Endomondo,1,4,1.01954,0.5366,0.48294,17.45324,0.32196,61.38163,3.280843,0,11.27234,0,0,0,0.2683,-0.311032,1 commute,8.003229,13.99354,2.771798,31.48547,24.41335,1.038751,0,0,18.29387,0,0
426,1370136116,Google,0,4,1.411151,0.823171,0.58798,7.189794,0.705576,27.75685,4.56316,0,0.220815,6.345195,19.01245,4.724139,0.705576,-0.187052,1 commute,15.07762,10.80711,0,61.07179,10.12907,2.914412,0,0,0,0,0
427,1370136116,MapQuest,0,4,1.535797,0.682576,0.853221,10.80151,0.966983,84.20979,1.218584,0,0.66739,0,0.253362,0.019912,0.568814,-0.276178,1 commute,15.86365,10.07161,14.75222,37.02091,11.61272,1.22601,0,0,9.452879,0,0
428,1370136116,Shortest Path,0,4,1.260508,0.630254,0.630254,0,0.882356,65.36651,2.584414,0,1.665586,5.776948,7.204329,0,0.882356,-0.270241,1 commute,18.22722,11.11462,0,59.88493,5.582601,3.312891,0,0,1.877727,0,0
429,1370632576,Endomondo,1,4,1.271968,0.684906,0.587062,17.3528,0.195687,93.54196,1.630969,0,0,0,0,0,0.391375,-0.262024,1 commute,28.84766,8.254809,0,16.28386,19.99411,26.51158,0,0,0,0.10797,0
430,1370632576,Google,0,4,2.749704,1.222091,1.527614,12.74681,0.101841,56.21972,0,0,10.39951,13.82956,0.148937,1.726592,0,-0.2527,1 commute,0,0,0,56.90874,27.72713,15.24122,0,0,0,0.122913,0
431,1370632576,MapQuest,0,4,1.252228,0.626114,0.626114,10.03334,0.626114,85.8623,0.631542,0,0.076528,0,0,0,0.730466,-0.413791,1 commute,30.17295,1.354449,0,15.86789,43.81121,8.678891,0,0,0,0.114607,0
432,1370632576,Shortest Path,0,4,4.36325,2.181625,2.181625,0,0,63.56719,0,0,10.38184,0,0.366603,5.530333,0,-0.315188,1 commute,0,0,0,48.73038,33.94506,17.17451,0,0,0,0.150046,0
529,1370732032,Endomondo,1,4,1.106137,0.432836,0.673301,21.62852,0.288558,59.69085,9.316178,0,0.218861,0,0,10.39036,1.49088,-0.276283,1 commute,5.575251,2.345685,10.2909,19.22685,16.73061,38.82764,3.962896,0,0,3.040163,0
530,1370732032,Google,0,4,1.254062,0.434098,0.819964,21.27488,0.434098,33.84057,9.325674,0,0.231149,40.13163,1.443509,2.298364,1.157596,-0.301611,1 commute,5.613743,2.701644,10.64017,17.19362,16.78739,44.23943,0,0,0,2.824002,0
531,1370732032,MapQuest,0,4,1.094933,0.521397,0.573536,12.1885,0.260698,42.10858,0,0,0,0.017215,0,2.531347,1.459911,-0.091849,1 commute,10.48344,2.789905,6.064317,19.73698,4.97817,50.82526,0,0,0,5.121925,0
532,1370732032,Shortest Path,0,4,2.164304,0.877421,1.286883,0,0.292473,37.84613,14.14198,0,1.513328,1.111041,14.51215,2.80971,0.935915,-0.021336,1 commute,5.069588,5.614451,11.41842,14.53361,23.13888,37.29346,0,0,0,2.931596,0
537,1371924528,Endomondo,1,4,2.432794,0.729838,1.702956,8.417164,0.486559,33.84015,29.09532,0,2.191516,0,6.148834,29.2755,0.973118,-0.21518,1 commute,0,0,0,80.68002,0,9.423194,0,0,0,9.896782,0
538,1371924528,Google,0,4,2.202145,0.579512,1.622633,13.78394,1.274926,25.01163,3.625802,0,0.556191,4.226009,50.02092,0,2.549853,-0.364666,1 commute,19.22362,0,0,43.1311,1.743375,35.83217,0,0,0,0.069735,0
539,1371924528,MapQuest,0,4,2.674747,0.891582,1.783165,18.33191,1.114478,60.24867,1.324578,0,1.340585,0,13.23874,1.796608,2.674747,-0.27555,1 commute,18.83862,0,0,44.71078,1.699302,34.68377,0,0,0,0.067522,0
540,1371924528,Shortest Path,0,4,3.692593,2.241931,1.450661,0,0.527513,12.64456,32.15013,2.861936,2.783553,20.74003,6.900152,14.5787,0.527513,-0.219948,1 commute,0,0,0,76.78121,0,11.88802,0,0,0,11.33077,0
445,1372010680,Endomondo,1,4,1.349233,0.735945,0.613288,13.02706,0.122658,58.80327,20.21726,0,0,0,0,16.57353,0,-0.023883,1 commute,0,0,0,79.45926,5.541962,0,7.585026,7.413751,0,0,0
446,1372010680,Google,0,4,1.596454,0.665189,0.931265,4.208083,0.133038,58.54993,1.881183,0,0,0,4.167415,8.383596,0.399114,-0.752277,1 commute,0,0,0,31.66777,21.91362,4.930233,28.83721,12.65116,0,0,0
447,1372010680,MapQuest,0,4,1.705823,0.524868,1.180954,5.654022,0.131217,75.42159,1.83082,0,0,0,0,15.20787,0.393651,-0.57964,1 commute,0,0,0,33.01899,21.5979,4.846104,28.06811,12.46889,0,0,0
448,1372010680,Shortest Path,0,4,2.356815,0.970453,1.386362,0,0.138636,61.02307,1.960161,0,0.419953,0,0,15.93239,0.415909,-0.633402,1 commute,0,0,0,32.35009,22.82232,5.137793,28.22324,11.46656,0,0,0
453,1372196716,Endomondo,1,4,1.927386,1.177847,0.749539,16.21169,1.284924,85.42447,5.638888,0,0.120117,0,0,8.972518,1.606155,-0.309469,1 commute,2.682979,0.300494,0.45074,83.90212,5.687916,0,0,0,0,6.975746,0
454,1372196716,Google,0,4,0.949906,0.42218,0.527725,17.89839,1.266541,30.82732,0.873772,0,0.119251,31.40681,7.982517,0,1.477631,-0.189652,1 commute,2.644104,0,0.444209,84.44209,5.362242,0,0,0,0,7.107351,0
455,1372196716,MapQuest,0,4,1.266813,0.690989,0.575824,8.050362,1.266813,99.8935,0,0,0.106496,0,0,0,1.612307,-0.39611,1 commute,2.869276,0,0.482038,80.59222,8.596351,0,0,0,0,7.460117,0
456,1372196716,Shortest Path,0,4,4.853003,2.488719,2.364283,0,1.119924,50.92397,1.085494,0,8.322344,4.218073,0,8.409146,1.119924,-0.281325,1 commute,3.135976,0.351229,0.526844,76.41746,11.35223,0,0,0,0,8.216257,0
457,1372387758,Endomondo,1,4,2.450249,1.361249,1.089,7.436276,0.81675,78.21984,12.77737,1.127423,0,0,2.969999,13.6462,4.628248,-0.267685,1 commute,0,0,0,99.86584,0.134156,0,0,0,0,0,0
458,1372387758,Google,0,4,2.320344,0.870129,1.450215,0.845438,2.90043,22.04466,0,0,0.153401,11.64658,65.91606,0,0.580086,-0.196378,1 commute,0,0,0,99.85719,0.142816,0,0,0,0,0,0
459,1372387758,MapQuest,0,4,2.043844,1.167911,0.875933,0.177193,2.043844,96.34798,0,0,0,0,3.18396,0,0.583955,-0.585008,1 commute,0,0,0,99.85674,0.143266,0,0,0,0,0,0
460,1372387758,Shortest Path,0,4,1.754971,0.877485,0.877485,0,2.632456,70.21651,0,0,0.161068,0,3.189822,0,0.877485,-0.586558,1 commute,0,0,0,99.85661,0.14339,0,0,0,0,0,0
461,1373024536,Endomondo,1,4,0.994488,0.596693,0.397795,15.57735,0,60.25574,0,0,0,0,0,0,2.187873,-0.457367,1 commute,0,0,0,4.80315,13.18898,82.00787,0,0,0,0,0
462,1373024536,Google,0,4,0.454025,0.454025,0,1.263435,0,46.02813,0,0,0,0,0,0,2.497136,-0.927777,1 commute,0,0,0,6.663675,15.03253,78.30379,0,0,0,0,0
463,1373024536,MapQuest,0,4,0.677891,0.451927,0.225964,1.733368,0,11.74674,0,0,0,0,0,0,2.033674,-0.451657,1 commute,0,0,0,6.639839,0.134138,93.22602,0,0,0,0,0
464,1373024536,Shortest Path,0,4,1.609164,1.149402,0.459761,0,0,38.48349,0,0,1.64587,0,0,0,2.068925,-0.541123,1 commute,0,0,0,6.770002,5.128789,88.10121,0,0,0,0,0
465,1373270722,Endomondo,1,4,2.832431,1.132973,1.699459,6.927851,1.132973,55.51532,12.46387,0,0,0,12.46387,0,0,-0.892238,1 commute,14.58333,0,0,85.41666,0,0,0,0,0,0,0
466,1373270722,Google,0,4,2.275228,1.137614,1.137614,6.491611,1.137614,52.06815,12.51182,0,0,0,15.78786,0,0,-0.850607,1 commute,14.62342,0,0,85.37658,0,0,0,0,0,0,0
467,1373270722,MapQuest,0,4,3.679456,2.759592,0.919864,31.70025,0.919864,86.37518,10.63386,0,0,0,10.63386,0,0,-0.447917,1 commute,12.11026,0,0,87.88974,0,0,0,0,0,0,0
468,1373270722,Shortest Path,0,4,3.028658,0.605732,2.422926,0,1.211463,58.87018,0,0,0.161069,0,0,0,0.605732,-0.385655,1 commute,15.74896,0,0,84.25104,0,0,0,0,0,0,0
469,1373320144,Endomondo,1,4,3.869174,1.593189,2.275985,3.156204,0.227599,46.02555,0,0,8.632178,0,0,7.374063,0.227599,-0.525843,1 commute,0,0,0,58.08288,22.54098,13.00091,0,6.375227,0,0,0
470,1373320144,Google,0,4,5.346011,2.291147,3.054863,22.96824,0.763716,26.02559,0.05566,0,5.334377,0,21.49334,6.902472,0.381858,-0.096686,1 commute,0,0,0,51.08067,21.92204,18.00463,2.894635,6.098032,0,0,0
471,1373320144,MapQuest,0,4,2.108721,1.265232,0.843488,11.33858,0.210872,41.29474,0,0,3.013691,0,15.07268,2.281579,0.210872,-0.218911,1 commute,0,0,0,56.06475,25.96174,12.08745,0,5.886063,0,0,0
472,1373320144,Shortest Path,0,4,4.226075,2.34782,1.878256,0,0.234782,43.20171,3.348365,0,3.919495,0,3.348365,5.962401,0.234782,-0.603839,1 commute,0,0,0,55.95879,24.02248,13.46289,0,6.555842,0,0,0
473,1374173790,Endomondo,1,4,2.507359,1.149206,1.358153,6.923534,0.522366,67.01068,1.012854,0,0,8.473547,0.040886,3.493291,1.253679,-0.338562,1 commute,0,0,0,98.05897,1.941035,0,0,0,0,0,0
474,1374173790,Google,0,4,2.618998,1.108038,1.51096,10.89621,1.41023,51.05572,0,0,0.689565,8.041328,37.62383,0,1.208768,-0.032124,1 commute,1.141645,0,0,89.79592,9.062437,0,0,0,0,0,0
475,1374173790,MapQuest,0,4,2.124438,1.213964,0.910473,10.42155,0.202327,80.72951,0,0,0.647764,8.265568,0,4.584927,1.92211,-0.303875,1 commute,0,0,0,90.94516,9.054838,0,0,0,0,0,0
476,1374173790,Shortest Path,0,4,4.021435,1.787304,2.23413,0,0.781946,15.71955,0.340126,0,9.450709,41.99142,9.710297,1.792251,2.122424,-0.109483,1 commute,0,0,0,87.78867,12.21133,0,0,0,0,0,0
477,1374565140,Endomondo,1,4,3.323304,1.107768,2.215536,15.94769,0.276942,67.94325,4.019701,0,0,0,0,0,0,-0.274511,1 commute,44.60649,0,0,37.36929,18.02422,0,0,0,0,0,0
478,1374565140,Google,0,4,3.337082,1.820227,1.516856,5.84656,0,62.73166,0,0,33.14569,0,0,0,0,-0.174378,1 commute,26.06863,0,0,42.65503,31.27634,0,0,0,0,0,0
479,1374565140,MapQuest,0,4,2.54682,1.4149,1.13192,13.4737,0.28298,90.00131,0,0,1.712871,0,0,0,0,-0.331126,1 commute,26.11857,0,0,59.14429,14.73714,0,0,0,0,0,0
480,1374565140,Shortest Path,0,4,8.027698,3.532187,4.495511,0,0,63.37366,0,0,22.24357,0,0,0,0,-0.171106,1 commute,26.96882,0,0,35.96914,37.06204,0,0,0,0,0,0
493,1376175400,Endomondo,1,4,1.895673,0.812431,1.083242,19.28627,0.406216,99.40719,0,0,0,0,0,0,0.406216,-0.21585,1 commute,0,2.387697,0,77.49899,20.11331,0,0,0,0,0,0
494,1376175400,Google,0,4,1.751174,0.875587,0.875587,10.68222,0.729656,13.23188,0.924408,0,0.217634,0,16.79716,13.66074,0.291862,-0.190833,1 commute,0,1.300219,0,83.813,14.88678,0,0,0,0,0,0
495,1376175400,MapQuest,0,4,1.670077,1.214602,0.455476,6.385386,0.607301,98.93417,0.963267,0.102565,0,0,0,0,0.607301,-0.325178,1 commute,0,1.288855,0,85.32221,13.38893,0,0,0,0,0,0
496,1376175400,Shortest Path,0,4,4.845594,2.584317,2.261277,0,0.32304,31.54154,1.027255,0,4.266231,0,0.172129,26.11119,0.646079,-0.25047,1 commute,0,2.921972,0,73.70226,23.37578,0,0,0,0,0,0
497,1376585910,Endomondo,1,4,1.517766,0.624962,0.892803,3.141188,0.08928,34.47357,38.88843,0,0,0,0,8.373798,0.535682,-0.299061,1 commute,0,1.661279,0,20.86027,20.11494,57.36351,0,0,0,0,0
498,1376585910,Google,0,4,2.492257,0.913828,1.57843,10.84505,0.249226,77.77699,0.350277,1.429493,0,0,0,4.595887,1.246129,-0.599726,1 commute,9.038931,1.555537,0,15.34516,21.49163,52.56874,0,0,0,0,0
499,1376585910,MapQuest,0,4,1.936347,0.926079,1.010268,9.378642,0,78.87894,0.27691,4.946251,1.389312,0,0,5.255946,2.441481,-0.1263,1 commute,7.807167,1.578498,0,10.75939,12.09898,67.67065,0,0,0,0.085324,0
500,1376585910,Shortest Path,0,4,1.473357,0.552509,0.920848,0,0.092085,45.52613,0.388528,0,0,0.356502,0,5.097763,1.012933,-0.610415,1 commute,12.34943,1.701149,0,11.1908,17.30575,57.45287,0,0,0,0,0
501,1376593012,Endomondo,1,4,1.939852,0.81678,1.123072,5.756313,1.123072,8.032091,4.685293,1.027705,0,1.581178,22.52056,17.84137,0.81678,-0.251647,1 commute,4.297994,0,28.32583,60.55055,3.469095,0,0,0,3.356529,0,0
502,1376593012,Google,0,4,1.947815,1.025166,0.922649,5.323919,0.717616,47.6077,3.212767,0,2.906629,0,11.98481,10.38332,0.205033,-0.279102,1 commute,4.236504,0,4.750643,59.20823,16.48329,0,0,0,15.32134,0,0
503,1376593012,MapQuest,0,4,2.144229,1.021062,1.123168,5.7473,1.32738,89.43645,4.645691,0,0,0,0.465032,0.568086,0.612637,-0.171704,1 commute,4.230848,0,26.43253,60.2177,4.518382,0,0,0,4.600534,0,0
504,1376593012,Shortest Path,0,4,1.727592,0.647847,1.079745,0,1.187719,70.827,2.999112,0.340263,0,0,13.22972,0.303047,0.431898,-0.210554,1 commute,0.599651,0,0.021805,88.46489,0.479721,0,0,0,10.43393,0,0
505,1376608864,Endomondo,1,4,2.608353,1.460678,1.147675,29.74598,0.208668,75.79758,2.86506,0,0,0,0,0.489408,1.043341,-0.285129,1 commute,10.26424,2.726603,0,46.13117,4.326771,36.55122,0,0,0,0,0
506,1376608864,Google,0,4,2.005591,1.17976,0.825832,14.74316,0.58988,38.26913,5.034176,7.942357,0,15.29511,17.90286,3.106751,1.17976,-0.356466,1 commute,2.583766,5.391694,0,59.49741,17.29589,15.23124,0,0,0,0,0
507,1376608864,MapQuest,0,4,2.513222,1.196772,1.31645,13.11201,0.598386,81.61977,1.196722,0,0,0,0,0,1.077095,-0.435372,1 commute,10.38008,5.869617,0,50.97426,17.54871,15.22733,0,0,0,0,0
508,1376608864,Shortest Path,0,4,4.196449,2.16591,2.03054,0,0.541477,33.57923,0,0,4.363665,11.81113,16.66292,2.19447,1.218324,-0.166009,1 commute,3.19554,7.274952,0,60.04895,15.47457,14.00598,0,0,0,0,0
513,1376859212,Endomondo,1,4,2.67416,1.00281,1.67135,0.563482,0.66854,25.56385,53.36957,2.210074,11.80212,0,0.910747,3.696153,2.67416,-0.803445,1 commute,0,0,0,94.70743,5.292571,0,0,0,0,0,0
514,1376859212,Google,0,4,2.401474,1.334152,1.067322,25.9802,1.600983,14.0989,18.03678,5.932596,9.937808,0,30.21804,0,1.067322,-0.07178,1 commute,0,0,0,95.72604,4.273958,0,0,0,0,0,0
515,1376859212,MapQuest,0,4,3.007806,1.002602,2.005204,0.584352,0.668401,25.21226,52.63556,2.179678,11.6398,0,0.898221,4.103021,2.673605,-0.772753,1 commute,0,0,0,94.70743,5.292571,0,0,0,0,0,0
516,1376859212,Shortest Path,0,4,6.723072,3.361536,3.361536,0,1.008461,3.262305,32.18353,1.128312,26.23865,0,1.128312,17.60424,1.008461,-0.159244,1 commute,0,0,0,94.51917,5.480834,0,0,0,0,0,0
517,1376873390,Endomondo,1,4,0.729384,0.520989,0.208396,4.099427,0,30.02617,20.28157,0,0,0,0,0.628005,0.833582,-0.852597,1 commute,2.102102,0,0,13.68955,30.70312,53.50523,0,0,0,0,0
518,1376873390,Google,0,4,0.625142,0.416761,0.20838,4.106911,0,30.34068,20.19041,0,0,0,0,0.625183,0.833522,-0.842105,1 commute,2.102102,0,0,13.68955,30.70312,53.50523,0,0,0,0,0
519,1376873390,MapQuest,0,4,0.700104,0.40006,0.300045,8.453079,0.20003,42.93691,0,0,0,0,0,0.115644,1.100164,-0.306912,1 commute,2.259156,0,0,38.72412,4.578025,54.43869,0,0,0,0,0
520,1376873390,Shortest Path,0,4,1.4101,0.650815,0.759285,0,0.650815,29.78019,0,0,0,50.77666,0,0,0.650815,0.002731,1 commute,2.655539,9.234772,0,34.04509,5.18101,48.88359,0,0,0,0,0
