OBJECTID,tripID,source,Choice,Options,turnsPerkm,turnsLeftPerkm,turnsRightPerkm,perc_Detour,signalsPerkm,percCycleWay,percBikeLane,percSharrow,percFootway,percPrimary,percSecondary,percResidential,FlickrPerkm,PSOverlap,WorkoutType,percImpervious,percRoadRR,percBareGround,percBldg,percGrass,percTree,percWetland,percInlandWater,percCropland,percOcean,percBeach
1,1301395336,Endomondo,1,4,0.677966,0.474576,0.20339,4.110735,2.711865,0,0,0,0,55.96458,10.16521,7.467325,332.8814,-0.717024,1 commute,35.20725,23.51707,2.169072,18.18348,8.918602,5.382432,0.021011,0.628974,0,5.972112,0
2,1301395336,Google,0,4,0.808988,0.311149,0.497839,13.42395,1.804666,0,0,0,0.196358,47.41901,2.665477,14.03885,172.6879,0.038429,1 commute,27.03105,20.56497,0.574303,17.62993,14.86859,8.645044,0,0.332531,0,10.35358,0
3,1301395336,MapQuest,0,4,0.338689,0.270952,0.067738,4.200985,2.844992,0,0,0,0.033016,63.15709,0.789041,9.14784,338.0121,-0.59296,1 commute,35.51328,24.34088,1.561451,18.32828,8.671835,5.035118,0.021101,0.530532,0,5.997528,0
4,1301395336,Shortest Path,0,4,0.352918,0.352918,0,0,3.035093,0,0,0,0,85.88389,0,13.84231,381.7865,-0.484227,1 commute,33.97272,24.62266,1.424011,17.7742,9.419226,5.907251,0.021829,0.653463,0,6.20464,0
9,1302195892,Endomondo,1,4,0.989179,0.769361,0.219817,6.934114,1.75854,0,0,0,0,68.96145,0,29.90497,124.087,-0.618198,1 commute,31.72866,20.88826,0.780541,15.7487,11.9047,8.155877,0.034246,1.025155,0,9.73386,0
10,1302195892,Google,0,4,0.449225,0.336919,0.112306,4.651287,1.909207,0,0,0,0,62.10952,0.6965,11.3525,112.8678,-0.666761,1 commute,33.34135,20.86721,1.16317,16.36106,11.00203,6.423296,0.034931,0.878275,0,9.928685,0
11,1302195892,MapQuest,0,4,0.337104,0.337104,0,4.593807,2.134992,0,0,0,0,66.35005,1.355447,5.028061,129.8974,-0.856237,1 commute,33.79972,21.26665,1.152237,17.04117,10.05042,5.88238,0.03482,0.875483,0,9.897121,0
12,1302195892,Shortest Path,0,4,0.47012,0.35259,0.11753,0,1.998009,0,0,0,0,73.16822,0,22.12426,196.275,-0.173988,1 commute,33.34248,21.67682,1.084077,14.89093,11.12362,6.696023,0.03642,1.075091,0,10.07454,0
353,1303412278,Endomondo,1,4,2.427456,1.096271,1.331186,7.174098,0.548135,27.87284,0,0,25.38083,16.40162,0,26.18102,144.9426,-0.394778,1 commute,21.1657,10.54639,3.172001,7.423213,11.80885,10.98296,0,0.554189,0,4.852005,29.4947
354,1303412278,Google,0,4,1.130881,0.403886,0.726995,3.894038,1.050104,20.42418,0,13.72582,15.3558,34.409,0.787298,10.58218,162.6853,-0.581047,1 commute,24.32301,13.40434,2.762719,6.626184,11.94683,9.535043,0,0.834065,0,7.031551,23.53625
355,1303412278,MapQuest,0,4,0.655627,0.24586,0.409767,2.403015,1.229301,20.56854,0,14.30203,15.50812,49.01449,0.795107,10.80695,165.218,-0.711163,1 commute,24.15232,15.10008,2.990606,7.258398,12.85393,10.9905,0,0.435904,0,4.111549,22.10672
356,1303412278,Shortest Path,0,4,0.419614,0.335691,0.083923,0,2.517682,0,14.00038,23.77733,0,86.85527,0,9.86167,153.9982,-0.110443,1 commute,32.44223,20.46744,2.04892,14.95544,14.1891,12.30155,0,0.386683,0,3.204618,0.004017
13,1303953266,Endomondo,1,4,1.640103,0.937202,0.702901,48.74269,0.468601,0,0,0,0,0,13.51677,51.34027,172.2108,-0.214485,1 commute,18.01551,9.792446,0.120608,17.88848,15.21484,38.67945,0,0.288667,0,0,0
14,1303953266,Google,0,4,1.07554,0.614594,0.460946,13.40976,1.382837,0,0,0,0,18.20381,30.70299,19.45126,144.5832,-0.423778,1 commute,23.372,16.68971,0.352811,18.56887,19.61777,21.34232,0,0.056531,0,0,0
15,1303953266,MapQuest,0,4,0.971391,0.161898,0.809492,7.630703,2.590375,0,0,0,0,0.895537,20.14639,31.45222,343.8723,-0.101526,1 commute,26.07523,16.42108,0.359439,25.82759,14.86178,16.40093,0,0.053948,0,0,0
16,1303953266,Shortest Path,0,4,4.530562,2.091029,2.439534,0,0.69701,0,0,0,0,0.320055,0.931321,72.74722,117.6204,-0.212516,1 commute,26.97752,14.93449,0.487757,25.37389,15.84333,16.32477,0,0.05825,0,0,0
21,1304518368,Endomondo,1,4,3.136887,1.372388,1.764499,24.20236,1.960555,9.444849,0,0,1.45091,37.28802,0,45.61892,164.0984,-0.218994,1 commute,34.20194,11.97579,0.935424,21.94395,17.12298,6.790866,0,0.276697,0,1.786739,4.96561
22,1304518368,Google,0,4,1.117334,0.446934,0.670401,8.967143,2.234669,10.68952,0,0,17.5657,49.24422,0,22.50056,136.3148,-0.34441,1 commute,34.54357,13.85233,0.700632,19.33515,9.06039,5.239243,0,0.470336,0,3.341069,13.45728
23,1304518368,MapQuest,0,4,1.989824,0.884366,1.105458,10.13786,1.105458,10.57799,0,0,40.36801,16.33657,0,31.13743,97.28028,-0.536796,1 commute,28.2542,7.510791,1.144187,17.34385,20.74698,4.948632,0.039239,0.609104,0,3.468234,15.93479
24,1304518368,Shortest Path,0,4,2.435055,1.217528,1.217528,0,1.461033,11.63988,0,0,4.409342,25.71605,0,58.23472,55.76276,-0.370143,1 commute,34.47519,12.5701,1.106084,21.55896,14.82094,6.285532,0,0.280388,0,2.744905,6.157907
29,1307641304,Endomondo,1,4,1.836647,0.955056,0.881591,15.07079,2.057045,0,0,0,0,43.06248,18.97486,33.24545,108.5091,-0.199856,1 commute,28.9953,19.57724,0.431997,21.90215,16.43868,9.996625,0.026648,0.38936,0,2.242001,0
30,1307641304,Google,0,4,1.258438,0.786524,0.471914,7.482826,1.651699,0,0,0,23.37288,28.45572,27.08644,21.08495,875.8726,-0.537084,1 commute,25.79384,15.22545,4.088611,18.43244,14.12018,12.13962,0,0.225546,0,2.079577,7.894737
31,1307641304,MapQuest,0,4,1.380249,0.460083,0.920166,10.24678,1.303568,13.90798,0,0,51.58651,23.01662,0,6.615539,1162.093,-0.28397,1 commute,24.54855,9.301384,4.518972,14.7779,7.949305,6.810532,0,0.276208,0,2.195338,29.62181
32,1307641304,Shortest Path,0,4,0.845378,0.591764,0.253613,0,4.734115,0,0,0,0,50.08449,38.74957,6.979609,1161.802,-0.221974,1 commute,32.77824,24.29769,0.12974,27.675,6.296303,4.790908,0,0.169713,0,3.862401,0
33,1308582724,Endomondo,1,4,1.95139,0.780556,1.170834,23.39538,1.170834,0,0,0,1.455542,16.7862,3.310985,76.68927,171.3971,-0.106799,1 commute,27.8209,16.23843,0.407396,23.41269,17.29021,12.69298,0,0.242235,0,1.895152,0
34,1308582724,Google,0,4,1.430563,0.752928,0.677635,6.602764,2.409369,0,0,0,26.75899,50.46859,8.139466,13.44307,1026.316,-0.578074,1 commute,27.88818,17.46404,4.281027,16.41575,9.402202,7.025974,0,0.211779,0,9.553991,7.757051
35,1308582724,MapQuest,0,4,1.8664,1.11984,0.74656,7.512029,1.941056,0.813139,0,0,48.21999,33.79234,0,11.78974,1113.196,-0.481714,1 commute,24.69178,13.18395,4.865645,13.0768,13.45226,7.27069,0.013431,0.216726,0,4.966682,18.26204
36,1308582724,Shortest Path,0,4,0.722378,0.240792,0.481585,0,4.013209,0,0,0,2.312273,39.66002,33.42627,19.40192,977.2966,-0.440904,1 commute,28.08393,21.67303,0.392012,21.23543,11.74014,4.918291,0,0.214146,0,11.74302,0
345,1313936274,Endomondo,1,4,3.736594,1.644102,2.092493,45.09174,2.39142,0,2.020603,0,42.29832,4.153042,9.979173,39.10866,603.3853,-0.070584,1 commute,27.57703,23.55306,0.54963,23.75744,12.31014,10.03785,0,0.299303,0,1.915542,0
346,1313936274,Google,0,4,0.797867,0.5984,0.199467,8.719706,1.396267,0,22.5261,7.269346,0,7.269346,10.05941,81.54404,549.9297,-0.060408,1 commute,26.85594,19.99984,0.305963,29.39456,12.39584,10.11495,0,0.148633,0,0.784277,0
347,1313936274,MapQuest,0,4,0.434037,0,0.434037,0,3.255276,0,28.8376,5.464941,0,94.48271,0.502271,5.015015,209.2057,-0.691726,1 commute,27.23778,26.06827,0.480304,20.54948,16.92194,7.360382,0.076198,0.496571,0,0.809068,0
348,1313936274,Shortest Path,0,4,0.867438,0.650579,0.21686,0,3.252894,0,28.85733,3.677005,2.105019,92.37392,0.502615,5.018445,209.0526,-0.713288,1 commute,27.33072,26.03167,0.480403,20.59909,16.85178,7.324216,0.076214,0.496673,0,0.809235,0
77,1338639986,Endomondo,1,4,1.330092,0.48367,0.846422,4.217064,2.660183,0,0,0,82.06302,0,0.050689,1.601275,30.35027,-0.174731,1 commute,32.96875,26.9649,0.391146,8.765042,15.71295,13.13428,0.130382,1.932549,0,0,0
78,1338639986,Google,0,4,1.350784,0.85959,0.491194,2.620563,1.473583,0,0,0,0.235986,0,12.22725,7.194571,11.42027,-0.158053,1 commute,29.57195,21.00838,3.689932,11.30379,22.46777,10.07054,0.1869,1.700744,0,0,0
79,1338639986,MapQuest,0,4,1.358873,0.617669,0.741203,2.009713,1.853009,0,0,0,0,0,43.15952,8.665155,12.97106,-0.496019,1 commute,32.65998,21.8713,1.360668,12.92216,15.97195,13.17614,0.163241,1.874556,0,0,0
80,1338639986,Shortest Path,0,4,2.772365,1.134149,1.638216,0,1.638216,0,0,0,11.04496,1.200366,28.55982,15.74121,14.49191,-0.567399,1 commute,31.75143,21.34003,4.061824,11.06591,16.84811,13.03553,0.208208,1.688965,0,0,0
89,1345064724,Endomondo,1,4,1.461137,0.547926,0.91321,5.100294,3.104915,0,0,0,7.699743,0,86.89047,3.613779,748.8325,-0.061008,1 commute,33.43572,22.35448,1.7242,27.67704,6.733799,5.521063,0,1.106241,0,1.447459,0
90,1345064724,Google,0,4,1.433395,0.477798,0.955597,20.52619,1.911193,0,0,0,10.08682,17.67527,11.38266,37.24292,646.1426,-0.191151,1 commute,31.60646,19.32948,0.707285,20.86299,12.47925,9.267846,0,0.533008,0,5.21368,0
91,1345064724,MapQuest,0,4,2.064988,0.938631,1.126357,2.253901,3.566798,0.210519,0,0,7.345773,77.42198,9.477436,3.703627,1515.514,-0.330329,1 commute,38.53929,20.72025,0.501628,26.37892,5.831617,5.039494,0,0.560027,0,2.42878,0
92,1345064724,Shortest Path,0,4,4.031105,1.919574,2.111531,0,2.111531,0,0,0,25.55398,25.55991,0,34.95354,993.1874,-0.390755,1 commute,34.73892,18.57972,0.550012,21.2648,11.45819,9.125087,0,0.477296,0,3.805987,0
101,1353760766,Endomondo,1,4,2.150067,0.992339,1.157728,18.40948,2.646236,0,0,0,0,0,49.55613,30.38479,53.42089,-0.143391,1 commute,36.90445,20.56156,1.751497,26.07534,7.799716,5.968846,0,0.938585,0,0,0
102,1353760766,Google,0,4,1.304573,0.559103,0.74547,5.081133,1.677308,0,0,0,0,7.57445,11.18209,58.63121,44.91458,-0.751982,1 commute,38.54321,18.65937,1.826724,23.6934,10.57931,5.843445,0,0.854543,0,0,0
103,1353760766,MapQuest,0,4,1.304145,0.558919,0.745226,5.115587,1.676758,0,0,0,0,7.320448,10.80711,60.01847,44.89986,-0.677174,1 commute,38.54167,18.65826,1.826616,23.69644,10.57943,5.843099,0,0.854492,0,0,0
104,1353760766,Shortest Path,0,4,3.525069,1.566697,1.958371,0,0.979186,0,0,0,6.338307,6.713549,5.73249,67.62054,51.30933,-0.188657,1 commute,37.9541,17.41878,1.603916,23.6857,10.90631,7.572562,0,0.858622,0,0,0
105,1354335134,Endomondo,1,4,0.932998,0.466499,0.466499,0.18994,1.399496,0,0,0,52.56915,0,0,9.101736,0.466499,-0.316343,1 commute,21.81158,20.02637,0.377143,14.85979,19.40672,19.14852,0.366999,4.002877,0,0,0
106,1354335134,Google,0,4,2.233114,1.015052,1.218062,15.11354,0.609031,17.93375,0,0,0,0,11.57213,8.81789,3.248166,-0.213506,1 commute,21.417,20.90526,0.4583,16.44615,20.32713,16.26316,0.510122,3.672874,0,0,0
107,1354335134,MapQuest,0,4,1.390969,0.695484,0.695484,0.804181,1.15914,0,0,0,0,0,41.00913,14.46414,0.231828,-0.76361,1 commute,20.82224,18.12733,0.377251,16.62659,20.39084,19.55831,0.369908,3.727535,0,0,0
108,1354335134,Shortest Path,0,4,1.402154,0.701077,0.701077,0,1.402154,0,0,0,3.727979,0,49.89872,9.86169,0.467385,-0.777606,1 commute,21.62222,19.5771,0.367215,15.79673,19.52068,18.88707,0.372765,3.856222,0,0,0
109,1354376220,Endomondo,1,4,2.164168,1.082084,1.082084,18.52815,1.442779,0,0,0,92.20298,0,0,4.184039,1.442779,0.075906,1 commute,27.52806,20.22888,0.244232,17.29736,13.43205,18.17484,0.919893,2.174692,0,0,0
110,1354376220,Google,0,4,2.052581,1.11959,0.932991,14.55751,1.11959,0,0,0,0,0,0,27.71793,2.052581,-0.235145,1 commute,22.12282,16.84176,0.544217,16.50543,21.22371,17.22561,0.941428,4.59503,0,0,0
111,1354376220,MapQuest,0,4,2.544586,1.484342,1.060244,0.808083,1.272293,0,0,0,3.401359,0,9.439165,26.57639,0.848195,-0.559434,1 commute,21.04312,15.60955,0.401328,16.03454,22.27245,20.68065,0.707183,3.251181,0,0,0
112,1354376220,Shortest Path,0,4,1.923861,1.068812,0.855049,0,1.496336,0,0,0,16.68358,0,0,24.65621,1.068812,-0.580424,1 commute,21.38285,16.88741,0.392237,15.26158,21.292,20.09916,0.717403,3.967365,0,0,0
113,1356683644,Endomondo,1,4,1.971578,1.067938,0.90364,6.9793,1.478684,0.349668,0,0,24.38118,7.677458,36.68379,26.1224,6.571928,-0.11778,1 commute,26.26393,23.47705,0.384054,11.75411,20.97705,15.02288,0,1.546498,0.574423,0,0
114,1356683644,Google,0,4,1.671835,0.835917,0.835917,5.133043,1.588243,11.92933,0,0,0.025088,2.599436,61.89053,21.82273,4.179586,-0.162857,1 commute,24.74881,21.9448,0.601315,11.62922,20.90616,17.06788,0.0275,1.897512,1.176806,0,0
115,1356683644,MapQuest,0,4,1.479702,0.700912,0.778791,12.84487,1.090307,0,0,0,1.804919,0,27.26468,1.957124,10.20216,-0.088777,1 commute,27.5304,19.61486,0.532584,14.57033,20.62965,14.88419,0.035985,2.201994,0,0,0
116,1356683644,Shortest Path,0,4,2.460711,1.05459,1.40612,0,0.966708,0,0,0,1.785469,14.83467,3.316077,45.75105,13.35814,-0.109083,1 commute,22.65448,14.86606,2.296303,7.815631,29.07084,20.39387,0,0.975849,1.926958,0,0
117,1356783376,Endomondo,1,4,1.114511,0.557256,0.557256,10.28883,1.592159,11.21959,0,0,82.22762,0,0,1.899727,8.756873,-0.020546,1 commute,26.21656,24.30066,0.606329,10.87918,19.45768,16.25517,0.097548,1.533994,0.652872,0,0
118,1356783376,Google,0,4,1.718343,0.900084,0.818258,7.299419,1.472865,13.52094,0,0,8.944703,6.543086,41.00491,7.452034,21.11107,-0.287998,1 commute,21.09402,19.58033,0.56986,9.004507,23.77707,16.51243,0.050369,7.13625,2.275159,0,0
119,1356783376,MapQuest,0,4,2.093462,1.0886,1.004862,4.84864,1.0886,0,0,0,7.448829,9.811216,10.01956,20.83597,10.80226,-0.516058,1 commute,21.05826,14.43462,0.746241,9.701806,26.54438,21.40817,0.147028,4.3284,1.631099,0,0
120,1356783376,Shortest Path,0,4,2.63396,1.141383,1.492577,0,0.965785,0,0,0,10.78364,14.79443,2.988676,36.61311,19.40351,-0.387519,1 commute,21.33881,13.60688,2.309468,8.186186,30.38649,18.69068,0.036765,3.47357,1.971161,0,0
121,1356801140,Endomondo,1,4,0.639916,0.365666,0.27425,12.3519,3.473829,0,0,0,53.5918,8.309118,25.25611,0.077055,397.4792,-0.082211,1 commute,35.01106,22.323,2.459286,24.32934,8.299086,7.055208,0,0.523027,0,0,0
122,1356801140,Google,0,4,1.355323,0.677661,0.677661,6.093949,1.839366,0,0,0,0,4.091932,16.84784,40.16198,77.05977,-0.33144,1 commute,34.83105,20.96702,1.326027,22.91772,11.74022,7.770656,0,0.447302,0,0,0
123,1356801140,MapQuest,0,4,1.026772,0.560057,0.466714,10.03327,2.89363,0,0,0,0,26.81895,2.567895,11.54773,429.2839,-0.199564,1 commute,34.17208,20.28488,1.108066,24.20741,11.13646,8.548204,0,0.542911,0,0,0
124,1356801140,Shortest Path,0,4,3.389372,1.848748,1.540624,0,2.054165,0,0,0,0.770893,16.75735,29.21798,41.86958,69.22535,-0.125864,1 commute,35.673,24.14833,1.218656,21.65244,9.327101,7.527163,0,0.453308,0,0,0
125,1360813304,Endomondo,1,4,1.048461,0.655288,0.393173,2.102853,1.965864,0,0,0,66.35143,0,0,7.877887,249.6648,-0.166027,1 commute,30.08541,22.45407,1.052,17.99188,11.70251,8.893321,0,0.082623,0,7.738173,0
126,1360813304,Google,0,4,1.105495,0.859829,0.245666,8.939675,1.228327,2.41583,0,0,0.983649,1.177141,23.78172,12.71753,206.2361,-0.363791,1 commute,33.02776,20.2824,3.320254,18.07727,11.26149,6.958059,0,0.068926,0,7.003845,0
127,1360813304,MapQuest,0,4,0.575775,0.575775,0,16.20301,1.497015,0.568171,0,0,2.883871,22.60996,0,18.23107,203.8244,-0.380572,1 commute,30.95464,20.68732,1.61511,20.24374,11.32631,7.789321,0,0.173231,0,7.210329,0
128,1360813304,Shortest Path,0,4,2.007204,1.070509,0.936695,0,2.141017,3.045557,0,0,3.049166,67.88251,0,6.63182,274.3178,-0.294933,1 commute,30.5355,23.62794,1.499377,19.00625,10.92326,7.314767,0,0.075211,0,7.017685,0
129,1361796214,Endomondo,1,4,1.110976,0.512758,0.598218,1.044158,1.538274,0.040601,0,0,44.2923,0,0,5.22912,214.4184,-0.588708,1 commute,29.03665,20.93535,0.912473,17.26038,11.20322,7.456103,0,0.184831,0,13.01099,0
130,1361796214,Google,0,4,0.515614,0.257807,0.257807,0.484394,1.804651,0,0,0,0.455474,45.93194,0,5.743031,219.9096,-0.744576,1 commute,29.04836,21.67762,1.188037,18.175,10.54172,6.669108,0,0.179985,0,12.52017,0
131,1361796214,MapQuest,0,4,1.162471,0.415168,0.747303,3.996429,1.494606,0.559086,0,0,2.420866,19.3081,0.975445,4.105181,178.9375,-0.595379,1 commute,30.69374,20.03115,1.320078,18.55664,10.34434,5.894053,0,0.25138,0,12.90862,0
132,1361796214,Shortest Path,0,4,0.949872,0.43176,0.518112,0,1.640688,0,0,0,16.59303,28.63846,0,4.511301,214.4984,-0.988567,1 commute,28.63794,21.77795,1.122432,17.48326,11.07327,7.169359,0,0.18049,0,12.5553,0
133,1365050428,Endomondo,1,4,2.793452,1.396726,1.396726,3.725943,0,41.60741,0,0,6.240024,1.725794,0,40.99438,155.2694,0.005374,1 commute,14.40598,10.10102,5.023069,5.978382,14.90642,12.11769,0,0.552538,0,4.666803,32.2481
134,1365050428,Google,0,4,1.157497,0.462999,0.694498,4.303215,1.388996,1.640374,0,0,0,50.07392,2.228931,2.61219,177.56,-0.441759,1 commute,27.72194,18.89116,2.313521,5.42326,19.18619,13.00519,0,1.341384,0,10.62937,1.487983
135,1365050428,MapQuest,0,4,0.481461,0.24073,0.24073,0.303633,1.925842,4.628756,0,0,0,90.19397,2.239798,2.624925,187.0474,-0.830442,1 commute,24.69215,23.90157,2.728195,5.230778,21.79049,17.16734,0,0.205705,0,2.752841,1.530936
136,1365050428,Shortest Path,0,4,0.724384,0.482922,0.241461,0,1.690229,4.654938,0,0,0,89.82631,1.525133,2.639773,186.4081,-0.821687,1 commute,24.74932,23.89215,2.737028,5.01741,21.86769,17.23082,0,0.206443,0,2.762715,1.536427
333,1373514094,Endomondo,1,4,3.298402,1.319361,1.979041,6.964858,2.308882,34.14614,0,0,32.08081,0,0,2.589062,31.33482,-0.404543,1 commute,36.6974,27.75184,0.288998,14.57433,10.38252,8.675292,0,1.629628,0,0,0
334,1373514094,Google,0,4,2.322435,0.663553,1.658882,6.340622,2.322435,34.06756,0,13.1101,0,14.78515,0,3.035749,29.5281,-0.573355,1 commute,34.08125,29.41003,0.337969,12.73822,12.12263,9.185521,0.158255,1.966123,0,0,0
335,1373514094,MapQuest,0,4,1.3969,0.349225,1.047675,1.027473,4.190699,11.88286,0,12.18836,0,33.40475,0,2.822313,28.98567,-0.610185,1 commute,36.08625,34.87295,0.202678,9.192185,10.11595,8.247735,0.162693,1.119552,0,0,0
336,1373514094,Shortest Path,0,4,1.411252,0.352813,1.058439,0,4.233757,11.98876,0,0,12.28982,33.22316,0,2.442724,28.93068,-0.609367,1 commute,36.27933,35.01775,0.194945,8.519112,10.2597,8.434171,0.164311,1.130683,0,0,0
329,1378277498,Endomondo,1,4,3.165345,1.21744,1.947905,17.79483,3.895809,0,9.376493,0,0,2.521537,19.76756,30.31777,207.4518,-0.258432,1 commute,34.00591,23.88921,6.160295,19.58751,9.226401,4.11241,0,1.981321,0,1.036943,0
330,1378277498,Google,0,4,1.12393,0.280983,0.842947,2.076241,4.214737,0,31.82449,10.79273,0,22.98063,9.507918,0,354.3189,-0.160439,1 commute,35.19917,26.78082,5.684729,13.67581,12.13787,3.847598,0,1.589825,0,1.084172,0
331,1378277498,MapQuest,0,4,2.356058,0.785353,1.570705,9.56213,4.450332,1.144179,23.22307,0,5.4067,22.19568,8.029092,10.20539,657.0784,-0.151047,1 commute,35.14368,24.29734,5.16618,19.06494,8.803002,4.058315,0,1.438962,0,2.027581,0
332,1378277498,Shortest Path,0,4,3.728613,1.720898,2.007715,0,4.589062,0,10.37281,0,3.525936,23.65905,7.033044,30.55576,364.8304,-0.141257,1 commute,38.84819,26.836,3.66516,12.64549,9.905746,5.405313,0,1.357889,0,1.336209,0
153,1384667146,Endomondo,1,4,2.244229,1.683172,0.561057,2.195553,4.488459,7.046598,0,0,52.91402,0,0,0,1665.779,-0.47445,1 commute,38.44824,29.52068,3.578464,12.69424,6.487196,5.379733,0,0.216678,0,3.674765,0
154,1384667146,Google,0,4,3.133107,1.566553,1.566553,9.803279,5.744029,0,0,0,10.14225,38.36122,0,0,1608.85,-0.462615,1 commute,37.35391,32.12322,2.777212,13.49106,5.010791,2.787393,0,0.201572,0,6.254836,0
155,1384667146,MapQuest,0,4,3.655436,2.284648,1.370789,25.48449,4.112366,0,0,0,38.9466,23.53016,0,0,1156.946,-0.392527,1 commute,35.43823,22.5989,4.17511,11.03018,4.808588,2.254596,0,0.580536,0,19.11386,0
156,1384667146,Shortest Path,0,4,2.293503,1.720127,0.573376,0,5.160381,0,0,0,59.22195,0,0,0,1841.109,-0.489031,1 commute,38.78267,30.72414,4.061466,10.55226,6.537428,5.333866,0,0.219839,0,3.788333,0
165,1709740745,Endomondo,1,4,1.92539,0.99835,0.92704,6.435183,1.069661,2.604073,0,0,0,0,1.533401,29.84636,2.281944,-0.494992,1 commute,25.8032,16.20291,0.754151,16.88678,22.11707,17.10336,0.051061,1.081456,0,0,0
166,1709740745,Google,0,4,1.114073,0.557037,0.557037,9.005001,1.253332,0,0,0,0,11.37158,5.367843,13.68504,2.088887,-0.582597,1 commute,26.60866,19.20492,0.813478,14.72168,20.82627,15.39803,0.049913,2.37706,0,0,0
167,1709740745,MapQuest,0,4,0.740086,0.296034,0.444051,2.55529,0.962112,0,0,0,0,0,9.935242,48.36124,1.03612,-0.421109,1 commute,27.64819,15.82387,0.64464,16.50077,21.86685,16.85299,0,0.662695,0,0,0
168,1709740745,Shortest Path,0,4,2.65649,1.366195,1.290295,0,1.062596,0.762974,0,0,0,0,39.82836,26.51005,3.567286,-0.191028,1 commute,29.86109,17.85488,0.896636,16.61503,18.6841,15.49255,0.054546,0.541168,0,0,0
169,1747435788,Endomondo,1,4,2.033875,0.856369,1.177507,4.581288,0.642277,0,0,0,0,0.264989,1.323336,72.66659,86.38618,-0.683161,1 commute,24.37676,13.74686,0.398341,19.98295,16.94952,23.8053,0,0.740269,0,0,0
170,1747435788,Google,0,4,1.658582,0.72563,0.932952,7.996013,0.72563,0,0,0,0,4.499005,8.438473,77.50288,35.86684,-0.342672,1 commute,25.20505,14.16652,0.524517,19.09026,16.83811,21.88353,0.033224,2.258787,0,0,0
171,1747435788,MapQuest,0,4,1.389122,0.534278,0.854845,4.767739,1.495978,0,0,0,0,0,16.71048,46.64929,242.2416,-0.370473,1 commute,23.63061,15.01649,0.324737,20.33771,16.48211,23.46996,0,0.738389,0,0,0
172,1747435788,Shortest Path,0,4,1.567302,0.671701,0.895601,0,1.119502,0,0,0,0,41.41373,0.407868,34.45619,43.77252,-0.103319,1 commute,27.3718,18.17689,0.564848,18.2271,13.88225,21.31672,0.087865,0.37253,0,0,0
173,1761937865,Endomondo,1,4,1.571989,0.698662,0.873327,8.949606,1.047992,50.85271,0,0,14.98501,0.143657,0.241435,16.31301,223.2224,-0.48518,1 commute,26.11471,22.79501,0.311857,15.62054,13.65479,21.31071,0,0.050107,0,0.142263,0
174,1761937865,Google,0,4,1.528469,0.764235,0.764235,12.05169,0.67932,55.08963,0,0,5.305982,0.145298,3.120177,21.86897,183.671,-0.541615,1 commute,26.45656,22.07172,0.400294,15.52427,13.61341,19.52414,0,0.101862,0,2.307739,0
175,1761937865,MapQuest,0,4,0.86982,0.347928,0.521892,9.388828,2.696443,0,0,0,3.833502,33.59691,13.76153,11.54389,660.9765,-0.181626,1 commute,32.51696,19.00493,0.596062,25.92261,9.723593,11.9495,0,0.149626,0,0.136721,0
176,1761937865,Shortest Path,0,4,0.761189,0.285446,0.475743,0,2.75931,0,0,0,6.338494,5.994833,68.36126,5.093254,441.2993,-0.230972,1 commute,32.18626,20.49925,0.458099,23.39486,8.68758,14.49319,0,0.132239,0,0.148532,0
177,1781244163,Endomondo,1,4,1.45786,0.485953,0.971907,0.457836,1.619845,0,0,0,0,0,0,46.26617,112.5792,-0.332936,1 commute,26.53553,15.39165,0.467467,22.00702,14.18177,21.25366,0,0.162905,0,0,0
178,1781244163,Google,0,4,1.193814,0.596907,0.596907,9.046149,0.298454,0,0,0,0,14.20362,0,53.49474,39.5451,-0.13351,1 commute,25.19682,13.85002,0.287577,17.87134,14.81792,27.72618,0,0.250144,0,0,0
179,1781244163,MapQuest,0,4,0.941382,0.627588,0.313794,3.715198,2.353456,0,0,0,0,0,3.860903,14.52073,189.3747,-0.70367,1 commute,25.28649,21.99986,0.434482,23.95068,12.39768,15.77332,0,0.157484,0,0,0
180,1781244163,Shortest Path,0,4,1.301809,0.81363,0.488178,0,2.278165,0,0,0,0.200926,0,1.149602,17.90713,196.0849,-0.745809,1 commute,24.68065,21.20914,0.460928,23.7756,12.60473,17.1054,0,0.163555,0,0,0
185,1804042088,Endomondo,1,4,3.260958,1.686702,1.574256,3.261749,1.124468,24.61854,0,0,0,0,0.765916,39.09399,5.959682,-0.133999,1 commute,31.13719,15.82991,0.47858,17.47724,21.77174,12.06666,0,1.238677,0,0,0
186,1804042088,Google,0,4,0.427548,0.213774,0.213774,8.632876,1.389533,0,0,0,0,45.68694,45.36081,8.484459,9.406067,-0.027967,1 commute,28.94835,31.16025,0.661949,11.03903,14.59488,6.787541,0.012795,6.795218,0,0,0
187,1804042088,MapQuest,0,4,1.233077,0.448391,0.784685,3.583199,0.896783,0,0,0,0,0,0.760287,22.26306,3.13874,-0.19905,1 commute,27.39769,12.61485,0.647891,16.26578,24.563,17.74335,0,0.76744,0,0,0
188,1804042088,Shortest Path,0,4,3.135093,1.509489,1.625604,0,0.812802,0,0,0,0,1.782664,2.202146,42.5027,2.902864,-0.275986,1 commute,26.87793,12.31303,0.711168,17.75814,23.78716,17.83627,0,0.716314,0,0,0
325,1821259519,Endomondo,1,4,2.686956,1.511413,1.175543,14.24284,0.839674,29.21166,0.30016,0,0,0,1.454717,52.10514,3.694565,-0.069216,1 commute,19.76327,13.05856,0.575362,12.45631,17.32806,35.88751,0.338764,0.592165,0,0,0
326,1821259519,Google,0,4,0.759552,0.569664,0.189888,1.035067,1.519104,0,0,0,0,0,65.93535,5.504992,3.228095,-0.829371,1 commute,22.51544,16.25311,0.634787,12.37835,19.4428,28.43036,0.054024,0.291132,0,0,0
327,1821259519,MapQuest,0,4,0.191848,0.191848,0,0.002838,1.534784,0,0,0,0,0,66.73265,0,4.412504,-1.014734,1 commute,24.60025,17.54641,0.645801,11.2171,19.84268,25.79949,0.054511,0.293753,0,0,0
328,1821259519,Shortest Path,0,4,0.191853,0.191853,0,0,1.534827,0,0,0,0,0,66.73265,0,4.412629,-1.014706,1 commute,24.60006,17.54681,0.645816,11.21736,19.84313,25.79856,0.054512,0.293759,0,0,0
193,651073276,Endomondo,1,4,1.186857,0.890142,0.296714,21.11272,0.890142,0,0,0,44.65958,0,0.251084,55.08933,30.56156,-0.001844,1 commute,11.89141,8.665788,0.733519,6.191182,20.08023,52.35041,0.037317,0.050145,0,0,0
194,651073276,Google,0,4,1.021629,0.681086,0.340543,5.525181,1.021629,51.14934,0,0,0,0,19.218,0.292359,4.086515,-0.646796,1 commute,15.40084,10.41492,0.480442,6.864983,19.37249,47.32754,0,0.138794,0,0,0
195,651073276,MapQuest,0,4,1.021629,0.681086,0.340543,5.525181,1.021629,51.14934,0,0,0,0,19.218,0.292359,4.086515,-0.646796,1 commute,15.40084,10.41492,0.480442,6.864983,19.37249,47.32754,0,0.138794,0,0,0
196,651073276,Shortest Path,0,4,3.593586,1.796793,1.796793,0,0.359359,0,0,0,0,0,4.207223,69.53638,1.078076,0.022093,1 commute,14.63654,10.14635,0.444179,13.27838,22.29293,37.91464,0.019931,1.267048,0,0,0
201,651441499,Endomondo,1,4,1.223858,0.244772,0.979086,6.599856,3.426803,0,0,0,0,29.50719,29.95415,34.94427,732.3567,-0.425521,1 commute,28.30405,23.49816,0.273901,18.86224,11.13377,9.813806,0,0.677953,0,7.436114,0
202,651441499,Google,0,4,1.017944,0.508972,0.508972,2.530681,2.799346,0,0,0,0,38.20755,9.657018,49.56234,811.3013,-0.30677,1 commute,28.5947,20.67183,0.334811,21.13735,13.98667,9.382761,0,0.345871,0,5.546004,0
203,651441499,MapQuest,0,4,2.314792,0.841742,1.473049,23.99337,1.473049,0.043963,0,0,71.1472,1.876527,0.205143,6.237834,1108.785,-0.028693,1 commute,21.556,6.86494,1.19784,13.81788,6.869212,7.769728,0,0.169167,0,1.394347,40.36089
204,651441499,Shortest Path,0,4,1.304631,0.521852,0.782779,0,3.131114,0,0,0,0,28.71666,67.73444,0,809.1321,-0.511295,1 commute,27.25404,24.40911,0.218999,16.15119,12.81145,11.32701,0,0.464857,0,7.363332,0
205,651444727,Endomondo,1,4,1.534708,0.920825,0.613883,13.95178,0.383677,26.45727,0,0,0,0,1.0806,51.07563,22.17653,-0.241214,1 commute,14.12186,8.357551,0.527481,8.786515,22.00319,44.7275,0.009883,0.162136,1.303879,0,0
206,651444727,Google,0,4,0.434757,0.260854,0.173903,0.56354,0.521708,0,0,0,0,0,61.75714,17.07522,17.04247,-0.870932,1 commute,13.40347,8.968212,0.437533,7.175817,21.26521,46.4883,0.053003,0.368941,1.839509,0,0
207,651444727,MapQuest,0,4,0.436495,0.261897,0.174598,0.163191,0.611092,0,0,0,0,0,58.13998,15.7431,18.07087,-1.01245,1 commute,13.98105,9.057464,0.440929,7.949578,20.91246,45.50639,0.035817,0.269843,1.846475,0,0
208,651444727,Shortest Path,0,4,0.874414,0.524648,0.349765,0,0.786972,0,0,0,0,0,67.29855,24.22083,4.284626,-0.659101,1 commute,14.41832,8.962114,0.495511,7.880714,21.4106,46.38469,0.037687,0.320686,0.08968,0,0
369,651965092,Endomondo,1,4,0.82557,0.206393,0.619178,0.000301,0.412785,69.40959,0,0,0,19.50411,0,11.08629,5.985386,-1.141074,1 commute,24.83748,24.8187,0.520221,7.561577,25.6223,16.07866,0.115968,0.445087,0,0,0
370,651965092,Google,0,4,0.823988,0.205997,0.617991,0.192397,0.411994,69.40959,0,0,0,19.50411,0,11.08629,6.179907,-1.142993,1 commute,24.87529,24.86387,0.526573,7.547277,25.57874,16.04826,0.115748,0.444245,0,0,0
371,651965092,MapQuest,0,4,0.821929,0.205482,0.616447,0.443302,1.438376,0,0,0,0,26.16688,0,11.24269,9.863153,-0.224041,1 commute,23.43197,29.27147,0.376505,5.94846,24.74689,15.69532,0.108967,0.420417,0,0,0
372,651965092,Shortest Path,0,4,0.825573,0.206393,0.61918,0,0.412787,69.40959,0,0,0,19.50411,0,11.08629,5.985404,-1.141071,1 commute,24.83748,24.8187,0.520221,7.561577,25.6223,16.07866,0.115968,0.445087,0,0,0
221,651992804,Endomondo,1,4,0.996858,0.398743,0.598115,0.114972,0.398743,62.11166,0,0,25.98646,0,0,11.4562,6.978009,-0.782873,1 commute,24.76066,24.41546,0.425764,8.115581,25.32071,16.45945,0.110588,0.391798,0,0,0
222,651992804,Google,0,4,0.997413,0.598448,0.398965,0.05936,0.398965,62.40532,0,0,0,25.89294,0,11.43796,6.38344,-1.015855,1 commute,25.10598,24.61061,0.443771,7.988664,25.2203,16.11308,0.111141,0.406459,0,0,0
223,651992804,MapQuest,0,4,0.997309,0.398923,0.598385,0.069789,1.595694,0,0,0,0,26.06285,0,11.45754,10.17255,-0.245161,1 commute,23.70362,28.87178,0.296068,6.340597,24.35418,15.94742,0.104216,0.382125,0,0,0
224,651992804,Shortest Path,0,4,1.397206,0.798404,0.598803,0,0.399202,62.18798,0,0,11.83987,14.1512,0,11.44571,6.986032,-1.018279,1 commute,24.86047,24.57188,0.449985,8.428074,24.93918,16.23205,0.111304,0.407054,0,0,0
321,652001285,Endomondo,1,4,2.143294,1.386837,0.756457,58.04469,0.504304,0,35.24183,0,0,0,0,31.6912,0.378228,-0.081725,1 commute,19.42889,14.85715,0.743085,13.73797,26.63074,18.0974,1.095418,5.402277,0.007077,0,0
322,652001285,Google,0,4,0.597765,0.39851,0.199255,0.00087,0.996274,0,18.45123,0,0,0,46.77014,0,2.590313,-1.124418,1 commute,24.77415,19.95306,0.740373,14.22855,22.11747,15.907,0.412719,1.866686,0,0,0
323,652001285,MapQuest,0,4,0.597157,0.199052,0.398105,0.102579,0.995262,0,18.28846,0,0,0,46.35757,0.882125,2.587681,-1.097829,1 commute,24.7266,19.95885,0.738308,14.20353,22.17219,15.91121,0.414655,1.874654,0,0,0
324,652001285,Shortest Path,0,4,0.59777,0.199257,0.398513,0,0.996283,0,18.45123,0,0,0,46.77014,0,2.590335,-1.12441,1 commute,24.77375,19.95337,0.740385,14.22878,22.11703,15.90725,0.412725,1.866715,0,0,0
225,652014143,Endomondo,1,4,3.06371,1.531855,1.531855,29.67046,0.382964,0.586598,0,0,86.09722,0,0,0.173566,2399.843,-0.510652,1 commute,21.38412,5.028085,11.32873,8.32058,11.49887,10.71653,0,0.299883,0,6.243154,25.18005
226,652014143,Google,0,4,2.107826,1.171015,0.936812,6.017222,0.702609,0.161372,0,0,66.36255,0,0,0,3791.98,-0.477476,1 commute,19.31953,6.017283,4.123248,15.05117,10.16862,11.46907,0,0.237808,0,0.562687,33.05059
227,652014143,MapQuest,0,4,2.552522,0.92819,1.624332,7.002,0,0,0,0,100,0,0,0,2784.802,-0.792066,1 commute,14.95555,2.244083,13.36791,6.622529,10.51896,10.77497,0,0.238194,0,0.501707,40.7761
228,652014143,Shortest Path,0,4,1.241477,0.744886,0.496591,0,0,1.587121,0,0,98.41288,0,0,0,1815.536,-0.055559,1 commute,2.339394,0,2.835153,0.884513,2.75858,1.38518,0,0.081481,0,0.732349,88.98335
229,652117103,Endomondo,1,4,2.786615,1.857743,0.928872,15.34886,3.947705,0,0,0,0.217154,65.42734,0,28.93958,189.4898,-0.592212,1 commute,38.2172,22.67847,0.211575,24.88053,6.956005,4.639812,0,0.233847,0,2.182567,0
230,652117103,Google,0,4,1.794545,1.121591,0.672954,19.41109,3.140454,10.97335,0,0,19.52672,39.04809,0,21.41366,159.0415,-0.480397,1 commute,35.42824,16.32772,0.532163,18.91776,6.417309,4.518008,0,0.447053,0,3.023652,14.3881
231,652117103,MapQuest,0,4,2.675391,1.216087,1.459304,10.13224,2.188956,39.75985,0,0,9.518782,29.27706,0,12.32217,104.3402,-0.345431,1 commute,32.4125,12.17905,0.75403,17.62177,7.061439,4.119744,0,0.372119,0,1.789107,23.69024
232,652117103,Shortest Path,0,4,1.875025,1.339304,0.535721,0,3.75005,0,0,0,0,73.59336,0,15.71304,122.9481,-0.872121,1 commute,37.41278,24.41723,0.285675,22.75628,7.951106,4.900014,0,0.201778,0,2.075125,0
241,652569335,Endomondo,1,4,1.243174,0.76503,0.478144,9.540045,2.868863,0,0,0,0,22.42471,56.05945,21.51585,534.8516,-0.631803,1 commute,29.36573,18.53771,0.217104,23.84891,14.00379,10.36165,0,0.274539,0,3.390577,0
242,652569335,Google,0,4,1.326425,0.663213,0.663213,10.5622,1.894893,0,0,0,12.34198,28.36636,32.92118,26.37049,282.0549,-0.454889,1 commute,27.97659,15.73405,0.51074,20.70948,13.97593,11.92195,0,0.250236,0,2.499696,6.421324
243,652569335,MapQuest,0,4,1.940255,0.582076,1.358178,7.977342,1.552204,17.71608,0,0,40.55949,30.2084,0,5.308328,649.3063,-0.276048,1 commute,26.8912,10.49704,1.113758,15.83906,7.604969,5.939253,0,0.244483,0,2.139328,29.73091
244,652569335,Shortest Path,0,4,1.047518,0.628511,0.419007,0,3.980568,0,0,0,0,45.15456,30.96016,18.76813,848.9084,-0.394239,1 commute,32.76959,22.68468,0.158696,25.18193,8.222442,5.99861,0,0.20978,0,4.774267,0
249,653007746,Endomondo,1,4,2.144649,1.128763,1.015886,4.56529,3.499164,0,0,0,1.327937,45.07352,22.85346,14.8131,506.9273,-0.367188,1 commute,31.96852,24.69465,0.169751,21.52658,9.530553,7.410938,0,0.269604,0,4.429406,0
250,653007746,Google,0,4,1.0645,0.53225,0.53225,10.87782,1.596749,0,0,0,2.428604,17.82426,31.79018,47.35052,363.3137,-0.107005,1 commute,30.71367,16.53023,0.452142,22.70467,15.69882,11.57883,0,0.261654,0,2.059993,0
251,653007746,MapQuest,0,4,2.355175,0.749374,1.605801,10.2528,1.498748,19.37096,0,0,45.60782,19.13109,0.124734,8.977814,772.6046,-0.198786,1 commute,26.2931,9.27489,1.212441,15.32445,6.788971,5.542525,0,0.270739,0,2.369077,32.92381
252,653007746,Shortest Path,0,4,1.180294,0.708176,0.472118,0,4.603147,0,0,0,1.381455,50.49769,33.66132,6.332613,884.2762,-0.281638,1 commute,34.08971,24.60929,0.139369,24.97307,5.975395,4.589735,0,0.236691,0,5.386738,0
253,653927802,Endomondo,1,4,1.753655,0.803759,0.949897,20.12129,1.753655,13.27044,0,0,14.37219,13.94825,23.59275,32.71972,389.1653,-0.117336,1 commute,29.63973,14.94649,0.594448,20.30094,17.06513,11.04037,0,0.44008,0,5.950378,0.022432
254,653927802,Google,0,4,1.461793,0.568475,0.893318,8.078603,1.543003,0.519676,0,0,23.52332,13.5904,28.05066,22.31162,1334.942,-0.364084,1 commute,26.12038,13.09722,1.679298,18.67183,13.88591,12.42288,0,0.271637,0,2.414585,11.43627
255,653927802,MapQuest,0,4,2.156998,0.829615,1.327384,5.797775,0.912576,15.53378,0,0,59.96141,13.27061,0,5.956469,1322.074,-0.250529,1 commute,23.64543,7.012658,5.576628,11.39451,8.555613,7.059353,0,0.267987,0,2.30225,34.18557
256,653927802,Shortest Path,0,4,1.404342,0.789942,0.6144,0,4.300798,0.587183,0,0,7.215973,38.02382,41.99549,5.668117,1277.249,-0.181035,1 commute,31.9006,21.86525,0.291875,26.98837,6.148733,4.556625,0,0.217234,0,4.299606,3.731701
313,656383197,Endomondo,1,4,2.752286,1.548161,1.204125,22.24579,4.472464,13.23502,0,1.681533,2.465959,9.793375,44.16569,15.07732,554.0695,-0.107503,1 commute,33.54496,23.39528,4.070599,26.33921,6.442249,4.969598,0,0.026138,0,1.211963,0
314,656383197,Google,0,4,0.841117,0.630838,0.210279,0.002568,6.098096,0,1.849408,0,0,88.93058,6.358479,1.934073,964.3403,-1.111115,1 commute,34.40248,31.71243,2.609361,20.08135,6.394058,4.653929,0,0,0,0.146397,0
315,656383197,MapQuest,0,4,0.841117,0.630838,0.210279,0.002568,6.098096,0,1.849408,0,0,88.93058,6.358479,1.934073,964.3403,-1.111115,1 commute,34.40248,31.71243,2.609361,20.08135,6.394058,4.653929,0,0,0,0.146397,0
316,656383197,Shortest Path,0,4,0.841138,0.630854,0.210285,0,6.098253,0,1.849408,0,0,88.93058,6.358479,1.934073,964.3651,-1.11109,1 commute,34.40305,31.71296,2.609405,20.08002,6.394164,4.654006,0,0,0,0.146399,0
261,657563586,Endomondo,1,4,1.565641,0.626256,0.939385,7.381408,0.626256,48.85691,0,0,2.480917,0,0,0,7.515078,-0.465459,1 commute,22.87567,12.73791,1.843792,5.67025,31.87268,9.838932,5.382584,9.778174,0,0,0
262,657563586,Google,0,4,1.441622,0.576649,0.864973,16.61914,0.576649,85.93916,0,0,9.480584,0,0,0,8.938058,-0.416142,1 commute,25.13346,12.76486,3.334666,8.705876,27.91195,9.40785,3.895539,8.845801,0,0,0
263,657563586,MapQuest,0,4,1.327099,0.66355,0.66355,1.346319,0.66355,0,0,0,0,13.1842,0,0,1.658874,-0.4152,1 commute,27.26645,16.21618,1.195645,11.79477,16.92157,12.65011,8.241736,5.713541,0,0,0
264,657563586,Shortest Path,0,4,4.37114,2.35369,2.017449,0,0.672483,25.15586,0,0,0,16.58091,0,0,7.397313,-0.418777,1 commute,29.2201,16.4525,3.278275,11.34174,16.79269,13.07058,6.371839,3.472287,0,0,0
269,657957481,Endomondo,1,4,2.091742,0.976146,1.115596,15.45504,0.278899,39.32,0,0,4.789976,0,0,0.349177,75.8605,-0.166647,1 commute,17.80933,10.63984,4.331296,5.57357,19.54196,25.04152,3.812128,1.336617,0,6.334527,5.57922
270,657957481,Google,0,4,0.620965,0.310483,0.310483,3.710415,0.776207,0,0,0,0,0,84.62453,14.20148,419.1516,-0.638398,1 commute,15.89098,20.76131,0.658588,5.600783,21.36538,26.86951,1.646779,0.575567,0,6.631104,0
271,657957481,MapQuest,0,4,0.160992,0.160992,0,0.006174,0.321983,0,0,0,0,0,72.62372,0.206135,130.5641,-1.093724,1 commute,16.41736,18.8471,0.894793,5.411733,22.2627,26.83481,1.704917,0.618979,0,7.007607,0
272,657957481,Shortest Path,0,4,0.161001,0.161001,0,0,0.322003,0,0,0,0,0,72.62372,0.206135,130.5722,-1.093662,1 commute,16.41478,18.84726,0.894862,5.412149,22.26185,26.83687,1.705048,0.619026,0,7.008147,0
309,657962010,Endomondo,1,4,1.783389,0.594463,1.188926,0,0,0,0,0,93.67619,0,0,6.323811,0,-0.70554,1 commute,16.44168,11.26212,0.394197,13.25602,20.47075,38.17524,0,0,0,0,0
310,657962010,Google,0,4,1.745117,0.581706,1.163411,2.193104,0,0,0,0,0,0,0,87.95795,0,-0.490275,1 commute,15.66601,10.81925,0.386482,12.28878,21.46324,39.37624,0,0,0,0,0
311,657962010,MapQuest,0,4,2.118922,1.271353,0.847569,40.27485,0,0,0,0,0,0,0,91.46787,1.271353,-0.290705,1 commute,16.86645,9.67758,0.376876,11.74127,26.30661,35.03121,0,0,0,0,0
312,657962010,Shortest Path,0,4,1.783389,0.594463,1.188926,0,0,0,0,0,93.67619,0,0,6.323811,0,-0.70554,1 commute,16.44168,11.26212,0.394197,13.25602,20.47075,38.17524,0,0,0,0,0
273,657987692,Endomondo,1,4,0.801026,0.100128,0.700897,4.914521,3.804872,0.657216,0,0,0,62.33669,26.67727,9.626834,781.0001,-0.997281,1 commute,29.74422,22.45258,0.173305,19.99262,8.030585,5.31949,0,0.245515,0,14.04169,0
274,657987692,Google,0,4,1.488601,0.69468,0.793921,5.853467,3.175682,0,0,0,18.69381,62.62348,10.69638,7.292825,649.8239,-1.010469,1 commute,28.01958,19.83866,0.439008,18.349,7.907344,5.695483,0,0.245139,0,12.48328,7.022519
275,657987692,MapQuest,0,4,1.748937,1.068794,0.680142,8.116144,2.429078,1.054378,0,0,38.96382,56.15159,0,3.151398,747.0873,-0.66228,1 commute,26.29348,15.37077,0.946346,15.77124,8.616436,6.270038,0,0.174808,0,6.055899,20.50098
276,657987692,Shortest Path,0,4,0.735343,0.105049,0.630294,0,3.991863,0.689691,0,0,3.033349,66.52221,24.93006,4.088013,815.6007,-1.108907,1 commute,29.27924,23.05035,0.181314,19.18484,7.924503,5.203117,0,0.257281,0,14.91935,0
289,659430819,Endomondo,1,4,2.741309,1.24605,1.49526,15.04314,0.49842,1.514056,0,0,1.892444,0,0,88.49188,48.34673,-0.041082,1 commute,24.59083,15.38024,0.29422,22.40463,14.76687,22.53329,0,0.029921,0,0,0
290,659430819,Google,0,4,2.318549,1.288083,1.030466,11.28899,0.77285,11.27998,0,0,0,0.585579,23.44673,57.80462,140.6587,-0.108211,1 commute,28.94774,20.8164,0.268526,25.30579,10.49703,14.14408,0,0.02042,0,0,0
291,659430819,MapQuest,0,4,0.573398,0.286699,0.286699,0,1.720194,0,0,0,0,0,39.39754,7.070823,95.47074,-0.730425,1 commute,22.50202,19.04285,0.231586,21.41829,11.33533,25.36649,0,0.103427,0,0,0
292,659430819,Shortest Path,0,4,0.573398,0.286699,0.286699,0,1.720194,0,0,0,0,0,39.39754,7.070823,95.47074,-0.730425,1 commute,22.50202,19.04285,0.231586,21.41829,11.33533,25.36649,0,0.103427,0,0,0
301,662888959,Endomondo,1,4,2.372404,1.186202,1.186202,1.056511,1.186202,46.76734,0.418714,0,20.06505,0,0,0.131624,0.593101,-0.165294,1 commute,27.75984,17.88104,0.380224,16.7509,15.13524,13.55117,0.091254,8.450325,0,0,0
302,662888959,Google,0,4,0.549223,0.549223,0,9.129928,2.196893,0,43.40671,0,0,54.95542,0,0,1.922282,-0.00007,1 commute,29.756,18.1286,1.727099,13.99069,17.80889,17.54642,0.085329,0.956979,0,0,0
303,662888959,MapQuest,0,4,0.599309,0.299655,0.299655,0.009668,1.498273,0,0,0,0,0,0,0,5.993091,-0.771409,1 commute,27.89571,18.31817,0.354985,15.48182,16.6361,12.46914,0.116369,8.727695,0,0,0
304,662888959,Shortest Path,0,4,0.599367,0.299683,0.299683,0,1.498418,0,0,0,0,0,0,0,5.99367,-0.771312,1 commute,27.89599,18.31754,0.355019,15.48327,16.63414,12.47032,0.11638,8.727341,0,0,0
381,664843760,Endomondo,1,4,1.319361,0.604707,0.714654,9.646791,2.253908,0,8.043462,21.1065,0,24.5877,27.63109,22.49194,555.9457,-0.393687,1 commute,32.31039,21.02238,1.827294,23.61412,11.95063,9.020069,0,0.25511,0,0,0
382,664843760,Google,0,4,1.053207,0.498887,0.554319,8.739745,1.940117,0,7.145871,27.57224,0,7.37828,16.15059,29.22878,371.8374,-0.361861,1 commute,34.0875,20.25748,1.83537,24.24274,11.79785,7.522506,0,0.256547,0,0,0
383,664843760,MapQuest,0,4,0.663906,0.331953,0.331953,8.948881,3.20888,0,12.05045,22.47357,0,48.61895,0.993685,7.745482,606.423,-0.312912,1 commute,34.39592,22.51297,1.387487,23.93565,9.909389,7.588574,0,0.141648,0,0.128369,0
384,664843760,Shortest Path,0,4,2.531615,1.265807,1.265807,0,2.230232,0,13.67536,4.992961,3.55349,22.0049,28.6934,25.3469,242.0706,-0.097243,1 commute,36.8151,23.70681,2.13607,21.91676,8.584347,6.356977,0,0.483936,0,0,0
393,666301412,Endomondo,1,4,1.363405,0.818043,0.545362,13.21109,1.363405,0,21.43151,1.247476,0,3.254171,50.41755,37.0164,164.1539,-0.32557,1 commute,33.00985,20.02327,2.299713,21.35852,12.89253,9.424474,0,0.503436,0,0.488213,0
394,666301412,Google,0,4,0.857439,0.571626,0.285813,8.009444,1.429065,0,16.16126,29.34642,0.204022,7.903725,21.24606,8.944252,136.047,-0.734403,1 commute,38.08467,20.70242,3.1697,20.14423,10.3938,6.263309,0,0.316289,0,0.925584,0
395,666301412,MapQuest,0,4,0.715594,0.572475,0.143119,7.849228,1.288069,0,16.18506,29.38965,0,7.915369,22.78476,7.507025,118.073,-0.819018,1 commute,38.59732,20.94762,3.166117,20.0142,10.30565,6.142484,0,0.316441,0,0.510169,0
396,666301412,Shortest Path,0,4,0.61741,0.463058,0.154353,0,2.778346,0,0,0,0,88.57001,0,8.66092,247.7358,-0.096221,1 commute,35.74525,24.56862,1.325667,20.9388,9.852798,6.451988,0,0.567006,0,0.549861,0
377,667284556,Endomondo,1,4,0.477168,0.190867,0.286301,0.873942,0.572602,26.46068,7.663603,0,1.551813,18.62014,3.132691,5.571571,2.194974,-0.276152,1 commute,18.95529,20.30349,1.610249,3.099685,20.27664,17.74425,8.066418,9.943971,0,0,0
378,667284556,Google,0,4,0.846658,0.376292,0.470366,2.332811,0.658512,26.55954,44.43257,0,0.744724,18.35796,25.04255,5.493121,2.539974,-0.504225,1 commute,21.67177,20.88409,5.685245,4.092547,20.88748,11.65654,6.289761,8.832575,0,0,0
379,667284556,MapQuest,0,4,0.864212,0.384094,0.480118,0.254216,0.672165,0,30.12159,0,0,6.928509,33.38785,13.34327,1.440354,-0.520044,1 commute,24.39371,18.83503,3.120889,11.28268,18.93015,14.52746,2.770714,6.139372,0,0,0
380,667284556,Shortest Path,0,4,1.63655,0.866409,0.770141,0,0.673874,7.117269,6.818441,0,11.61434,6.944892,10.17588,13.37482,1.540283,-0.451464,1 commute,25.55052,17.45189,3.508054,14.87623,18.25076,12.69229,1.294391,6.37586,0,0,0
401,671676068,Endomondo,1,4,1.491405,0.497135,0.99427,2.026278,0.331423,48.93227,0,0,28.38302,0,0,0,3.479946,-0.050975,1 commute,17.59786,14.29133,0.577136,6.840069,23.31072,26.12218,6.301351,3.857471,0,1.101885,0
402,671676068,Google,0,4,0.999292,0.499646,0.499646,1.513603,0.333097,0.440078,0,0,0,0,0,0,3.497521,-1.034019,1 commute,15.43356,12.00233,0.50833,6.340198,25.1223,29.40741,6.288843,3.753286,0,1.143742,0
403,671676068,MapQuest,0,4,1.323508,0.690526,0.632982,193.8099,0.115088,0,0,0,3.236658,0,0,6.109359,1.208421,-1.555801,1 commute,17.82098,14.09236,0.500216,7.498992,23.67004,27.32296,5.113238,3.051529,0,0.92968,0
404,671676068,Shortest Path,0,4,1.521625,0.845347,0.676278,0,0.338139,0,0,0,0,0,0,6.981053,3.550459,-1.113665,1 commute,15.42943,11.26206,0.483729,6.292928,25.15657,29.92704,6.436354,3.841323,0,1.17057,0
405,672189927,Endomondo,1,4,1.640427,0.911348,0.729079,6.816819,1.822697,0,32.18281,0,0.898991,17.78849,32.56596,14.80521,166.0477,-0.476536,1 commute,24.58619,18.97129,0.494682,19.87688,14.27583,21.79513,0,0,0,0,0
406,672189927,Google,0,4,1.341168,0.766381,0.574786,1.617621,1.724358,0,25.43852,0,0,20.28831,34.21875,6.366693,186.6139,-0.571634,1 commute,25.60596,18.37474,0.413342,19.149,15.08016,21.37679,0,0,0,0,0
407,672189927,MapQuest,0,4,1.078578,0.359526,0.719052,8.306308,2.876208,0,1.396811,4.430738,0,0,24.87122,13.73743,374.4463,-0.107085,1 commute,28.12357,17.73645,0.396701,26.77979,10.7438,16.21969,0,0,0,0,0
408,672189927,Shortest Path,0,4,5.062061,2.53103,2.53103,0,0.778779,0,2.264622,0,0,0.35742,1.040048,63.41024,143.8793,-0.080603,1 commute,29.60603,17.05493,0.659098,27.05046,9.963357,15.66612,0,0,0,0,0
413,673577053,Endomondo,1,4,1.43688,0.71844,0.71844,1.013581,1.43688,21.53395,60.52723,0,0,0,53.41193,0,551.0435,-1.093219,1 commute,20.13565,17.38859,0.583656,7.23279,20.35795,32.06985,0,1.583533,0,0.647981,0
414,673577053,Google,0,4,1.177817,0.471127,0.70669,2.693069,1.413381,21.20343,61.39248,0,0,0,52.59214,0,542.0314,-1.192767,1 commute,20.05263,17.29687,0.579914,7.214625,20.51694,32.21298,0,1.573382,0,0.552658,0
415,673577053,MapQuest,0,4,0.721228,0.240409,0.480819,0.623056,1.442457,9.162993,61.79827,0,0,0,53.66246,0,552.9417,-1.220536,1 commute,20.17504,17.46325,0.584413,7.270592,20.54918,31.815,0,1.585588,0,0.556945,0
416,673577053,Shortest Path,0,4,0.967629,0.483815,0.483815,0,1.451444,9.213425,56.7299,0,7.065188,0,48.5493,0.294193,554.2097,-1.065125,1 commute,20.34495,17.27322,0.588589,7.258626,20.42222,31.95455,0,1.596917,0,0.560924,0
429,677887756,Endomondo,1,4,1.084022,0.271006,0.813017,19.13356,3.523073,0,0,26.58749,0,0,77.05537,0,136.8578,-0.027526,1 commute,35.82251,25.08873,3.25123,21.77531,8.925872,5.136343,0,0,0,0,0
430,677887756,Google,0,4,2.210824,0.947496,1.263328,2.224793,3.15832,0,11.84389,13.70899,0,0,0,23.14956,260.2456,-0.680285,1 commute,31.59347,21.82699,7.528613,17.02051,13.99883,8.031602,0,0,0,0,0
431,677887756,MapQuest,0,4,1.579568,0.631827,0.947741,2.198386,3.790963,0,5.666066,13.69702,0,0,0,0,259.9969,-0.750578,1 commute,31.76478,24.83136,4.981954,16.57623,13.51836,8.327318,0,0,0,0,0
432,677887756,Shortest Path,0,4,3.874303,1.937152,1.937152,0,2.905728,0,1.781157,14.03188,0,0,0,13.73197,264.0984,-0.641556,1 commute,33.5279,25.2075,4.799046,16.42785,12.37284,7.664875,0,0,0,0,0
433,678341822,Endomondo,1,4,1.119387,0.746258,0.373129,7.193041,1.492516,0.529255,39.76258,0,1.220431,10.00958,55.78314,31.1483,7.08945,-0.20435,1 commute,23.79168,24.52626,0.17398,9.854422,21.86352,16.65403,0,2.277605,0.858501,0,0
434,678341822,Google,0,4,0.757169,0.252389,0.504779,5.648408,1.892921,0,62.7286,0,0,25.5123,62.9504,11.5373,4.416817,-0.367424,1 commute,22.14943,22.34421,0.613463,10.4605,20.59067,20.051,0.041165,1.987982,1.761573,0,0
435,678341822,MapQuest,0,4,1.47644,0.615183,0.861257,8.360185,1.10733,0,22.46712,0,0,11.21958,12.3124,12.93091,6.151834,-0.268303,1 commute,21.72885,18.53388,0.542079,11.70703,21.38041,22.53288,0.092886,0.98734,2.494643,0,0
436,678341822,Shortest Path,0,4,1.599873,0.666614,0.933259,0,1.066582,0,2.389555,0,0,21.07603,5.020185,52.22166,5.066265,-0.297109,1 commute,19.03966,14.84489,2.68063,6.105554,31.17783,22.28889,0,0.959916,2.90264,0,0
453,682434766,Endomondo,1,4,2.448097,1.224049,1.224049,20.20614,2.856114,0,0,18.82169,0,0,18.82169,66.56929,817.2565,-0.118819,1 commute,25.3453,22.19769,0.058021,37.13959,6.048641,8.806228,0,0.041904,0,0.362628,0
454,682434766,Google,0,4,2.185122,1.456748,0.728374,34.67274,1.456748,0.246721,0,0,76.33524,0,7.393336,8.481625,2497.958,-0.068241,1 commute,19.44085,7.011215,8.682561,13.53804,9.302224,10.61137,0,0.238556,0,0.29674,30.87844
455,682434766,MapQuest,0,4,0.887069,0.887069,0,10.57998,6.209486,0,0,79.37183,0,0,88.80417,6.648188,3343.808,-0.0831,1 commute,32.06194,21.72121,0.112081,36.01579,4.984998,4.719454,0,0.044832,0,0.33969,0
456,682434766,Shortest Path,0,4,1.471382,0.980921,0.490461,0,5.395066,0,0,63.95481,0,0,68.41987,31.58014,2116.828,-0.126385,1 commute,24.13004,25.09243,0.057171,39.83687,4.129664,6.2793,0,0.049548,0,0.424972,0
457,682909396,Endomondo,1,4,0.420863,0.140288,0.280576,1.012006,0.701439,92.29699,0,0,1.315202,0,0,3.822746,258.1296,-0.803788,1 commute,28.22298,29.91275,0.474116,13.2602,12.39164,15.73831,0,0,0,0,0
458,682909396,Google,0,4,0.700838,0.280335,0.420503,1.098709,0.841005,88.26269,0,0,0.277355,0,5.07762,3.819474,242.4898,-0.809537,1 commute,28.57103,29.98874,0.470899,13.24146,12.20492,15.52295,0,0,0,0,0
459,682909396,MapQuest,0,4,0.664408,0.132882,0.531526,6.642002,2.258986,0,36.4574,0,0,0.368536,70.07836,4.52156,182.9779,-0.021042,1 commute,22.61651,17.72679,1.234972,15.64439,15.84027,26.8679,0,0,0,0.069167,0
460,682909396,Shortest Path,0,4,0.56683,0.141707,0.425123,0,1.558783,45.58744,27.00712,0,0,0,46.45471,7.229437,137.8814,-0.403914,1 commute,30.70871,30.08076,0.792399,17.25538,8.598686,12.56406,0,0,0,0,0
461,683651127,Endomondo,1,4,3.638789,1.746619,1.89217,57.33546,0.436655,0,0,1.331376,80.53825,0,3.788943,15.53251,2033.937,-0.01922,1 commute,22.42647,5.364594,8.559134,9.520107,11.4468,10.2763,0,0.559133,0,9.004303,22.84315
462,683651127,Google,0,4,1.465978,0.837702,0.628276,9.348782,1.884829,0,49.44386,0,4.737266,0.349624,10.62947,71.04613,588.2761,-0.13243,1 commute,27.95148,21.9409,0.312834,28.32188,10.89495,8.841931,0,0.198545,0,1.537473,0
463,683651127,MapQuest,0,4,1.12169,0.448676,0.673014,2.079959,3.365071,0,1.041399,0,0,3.242799,27.32814,66.59879,645.6449,-0.074421,1 commute,27.04728,22.04475,0.740425,26.05353,9.705519,11.9099,0,0.380434,0,2.118166,0
464,683651127,Shortest Path,0,4,0.916017,0.458008,0.458008,0,3.435063,0,0,0,5.166303,47.72963,16.63468,29.95576,308.6977,-0.188064,1 commute,29.58401,23.1649,0.638099,21.60913,12.51963,8.218134,0,0.393025,0,3.87307,0
465,684735959,Endomondo,1,4,2.47818,0,2.47818,10.9216,1.858635,0,0,0,0,0,0,53.90599,83.01904,-0.447738,1 commute,29.76705,17.2787,0.351212,27.36591,7.891531,17.3456,0,0,0,0,0
466,684735959,Google,0,4,2.671412,0.667853,2.003559,2.898286,2.003559,0,0,0,0,0,0,34.3669,69.45671,-0.415045,1 commute,31.06158,17.75974,0.413435,29.36418,8.874737,12.52632,0,0,0,0,0
467,684735959,MapQuest,0,4,2.048452,0.682817,1.365635,0.643197,3.414087,0,0,0,0,0,0,48.17365,198.017,-0.031176,1 commute,26.18674,26.39847,0.360728,34.35017,5.507633,7.196257,0,0,0,0,0
468,684735959,Shortest Path,0,4,4.123256,1.374418,2.748837,0,2.748837,0,0,0,0,0,0,65.72152,159.4325,-0.727915,1 commute,29.54853,20.95915,0.471886,27.17584,7.937223,13.90737,0,0,0,0,0
469,687098186,Endomondo,1,4,0.653825,0.326913,0.326913,9.384041,0.653825,0,4.778072,27.04298,0,0,0,0,3.160156,-0.061539,1 commute,27.67004,18.4364,1.711383,16.55714,14.77182,17.50221,0.611053,2.739952,0,0,0
470,687098186,Google,0,4,1.367307,0.797596,0.569711,4.611521,0.569711,23.30107,29.40782,7.163888,0.646324,0,9.31846,3.432971,18.11682,-0.236303,1 commute,24.78211,18.17008,2.304952,11.77605,15.05379,15.84826,8.835347,3.229396,0,0,0
471,687098186,MapQuest,0,4,1.146269,0.687762,0.458508,3.986678,0.458508,0,22.96786,0,0,13.72423,0,0.953413,14.55762,-0.281402,1 commute,19.60595,15.63713,5.166511,7.96279,18.04119,20.97552,8.680488,3.638774,0.29165,0,0
472,687098186,Shortest Path,0,4,1.907148,1.072771,0.834377,0,0.834377,0,2.656898,0,2.095009,9.163934,43.00297,20.57711,3.695099,-0.199575,1 commute,24.39072,19.01781,1.658308,10.15409,19.77657,17.14571,4.394157,3.391537,0.071104,0,0
473,687654762,Endomondo,1,4,0.2561,0.2561,0,7.888204,0.768299,0,0,31.10435,0,0,0,0,2.560998,-0.819018,1 commute,26.74972,18.71388,1.467486,16.08287,14.56049,18.99192,0.584555,2.849068,0,0,0
474,687654762,Google,0,4,0.760237,0.506825,0.253412,9.032411,1.013649,15.64736,21.53324,30.79306,0,0,5.931,0,50.04892,-0.267286,1 commute,21.349,19.90241,0.437316,11.75741,17.70723,22.1391,0.552718,6.154812,0,0,0
475,687654762,MapQuest,0,4,0.2561,0.2561,0,7.888204,0.768299,0,0,31.10435,0,0,0,0,2.560998,-0.819018,1 commute,26.74972,18.71388,1.467486,16.08287,14.56049,18.99192,0.584555,2.849068,0,0,0
476,687654762,Shortest Path,0,4,1.243357,0.690754,0.552603,0,0.967055,0,0,14.86344,2.372361,10.37712,30.15966,16.98112,4.697125,-0.157298,1 commute,20.22649,19.66743,1.032751,8.133118,20.36639,24.80089,1.790652,3.900217,0.082069,0,0
