OBJECTID,tripID,source,Choice,Options,turnsPerkm,turnsLeftPerkm,turnsRightPerkm,perc_Detour,signalsPerkm,percCycleWay,percBikeLane,percSharrow,percFootway,percPrimary,percSecondary,percResidential,FlickrPerkm,PSOverlap,WorkoutType,percImpervious,percRoadRailroad,percBareGround,percBldg,percGrass,percTree,percWetland,percInlandWater,percCropland,percOcean,percBeach
5,1301871442,Endomondo,1,4,3.234513,1.415099,1.819413,14.46428,1.617256,0,0,0,0.443113,0.270975,0,43.10769,345.2842,-0.269267,2 sport,24.75414,19.50055,0.709659,25.12894,12.26138,17.47586,0,0.169471,0,0,0
6,1301871442,Google,0,4,2.262649,0.90506,1.35759,2.268425,1.583855,0,0,0,0,4.283503,3.272617,41.10087,160.1956,-0.375173,2 sport,25.4297,20.17521,0.502784,20.85428,15.20494,17.646,0,0.187082,0,0,0
7,1301871442,MapQuest,0,4,0.884824,0.221206,0.663618,4.607267,2.875679,0,0,0,0,0,35.20242,9.578306,454.3572,-0.35738,2 sport,28.47949,19.87618,0.568366,24.28233,10.77446,15.83029,0,0.188872,0,0,0
8,1301871442,Shortest Path,0,4,3.239566,1.619783,1.619783,0,1.388386,0,0,0,0,2.151391,3.572546,31.61731,166.6063,-0.452601,2 sport,25.11591,18.2657,0.423924,19.72219,16.9145,19.36568,0,0.192105,0,0,0
349,1303837214,Endomondo,1,4,0.58523,0.250813,0.334417,3.857492,0.836043,61.37378,0,0,0,0,23.65392,14.97231,10.53414,-0.087194,2 sport,13.44488,9.251842,0.45091,6.061425,20.39077,47.5542,0.210603,0.701231,1.934142,0,0
350,1303837214,Google,0,4,0.77893,0.346191,0.432739,0.32535,0.865477,2.819878,0,0,0,0,83.50574,2.370834,3.202266,-0.994548,2 sport,14.08476,9.883785,0.465205,6.691496,21.09663,44.8862,0.195531,0.697979,1.998414,0,0
351,1303837214,MapQuest,0,4,0.173504,0.086752,0.086752,0.089392,0.867518,0,0,0,0,0,85.35007,0.986687,3.209815,-0.980862,2 sport,14.04262,9.838691,0.462415,6.694474,21.08849,44.99678,0.196103,0.676157,2.004261,0,0
352,1303837214,Shortest Path,0,4,0.434146,0.173659,0.260488,0,0.868293,9.091926,0,0,0,0,79.35794,0.102169,3.212684,-0.947311,2 sport,14.15485,9.863972,0.458034,6.711618,21.2606,44.80411,0.195856,0.699141,1.851826,0,0
17,1304506924,Endomondo,1,4,2.141043,0.951575,1.189468,12.96769,0.356841,17.60909,0,0,4.166831,0,0.297924,63.17762,19.38833,-0.100433,2 sport,12.02598,7.208228,0.196419,8.247191,20.63494,49.88076,0.148628,0.873609,0,0.784241,0
18,1304506924,Google,0,4,0.990613,0.37148,0.619133,8.515801,0.619133,0,0,0,4.302681,0,46.98783,15.37055,11.88736,-0.201139,2 sport,15.07256,8.301204,0.388022,9.926943,20.61906,44.22316,0.104296,0.56498,0,0.799771,0
19,1304506924,MapQuest,0,4,0.603335,0.241334,0.362001,11.35723,0.965336,0,0,0,4.10269,0,0.949037,16.54026,12.91137,-0.040423,2 sport,17.64174,9.512239,0.430122,12.5255,20.62373,37.93493,0.110177,0.445999,0,0.775567,0
20,1304506924,Shortest Path,0,4,2.015572,1.074972,0.9406,0,1.074972,4.962978,0,0,8.043698,0,19.50396,17.83489,23.78375,-0.16778,2 sport,15.17864,10.07953,0.480643,8.323443,20.6918,43.74117,0.104184,0.519309,0,0.881268,0
25,1304954994,Endomondo,1,4,3.838522,1.919261,1.919261,15.52513,0.54836,0,0,0,2.170242,0.210369,40.57971,57.03968,590.3099,-0.411441,2 sport,33.63102,16.19365,3.781586,26.94339,9.802977,9.647373,0,0,0,0,0
26,1304954994,Google,0,4,1.039974,0.259993,0.77998,21.82882,1.299967,0,0,0,0,0,1.201255,27.91489,1432.824,-0.065376,2 sport,34.45224,21.04999,2.432671,23.50625,12.54897,6.009887,0,0,0,0,0
27,1304954994,MapQuest,0,4,0.620322,0,0.620322,2.123451,2.171126,0,0,0,0,0,83.51774,16.48226,406.0006,-0.283352,2 sport,31.69554,22.73573,2.913247,28.31905,9.012098,5.324336,0,0,0,0,0
28,1304954994,Shortest Path,0,4,2.533976,1.266988,1.266988,0,0.950241,0,0,0,2.497607,4.31223,54.43445,34.4666,716.4817,-0.385273,2 sport,38.69573,17.89437,3.014472,26.42163,8.097333,5.876472,0,0,0,0,0
37,1309210562,Endomondo,1,4,1.652455,0.757375,0.89508,18.44961,0.826228,12.28411,0,0,47.99045,0,27.21489,1.389201,125.4489,-0.165383,2 sport,19.43838,9.064182,0.52027,12.65536,13.60422,39.28165,0.006131,2.594942,0,2.834873,0
38,1309210562,Google,0,4,0.756421,0.302568,0.453852,7.81734,0.983347,0,0,0,0,0,68.30371,9.663319,155.747,-0.707025,2 sport,17.87973,9.42342,0.20508,13.86874,13.08013,43.90891,0,1.54822,0,0.085777,0
39,1309210562,MapQuest,0,4,1.081967,0.4637,0.618267,5.527653,0.772833,0,0,0,0.835707,0,50.92861,11.49001,151.0116,-0.480367,2 sport,16.22243,8.328699,0.184739,12.32561,14.07785,47.20266,0,1.570281,0,0.087736,0
40,1309210562,Shortest Path,0,4,1.467995,0.652442,0.815553,0,1.631106,30.34874,0,0,3.596058,1.772897,23.01645,5.825342,147.0442,-0.077816,2 sport,26.84597,25.26333,0.255402,13.70416,12.97694,20.12522,0,0.678649,0,0.150334,0
41,1310386178,Endomondo,1,4,0.779768,0.43862,0.341149,14.80639,1.315859,0,0,0,0,0,58.42812,13.08478,21.83352,-0.186393,2 sport,26.04624,18.76891,1.371717,12.58379,16.67593,23.1774,0.1927,1.14391,0,0.039398,0
42,1310386178,Google,0,4,0.753352,0.401788,0.351564,11.40504,1.356034,0,0,0,0,0,66.14593,7.466192,16.6742,-0.319523,2 sport,29.22645,17.95686,1.97231,16.58262,13.2093,20.08834,0.093575,0.787032,0,0.083513,0
43,1310386178,MapQuest,0,4,1.094226,0.573166,0.52106,7.380141,0.937908,0,0,0,0,0,16.90447,15.79318,25.06299,-0.476421,2 sport,27.53373,14.89978,1.892356,16.08838,15.6977,22.69422,0.074654,1.032156,0,0.087027,0
44,1310386178,Shortest Path,0,4,2.461866,1.174981,1.286885,0,0.839272,0,0,0,0,3.015911,42.14578,24.40969,13.98787,-0.282699,2 sport,30.84525,16.15923,1.618987,17.33386,13.10219,20.00671,0.041911,0.817943,0,0.073908,0
45,1322242966,Endomondo,1,4,0.984624,0.459491,0.525133,19.12782,0.918983,26.66021,0,0,2.175409,0,9.60817,14.58818,57.76463,-0.350868,2 sport,14.68211,10.41278,0.463468,8.680957,17.92823,42.87003,0.036825,3.004653,1.920947,0,0
46,1322242966,Google,0,4,0.467124,0.266928,0.200196,17.18143,1.267907,0,0,0,0,0,66.30875,1.993501,48.047,-0.400626,2 sport,15.34513,10.89563,0.474649,9.079601,16.67266,42.03923,0.028767,3.091614,2.372714,0,0
47,1322242966,MapQuest,0,4,0.535845,0.267922,0.267922,16.74645,0.870747,0,0,0,0,0,37.44193,9.076234,23.1083,-0.362154,2 sport,15.25442,9.682503,0.547935,9.177108,18.206,44.48119,0,1.230178,1.420671,0,0
48,1322242966,Shortest Path,0,4,0.390987,0.156395,0.234592,0,1.251159,33.40803,0,0,0,0,43.23571,4.335609,15.3267,-0.154368,2 sport,16.83591,12.26176,0.468608,8.797239,18.49553,42.63369,0.001559,0.393781,0.11193,0,0
341,1323254780,Endomondo,1,4,0.808951,0.404476,0.404476,13.90936,0.404476,4.76303,0,4.712623,0,0,7.496938,18.36416,25.77088,-0.491696,2 sport,13.92891,9.409828,0.725584,6.972958,24.00429,39.78805,1.797077,1.237569,1.82659,0.309142,0
342,1323254780,Google,0,4,0.44294,0.253109,0.189831,4.017622,0.506217,0,0,6.373122,0,0,43.9412,0,21.83062,-1.073132,2 sport,13.29963,9.707261,0.557507,6.137747,23.15926,41.02642,1.98787,1.496208,2.291792,0.3363,0
343,1323254780,MapQuest,0,4,0.394907,0.197453,0.197453,0.002428,0.59236,1.268847,0,0,0,0,57.77675,0.036871,13.82174,-1.140779,2 sport,13.65489,9.481123,0.517147,6.352993,22.45292,42.16521,2.057524,1.515414,1.452153,0.350627,0
344,1323254780,Shortest Path,0,4,0.394916,0.197458,0.197458,0,0.592375,1.268847,0,0,0,0,57.77675,0.036871,13.82207,-1.140755,2 sport,13.65475,9.481419,0.517163,6.352908,22.45362,42.16426,2.057589,1.515461,1.452199,0.350638,0
49,1325810444,Endomondo,1,4,1.518231,0.650671,0.867561,11.14986,1.084451,0,0,0,0,0,26.15635,12.90135,17.13433,-0.631219,2 sport,23.93471,11.1819,0.231917,18.54636,15.32753,30.30062,0.05426,0.422702,0,0,0
50,1325810444,Google,0,4,3.05064,1.52532,1.52532,10.6333,1.089514,0,0,0,0,3.937301,54.06626,17.99356,34.21075,-0.312675,2 sport,27.49022,14.48683,0.536195,18.93022,11.3948,26.6881,0.05388,0.419745,0,0,0
51,1325810444,MapQuest,0,4,1.530535,0.655944,0.874591,10.25634,0.874591,0,0,0,0,0,2.368455,29.44827,4.591606,-0.394033,2 sport,21.80882,11.13424,0.260186,18.24079,16.97022,31.11308,0.053772,0.4189,0,0,0
52,1325810444,Shortest Path,0,4,3.133951,1.446439,1.687512,0,0.72322,0,0,0,0,4.151775,6.15488,57.58826,11.81258,-0.257228,2 sport,18.92663,10.6338,0.132562,15.81718,16.69228,37.27402,0.059557,0.463968,0,0,0
53,1328458628,Endomondo,1,4,1.017647,0.469683,0.547964,5.323888,0.704525,0,0,0,9.555676,12.84043,32.12464,4.587404,2.504977,-0.571387,2 sport,23.01763,23.0461,1.517887,11.01406,25.95517,14.64454,0.095415,0.64945,0.059752,0,0
54,1328458628,Google,0,4,0.796624,0.31865,0.477975,3.496832,0.796624,0,0,0,0,13.05713,22.75957,7.817578,5.735694,-0.921757,2 sport,24.53355,22.96211,1.798017,12.37672,22.31897,14.27753,0.11711,0.682292,0.933696,0,0
55,1328458628,MapQuest,0,4,0.87371,0.317713,0.555998,3.801994,0.87371,0,0,0,0,14.42402,22.39152,7.691156,5.559976,-0.861429,2 sport,24.87043,23.60024,1.399676,13.24233,21.70259,14.32684,0.116798,0.680477,0.060621,0,0
56,1328458628,Shortest Path,0,4,1.648962,0.742033,0.906929,0,1.319169,0,0,0,0,25.31406,41.2936,15.87338,2.803235,-0.381036,2 sport,23.55923,24.04671,0.938258,10.84136,25.16574,14.64661,0.079317,0.660317,0.062462,0,0
57,1330480740,Endomondo,1,4,1.668538,0.625702,1.042836,30.97655,0.417135,77.60131,0,0,2.398495,0,2.69898,11.97261,0.729985,-0.697576,2 sport,23.06405,11.8658,0.499817,8.450948,23.49897,15.46355,0.444609,14.50564,2.20661,0,0
58,1330480740,Google,0,4,1.050226,0.315068,0.735158,30.05496,0.42009,83.0946,0,0,0,0,5.212617,6.133713,0.735158,-0.694105,2 sport,23.30989,11.96551,0.499775,8.352893,23.48098,15.51577,0.444572,14.32743,2.103183,0,0
59,1330480740,MapQuest,0,4,1.481912,0.673596,0.808316,1.386438,1.751351,0,0,0,0,0,73.5647,8.710237,2.020789,-0.583126,2 sport,24.89466,21.99073,0.855183,9.255714,24.29706,14.94265,0.195222,1.569372,1.999403,0,0
60,1330480740,Shortest Path,0,4,2.185394,0.95611,1.229284,0,1.775632,0,0,0,3.123558,0,65.52963,12.56714,2.185394,-0.611122,2 sport,24.99464,21.45218,1.562749,9.359993,23.9462,15.03232,0.184274,1.503892,1.96375,0,0
61,1330563176,Endomondo,1,4,2.348089,1.252314,1.095775,8.636187,1.252314,31.52749,0,0,41.62225,4.967453,16.48295,4.324055,212.8934,-0.659038,2 sport,21.78747,6.191752,2.18403,10.87613,7.708561,9.74984,0,0.223874,0,2.190947,39.0874
62,1330563176,Google,0,4,1.061766,0.303362,0.758404,12.11586,1.213447,46.35563,0,0,30.63086,3.909448,15.90262,3.201441,215.9935,-0.478126,2 sport,18.34423,5.075353,2.747914,10.07266,6.40091,6.36703,0,0.255915,0,2.626914,48.10907
63,1330563176,MapQuest,0,4,1.091812,0.623892,0.467919,9.03051,2.49557,39.43985,0,0,14.64818,25.1018,16.34292,4.467243,196.0582,-0.795957,2 sport,22.72314,10.22703,2.718791,14.10524,7.224607,6.526715,0,0.094545,0,1.237793,35.14213
64,1330563176,Shortest Path,0,4,1.530525,1.02035,0.510175,0,3.911341,0,0,0,0,79.16182,7.466393,6.785247,112.0684,-0.193782,2 sport,37.76507,18.53644,0.282157,27.08641,8.853103,6.027472,0,0.102849,0,1.346505,0
65,1332615858,Endomondo,1,4,1.795619,0.89781,0.89781,1.142392,2.244524,0.171805,0,0,73.46407,25.37471,0,0.806083,708.8207,-0.507115,2 sport,29.30679,21.92218,0.414612,14.4195,8.404914,9.372944,0,0.804889,0,8.931292,6.422886
66,1332615858,Google,0,4,1.478535,0.98569,0.492845,38.1874,2.95707,18.52908,0,0,21.39497,9.56044,24.27985,0,492.0235,-0.174543,2 sport,28.02043,26.49419,0.598137,17.77782,9.11009,6.085225,0,1.198904,0,6.031327,4.683875
67,1332615858,MapQuest,0,4,1.209942,1.008285,0.201657,12.57561,2.62154,0.158158,0,0,26.13303,73.42113,0.287679,0,674.1392,-0.656472,2 sport,26.59721,23.62122,0.317494,18.45118,7.758705,8.854099,0,0.946797,0,7.673444,5.77985
68,1332615858,Shortest Path,0,4,2.270165,1.362099,0.908066,0,2.043149,0.173708,0,0,21.44789,57.77375,19.61858,0,652.4455,-0.556043,2 sport,27.96606,21.6563,0.410057,15.25795,8.254107,9.369206,0,1.117839,0,7.236728,8.731746
361,1333350010,Endomondo,1,4,1.156943,0.578471,0.578471,3.829656,0.072309,47.14865,5.948845,0,1.971308,0,17.09964,8.624395,25.38043,-0.498486,2 sport,12.00786,17.28332,5.349147,2.445084,39.94736,17.32964,0.757246,2.234543,2.05067,0.595129,0
362,1333350010,Google,0,4,0.798301,0.217718,0.580582,3.452147,0.072573,47.65454,6.059058,0,15.28964,0,24.74936,3.725348,27.7228,-0.50803,2 sport,15.37975,18.58768,3.305961,2.300818,36.91538,12.94539,0.618003,7.269705,2.075638,0.601665,0
363,1333350010,MapQuest,0,4,0.82383,0.449362,0.374468,0.246307,0.149787,0,0,0,0.809797,0,0,3.997335,7.41447,-0.633511,2 sport,14.99152,12.78703,2.855842,6.423258,20.38377,18.90261,2.775799,4.951644,12.0314,3.897134,0
364,1333350010,Shortest Path,0,4,0.600625,0.300312,0.300312,0,0.150156,0,0,0,0.538042,0,0,3.46126,7.057342,-0.725878,2 sport,15.52971,13.20997,2.971237,6.62055,21.0834,19.51008,2.870247,5.120125,12.44077,0.643907,0
69,1335918328,Endomondo,1,4,0.810338,0.46305,0.347288,16.44957,0.540225,0.08266,0,0,0,0,23.80664,18.39029,25.04331,-0.48307,2 sport,15.47344,9.883091,0.608951,8.958735,21.33171,38.52435,1.180922,2.32059,1.384399,0.333814,0
70,1335918328,Google,0,4,0.602834,0.344477,0.258358,4.355387,0.947311,4.764807,0,0,0.104907,0,63.05723,0.122965,26.43859,-0.722944,2 sport,14.32575,11.11081,0.439518,7.023377,19.46293,40.36672,1.339667,3.045872,1.621213,1.264139,0
71,1335918328,MapQuest,0,4,0.636326,0.339374,0.296952,5.924487,0.551483,0,0,0,0,0,45.47997,13.17949,14.38097,-0.768916,2 sport,14.903,9.393332,0.468023,8.037754,20.68545,42.01728,1.317257,1.836859,0.964378,0.37667,0
72,1335918328,Shortest Path,0,4,0.53922,0.314545,0.224675,0,0.98857,13.50459,0,0,0.171032,0,63.69047,0.650068,14.73868,-0.548284,2 sport,16.3495,13.51697,0.428922,7.473259,20.4212,38.16145,1.387307,1.237069,0.049123,0.975205,0
73,1335958052,Endomondo,1,4,0.486291,0.218831,0.26746,32.8577,0.437662,0.140125,0,0,4.360377,6.405493,12.26837,1.898427,11.35489,-0.049662,2 sport,14.72625,12.81398,1.701855,6.484394,24.47942,27.79024,2.342669,3.657879,5.80091,0.202411,0
74,1335958052,Google,0,4,0.222203,0.126973,0.09523,1.76544,0.85707,83.25642,0,0,0.196551,6.996991,0,0.936169,14.85588,-0.093955,2 sport,27.99091,19.42394,1.208264,7.7554,26.2452,14.23064,0.070245,0.270183,2.805226,0,0
75,1335958052,MapQuest,0,4,0.255283,0.127642,0.127642,1.232665,1.180685,7.978934,0,0,0,7.092816,0,2.033887,14.61496,-0.672247,2 sport,27.89132,19.91924,1.198071,7.729535,26.1131,14.26597,0.060605,0.278019,2.544146,0,0
76,1335958052,Shortest Path,0,4,0.581467,0.25843,0.323037,0,1.098327,0,0,0,0.625276,2.289686,0,5.278886,13.47066,-0.548132,2 sport,27.12179,19.53374,1.270904,7.479943,27.25279,14.39983,0.090262,0.283587,2.567153,0,0
81,1344260736,Endomondo,1,4,1.970826,0.806247,1.164579,16.76917,0.716664,3.256769,0,0,26.63799,0,28.84845,28.01742,88.23926,-0.16902,2 sport,16.06402,7.874265,0.432988,12.85668,13.69678,47.91645,0,0.879989,0,0.278837,0
82,1344260736,Google,0,4,0.637412,0.182118,0.455294,14.87657,1.001648,0,0,0,0,0,83.30933,16.69066,109.3617,-0.433118,2 sport,16.02092,9.043672,0.21432,14.11459,12.09146,45.43777,0,2.883321,0,0.193944,0
83,1344260736,MapQuest,0,4,0.966065,0.289819,0.676245,8.279855,0.676245,0,0,0,0,0,62.25017,6.392828,101.2436,-0.327581,2 sport,13.8294,7.127017,0.205183,11.89135,13.54554,51.27873,0,1.917225,0,0.205568,0
84,1344260736,Shortest Path,0,4,0.836843,0.104605,0.732237,0,1.464475,22.1435,0,0,0.420988,1.605443,49.78648,0,87.86848,-0.018448,2 sport,25.81161,24.19859,0.249054,13.2823,13.49762,22.34943,0,0.611389,0,0,0
85,1344462424,Endomondo,1,4,2.857934,1.558873,1.299061,18.5584,0.43302,17.49554,0,0,30.17957,0,3.596935,33.32444,69.97607,-0.053776,2 sport,14.77889,6.57797,0.421063,12.02236,13.46456,50.58886,0,1.874466,0,0.271834,0
86,1344462424,Google,0,4,0.739655,0.369828,0.369828,11.05323,1.017026,0,0,0,0,0,79.60637,4.273664,110.3935,-0.40973,2 sport,16.22621,8.551536,0.24474,14.10795,12.68853,46.30273,0,1.77363,0,0.104678,0
87,1344462424,MapQuest,0,4,0.945573,0.472786,0.472786,8.586461,0.851015,0,0,0,0,0,53.8834,16.1943,105.715,-0.26841,2 sport,14.1364,7.198756,0.229703,12.24314,13.88967,50.39016,0,1.804703,0,0.107472,0
88,1344462424,Shortest Path,0,4,1.334793,0.718735,0.616058,0,1.437469,26.19411,0,0,2.829218,1.809747,42.77815,0.445917,89.53381,-0.038618,2 sport,25.54262,24.60568,0.262129,13.17906,13.33536,22.47296,0,0.6022,0,0,0
93,1348661262,Endomondo,1,4,2.60464,1.385447,1.219193,10.61442,1.274611,3.127674,0,0,60.91554,5.344832,16.09631,0.345848,705.8575,-0.396841,2 sport,22.64515,20.94109,2.497367,7.199636,12.68973,13.91237,0.213636,0.907552,0,12.2387,6.754771
94,1348661262,Google,0,4,0.762064,0.527583,0.234481,4.571483,1.75861,0.047025,0,0,35.8087,0.397301,57.92952,1.555777,455.3628,-0.601174,2 sport,21.47987,24.30139,1.57911,8.524655,11.59834,15.89096,0.223911,0.752436,0,10.07479,5.574541
95,1348661262,MapQuest,0,4,0.531536,0.472476,0.05906,3.793905,2.126142,0.047038,0,0,17.97773,29.40893,50.75054,0.391099,510.215,-0.733364,2 sport,22.75116,25.0627,0.891925,8.582825,11.80117,15.56428,0.297878,0.596243,0,9.159551,5.292266
96,1348661262,Shortest Path,0,4,0.613002,0.367801,0.245201,0,1.961605,0,0,0,11.40045,19.55877,61.07977,0.777952,479.8576,-0.57485,2 sport,22.57062,24.26192,0.971428,8.993155,12.09492,15.96611,0.305621,0.655795,0,8.407444,5.773
97,1350035058,Endomondo,1,4,0.743047,0.217477,0.52557,87.18204,2.827203,0,0,0,3.33932,18.46961,42.88451,3.235516,637.1356,-0.097357,2 sport,29.878,21.99601,1.005852,16.11798,13.86766,10.73362,0.064424,0.476491,0,5.859972,0
98,1350035058,Google,0,4,0.7977,0.365612,0.432087,2.063004,2.127199,14.09983,0,0,0.349478,79.51616,0.024439,1.690333,27.65359,-0.523098,2 sport,39.63359,30.37654,0.988758,11.84414,9.951643,6.653426,0.019754,0.532151,0,0,0
99,1350035058,MapQuest,0,4,0.554922,0.237824,0.317098,28.37609,2.325386,0,0,0,0.067235,30.79859,30.2881,6.147788,265.0412,-0.134852,2 sport,30.7699,21.43805,1.080424,15.29741,16.63241,13.36774,0,1.265769,0,0.148298,0
100,1350035058,Shortest Path,0,4,0.474925,0.203539,0.271385,0,2.035391,6.694213,0,0,1.206437,77.84074,0,0.99617,25.88338,-0.628284,2 sport,39.28257,28.96589,0.943346,12.61302,10.71859,6.906381,0.020089,0.550127,0,0,0
337,1365965990,Endomondo,1,4,0,0,0,150.442,0,0,0,0,100,0,0,0,12.39134,-0.696648,2 sport,12.62022,2.941074,0.441544,10.65347,25.48629,20.55339,6.228976,21.07503,0,0,0
338,1365965990,Google,0,4,0,0,0,150.493,0,0,0,0,100,0,0,0,12.38882,-0.696851,2 sport,12.6188,2.940419,0.441446,10.65528,25.48618,20.55438,6.227588,21.0759,0,0,0
339,1365965990,MapQuest,0,4,4.569983,1.054611,3.515371,19.29513,1.406149,0,0,0,10.09979,0,0,20.50759,1.757686,-0.046964,2 sport,22.08966,19.60976,0.12868,15.86265,17.24316,23.18903,0.016784,1.86027,0,0,0
340,1365965990,Shortest Path,0,4,3.354933,2.5162,0.838733,0,1.677467,0,0,0,23.79623,0,0,10.38573,2.096833,-0.067636,2 sport,23.05276,18.25306,0.180216,14.54789,17.40985,23.78685,0.047947,2.721426,0,0,0
137,1375039914,Endomondo,1,4,2.646506,1.470281,1.176225,1.99321,0.294056,0,0,0,3.742202,0,33.78294,9.354234,4.998957,-0.594887,2 sport,32.86934,18.36751,8.5296,11.54825,16.13083,8.224017,0.008133,4.322315,0,0,0
138,1375039914,Google,0,4,0.892564,0.595043,0.297521,0.805383,0.595043,0,0,0,0,0,44.9123,9.884867,5.057861,-0.746982,2 sport,30.66129,19.62846,8.391168,8.564085,16.76247,10.36336,0.009347,5.619815,0,0,0
139,1375039914,MapQuest,0,4,2.040173,1.165813,0.87436,2.904119,0.582906,0,0,0,0,0,52.02943,2.522725,4.663252,-0.741289,2 sport,33.2184,19.3381,10.64922,7.035286,15.18911,7.798662,0.009225,6.761992,0,0,0
140,1375039914,Shortest Path,0,4,3.599009,2.099422,1.499587,0,0.599835,0,0,0,0,0,55.58032,0,5.398514,-0.580707,2 sport,33.21647,17.56611,6.878603,9.418266,17.16442,8.783648,0.008319,6.964169,0,0,0
141,1377221990,Endomondo,1,4,2.986637,1.378448,1.608189,21.05874,1.148706,0,0,0,20.32412,0.1772,19.12586,41.5188,557.8118,-0.166088,2 sport,38.39281,18.46766,3.65244,23.10246,8.652303,6.221623,0,0.015593,0,1.495097,0
142,1377221990,Google,0,4,1.100644,0.275161,0.825483,1.076054,2.75161,0,0,0,0,57.11372,30.53785,5.799964,310.1064,-1.000164,2 sport,29.69694,26.73461,1.705912,27.40723,8.681195,5.774105,0,0,0,0,0
143,1377221990,MapQuest,0,4,1.099749,0.274937,0.824812,1.158279,2.749373,0,0,0,0,57.11372,30.53785,5.799964,310.1293,-1.000977,2 sport,29.72128,26.73053,1.704822,27.39081,8.67998,5.772582,0,0,0,0,0
144,1377221990,Shortest Path,0,4,1.946853,0.556244,1.390609,0,2.224975,0,0,0,2.187585,45.84512,33.15179,13.55014,294.8092,-0.833841,2 sport,29.71435,26.79741,1.775434,25.28345,9.952758,6.476599,0,0,0,0,0
145,1378235410,Endomondo,1,4,1.142893,0.666688,0.476205,92.88825,0.761929,0,0,0,30.94429,0,18.98258,10.66007,2.857233,-0.006187,2 sport,18.66036,13.49033,0.240538,15.71337,21.29154,22.60829,2.104712,5.890865,0,0,0
146,1378235410,Google,0,4,1.712444,0.684978,1.027466,7.27878,1.369955,0,0,0,14.4679,62.70556,10.43245,7.719119,4.281109,-0.34022,2 sport,24.901,24.4845,0.138604,8.574355,17.59047,17.71132,1.33347,5.266284,0,0,0
147,1378235410,MapQuest,0,4,0.888926,0.711141,0.177785,3.331952,1.066711,0,0,0,0,0,3.723716,8.239532,0.533355,-0.056258,2 sport,21.02286,15.79345,0.117935,16.05333,19.33292,26.49379,0.07062,0.584027,0.531062,0,0
148,1378235410,Shortest Path,0,4,1.102253,0.734835,0.367418,0,2.020797,0,0,0,0.129095,62.04219,0,12.17243,4.960139,-0.398221,2 sport,25.32403,28.18946,0.311824,10.90655,14.24554,18.48576,0.348252,2.188595,0,0,0
149,1379206542,Endomondo,1,4,3.436084,1.472607,1.963477,14.02544,0.818115,2.385461,0,0,3.191799,0,2.492587,50.01192,4.2542,0.02332,2 sport,35.31742,18.8978,0.504913,25.81485,10.36397,6.764646,0.078851,2.257532,0,0,0
150,1379206542,Google,0,4,0.932786,0.373114,0.559671,0.007918,2.052128,0,0,0,0,0,66.78043,18.58163,4.850485,-1.016828,2 sport,29.38554,24.52738,0.59886,17.43718,11.51216,7.272821,0,9.266064,0,0,0
151,1379206542,MapQuest,0,4,0.746239,0,0.746239,0.006586,2.052156,0,0,0,0,0,67.25064,17.47868,4.85055,-1.049562,2 sport,29.38097,24.53035,0.598842,17.43518,11.51478,7.274085,0,9.26579,0,0,0
152,1379206542,Shortest Path,0,4,0.746288,0.186572,0.559716,0,2.052291,0,0,0,0,0,67.58405,17.57121,4.664298,-0.99939,2 sport,29.42016,24.55314,0.601724,17.43595,11.51481,7.16081,0,9.313414,0,0,0
157,1459685796,Endomondo,1,4,5.008969,2.754933,2.254036,0.285904,1.001794,0,0,0,0,2.51298,4.497016,80.42812,89.911,-0.046064,2 sport,31.09437,17.19096,0.442496,25.76129,10.70538,14.79142,0,0.014079,0,0,0
158,1459685796,Google,0,4,1.734191,0.743225,0.990966,1.381648,1.238708,0,0,0,0,0,3.786868,52.23018,36.66575,-0.826998,2 sport,26.99455,16.25044,0.414592,22.75062,18.37437,15.20171,0,0.013722,0,0,0
159,1459685796,MapQuest,0,4,1.734179,0.74322,0.990959,1.382339,1.238699,0,0,0,0,0,3.786868,52.23018,36.6655,-0.827005,2 sport,26.99402,16.2511,0.414584,22.75115,18.37401,15.20141,0,0.013721,0,0,0
160,1459685796,Shortest Path,0,4,3.767467,1.506987,2.26048,0,1.004658,0,0,0,1.263609,6.60761,3.838057,76.57005,41.19098,-0.284158,2 sport,30.92552,16.01178,0.327609,25.08165,12.14759,15.49181,0,0.014026,0,0,0
161,1668570900,Endomondo,1,4,1.561164,0.650485,0.910679,9.28143,0.780582,0,0,0,0,4.022574,12.64168,18.70063,61.92616,-0.393506,2 sport,23.14537,12.51561,0.361142,15.16642,18.91522,29.76458,0,0.131656,0,0,0
162,1668570900,Google,0,4,1.371358,0.623344,0.748013,14.03956,0.498675,0,0,0,0,0,16.47712,29.21067,33.6606,-0.078962,2 sport,23.60578,12.7541,0.432435,18.36829,14.60576,30.02414,0,0.2095,0,0,0
163,1668570900,MapQuest,0,4,1.329824,0.53193,0.797894,6.91026,0.797894,0,0,0,0,0,1.483119,13.43155,54.25682,-0.337837,2 sport,21.81327,11.28183,0.325396,17.17731,18.74464,29.98173,0.000533,0.675291,0,0,0
164,1668570900,Shortest Path,0,4,2.27475,1.279546,0.995203,0,0.710859,0,0,0,0,7.433121,3.820987,35.38546,72.36546,-0.498455,2 sport,20.57275,11.57139,0.240301,15.97748,18.06464,32.79346,0.000568,0.779417,0,0,0
181,1798323980,Endomondo,1,4,2.237774,1.01717,1.220604,4.010696,0.610302,0,0,0,3.466227,0,0,49.0076,3.729624,-0.311018,2 sport,33.78456,14.7109,0.330972,22.53561,15.40045,12.60071,0,0.6368,0,0,0
182,1798323980,Google,0,4,1.061786,0.530893,0.530893,6.282919,1.128147,0,0,0,0,22.13145,23.7481,50.79089,36.10072,-0.043566,2 sport,34.50629,17.46173,0.619116,22.68861,11.93326,11.79934,0,0.991649,0,0,0
183,1798323980,MapQuest,0,4,1.064711,0.5989,0.465811,5.990862,0.931623,0,0,0,0,5.24885,0.241888,31.92201,6.987169,-0.179186,2 sport,32.00102,14.07215,0.186573,21.74537,14.88587,16.51092,0,0.5981,0,0,0
184,1798323980,Shortest Path,0,4,1.974869,0.846373,1.128497,0,1.481152,0,0,0,0.935783,5.619503,19.10253,16.57337,8.04054,-0.253611,2 sport,35.29775,18.26427,0.413944,17.42674,16.10416,11.64512,0,0.848005,0,0,0
189,651060836,Endomondo,1,4,1.435264,0.287053,1.148211,1.542362,0.861159,0,0,0,0,0,0,1.93521,0.574106,-1.142696,2 sport,21.15232,18.67594,0.753336,17.7017,23.61058,16.58359,0,1.522532,0,0,0
190,651060836,Google,0,4,1.435264,0.287053,1.148211,1.542362,0.861159,0,0,0,0,0,0,1.93521,0.574106,-1.142696,2 sport,21.15232,18.67594,0.753336,17.7017,23.61058,16.58359,0,1.522532,0,0,0
191,651060836,MapQuest,0,4,1.435264,0.287053,1.148211,1.542362,0.861159,0,0,0,0,0,0,1.93521,0.574106,-1.142696,2 sport,21.15232,18.67594,0.753336,17.7017,23.61058,16.58359,0,1.522532,0,0,0
192,651060836,Shortest Path,0,4,2.623322,0.874441,1.748882,0,0.58296,0,0,0,0,0,0.104354,13.18751,0.58296,-0.294566,2 sport,25.49187,15.04982,0.434652,18.96747,20.23906,18.20567,0.352577,1.258872,0,0,0
197,651352098,Endomondo,1,4,3.099651,1.291521,1.80813,16.1376,0.129152,44.87118,0,0,23.4544,2.733532,0,27.14954,119.3366,-0.143923,2 sport,15.63866,8.15313,3.84543,5.37253,13.96374,15.13016,0,0.319288,0,2.831664,34.7454
198,651352098,Google,0,4,1.834638,0.846756,0.987882,6.283867,0.987882,26.8381,0,0,11.10993,31.20833,1.389171,2.377827,147.0533,-0.342099,2 sport,21.56695,12.8299,2.249296,3.806197,15.41326,14.73216,0,0.825569,0,6.81504,21.76163
199,651352098,MapQuest,0,4,0.729885,0.291954,0.437931,2.751983,1.313792,37.03185,0,0,0.896278,57.86304,1.43692,2.620349,162.3264,-0.694495,2 sport,19.75832,14.93217,3.586347,4.787219,15.62121,14.4825,0,0.126071,0,1.687146,25.01903
200,651352098,Shortest Path,0,4,0.599977,0.299988,0.299988,0,2.249913,0,0,0,0,84.77327,0,2.380784,155.694,-0.4396,2 sport,30.01869,21.27803,2.066539,13.01485,17.93084,13.83289,0,0.129196,0,1.728963,0
209,651458432,Endomondo,1,4,0.447413,0.268448,0.178965,1.105139,0.715861,0.684567,0,0,0.347271,0,98.31225,0.655912,207.9576,-0.808754,2 sport,16.55836,25.43676,0.834891,3.520966,13.27032,18.84631,0.450377,0.548622,0,12.04686,8.486526
210,651458432,Google,0,4,0.967765,0.615851,0.351915,2.833474,0.615851,0.089925,0,0,37.64354,0.759745,55.66552,5.618956,206.222,-0.85577,2 sport,17.15965,24.75611,0.71494,3.600869,12.16597,17.68777,0.34384,0.537204,0,14.42347,8.610174
211,651458432,MapQuest,0,4,0.712904,0.356452,0.356452,1.524513,0.534678,0.11769,0,0,36.35896,0.994323,46.97827,15.55076,198.722,-1.1831,2 sport,16.08859,24.4872,0.858284,2.93486,13.9142,19.34081,0.46187,0.548287,0,13.31223,8.053674
212,651458432,Shortest Path,0,4,0.633301,0.271415,0.361886,0,0.542829,0,0,0,0,0,90.16291,9.328135,209.4416,-0.822288,2 sport,15.89017,24.82222,0.852676,2.821765,13.73371,20.08128,0.454835,0.555413,0,12.19636,8.591576
213,651914275,Endomondo,1,4,2.625551,1.670805,0.954746,6.089281,0.716059,68.6657,0,0,6.692755,0,0.172389,24.19338,10.26352,-0.506557,2 sport,10.64777,5.730131,0.06593,9.768371,14.07809,58.70234,0,0.254996,0,0.752383,0
214,651914275,Google,0,4,0.747683,0.498455,0.249228,1.602154,0.747683,0,0,0,0,0,91.76784,8.232163,14.95366,-0.665523,2 sport,10.83911,6.470901,0.094725,9.975727,13.0533,58.45815,0,0.582164,0,0.525921,0
215,651914275,MapQuest,0,4,0.999854,0.249964,0.749891,1.303067,0.999854,0,0,0,0,0,91.74373,8.256271,15.49774,-0.668318,2 sport,10.88074,6.472089,0.094916,9.996836,13.15774,58.48609,0,0.630796,0,0.280793,0
216,651914275,Shortest Path,0,4,1.772545,1.012883,0.759662,0,0.759662,71.80289,0,0,6.998532,0,12.53352,8.376687,15.69968,-0.762454,2 sport,10.46874,5.80739,0.061162,9.491152,13.90685,59.22294,0,0.263699,0,0.778062,0
217,651930836,Endomondo,1,4,0.245202,0,0.245202,27.28477,0.980807,0,0,0,0,38.01572,0,0,85.82062,-0.009658,2 sport,25.3638,22.1259,2.608765,8.205172,19.35013,8.250039,0,0.567318,0,13.52889,0
218,651930836,Google,0,4,1.288392,0.715773,0.572619,9.009544,0.286309,0,0,0,0,4.025336,0,25.80644,166.2026,-0.594145,2 sport,23.89382,16.56025,1.050373,15.65061,13.72291,7.764453,0,0.300519,0,21.05706,0
219,651930836,MapQuest,0,4,0.917134,0.917134,0,2.091189,0.611423,0.816116,0,0,4.14237,17.14695,0,0,219.8066,-0.687187,2 sport,24.19984,16.87288,0.840041,13.28731,13.49917,6.505392,0.054812,0.583225,0,24.15734,0
220,651930836,Shortest Path,0,4,1.248418,0.780261,0.468157,0,0.624209,3.551896,0,0,1.306394,17.64182,0,4.529475,203.3361,-0.84166,2 sport,22.97698,18.71261,1.132028,13.00673,14.02913,6.534691,0.055756,0.448551,0,23.10352,0
233,652202789,Endomondo,1,4,0.723444,0.301435,0.422009,29.67963,0.482296,27.21596,0,0,14.01031,0,0,11.01384,25.5014,-0.09662,2 sport,13.58875,9.567385,0.525113,7.949815,21.78495,44.22364,0.127417,0.470575,1.762362,0,0
234,652202789,Google,0,4,0.556145,0.278073,0.278073,12.45985,0.764699,62.84863,0,0,0,0,8.828224,0,7.577475,-0.180215,2 sport,26.77771,21.56372,0.618961,9.142863,23.76201,17.64484,0.071056,0.41884,0,0,0
235,652202789,MapQuest,0,4,0.723775,0.361887,0.361887,8.016972,1.375172,0.09704,0,0,0,0,3.679226,0,12.37655,-0.18794,2 sport,25.39132,25.50075,0.599715,8.247602,22.61709,17.17865,0.067565,0.397308,0,0,0
236,652202789,Shortest Path,0,4,1.25088,0.62544,0.62544,0,0.93816,15.07691,0,0,1.979563,0,28.52545,6.326175,3.205379,-0.103455,2 sport,15.84203,11.1117,0.456014,9.796941,22.24096,39.69048,0.106247,0.755636,0,0,0
237,652220284,Endomondo,1,4,0.662189,0.305626,0.356563,15.45156,3.107194,10.20372,0,0,0.151532,17.09106,24.54548,13.78848,923.2443,-0.234052,2 sport,29.12024,26.51371,0.773038,17.09458,7.669468,7.369256,0,0.503796,0,10.95591,0
238,652220284,Google,0,4,0.8759,0.328463,0.547438,7.424601,2.080263,25.04645,0,0,3.733545,16.28713,8.28632,19.72199,452.6762,-0.442761,2 sport,27.92899,22.6873,0.93359,14.89136,12.6178,9.926839,0,0.356105,0,10.65801,0
239,652220284,MapQuest,0,4,0.935077,0.385032,0.550045,6.915291,2.365196,0.297337,0,0,16.08171,33.27591,1.313319,8.889179,680.0762,-0.387295,2 sport,26.13102,19.4099,1.009789,15.14262,10.37844,10.64721,0,0.313199,0,8.55522,8.412614
240,652220284,Shortest Path,0,4,1.234974,0.588083,0.646891,0,2.469947,0,0,0,1.445935,5.145937,50.57912,11.38132,349.2035,-0.349845,2 sport,27.28336,22.24011,1.639251,17.55322,11.21879,9.188851,0,0.765521,0,10.11089,0
245,652691918,Endomondo,1,4,1.320278,0.495104,0.825174,3.518708,2.310487,0,0,0,0,0,48.01311,10.1147,17.32865,-1.002358,2 sport,31.91305,23.75561,2.990208,8.04849,18.97955,12.65456,0.103043,1.555486,0,0,0
246,652691918,Google,0,4,1.156599,0.495685,0.660914,3.397414,2.313197,0,0,0,0,0,48.26397,4.886405,17.34898,-0.944384,2 sport,32.54231,23.33281,2.051525,9.868361,18.2658,12.27759,0.103234,1.55837,0,0,0
247,652691918,MapQuest,0,4,0.495378,0.165126,0.330252,3.461641,2.476887,0,0,0,0,0,70.20487,0,33.35542,-0.646446,2 sport,32.73085,24.8526,0.543148,5.76129,19.17114,13.40855,0,3.532422,0,0,0
248,652691918,Shortest Path,0,4,2.050103,1.025051,1.025051,0,1.879261,0,0,0,0,0,46.26145,16.68215,18.79261,-0.793189,2 sport,33.03535,21.61536,5.515666,9.444615,17.92506,11.13498,0.107054,1.221915,0,0,0
317,652955241,Endomondo,1,4,1.964728,0.818637,1.146091,0.552198,2.128456,0,0,0,29.08554,0,6.205892,11.27589,16.04528,-0.322196,2 sport,31.56794,23.38681,3.921979,8.5255,18.47943,12.40697,0.102591,1.608782,0,0,0
318,652955241,Google,0,4,1.46271,0.97514,0.48757,1.297134,2.275326,0,0,0,0,0,45.66422,3.416886,14.6271,-1.000013,2 sport,32.40882,22.47043,2.214428,11.29734,17.91538,11.92568,0.151425,1.616494,0,0,0
319,652955241,MapQuest,0,4,1.4633,0.975533,0.487767,1.256303,2.276244,0,0,0,0,0,47.56974,7.182941,14.95817,-0.945879,2 sport,33.90152,22.43701,1.668954,12.74892,16.29528,11.41919,0.049849,1.479271,0,0,0
320,652955241,Shortest Path,0,4,2.30484,1.317052,0.987789,0,2.30484,0,0,0,0,1.550334,56.56414,7.621024,22.22525,-0.612162,2 sport,33.48886,24.25417,2.045564,8.83072,18.46675,11.71323,0,1.200714,0,0,0
257,654530059,Endomondo,1,4,0.589984,0.210709,0.379275,39.43441,0.084283,5.943867,0,0,0,0,0,0.340739,4.804155,-0.565858,2 sport,13.0985,11.95266,0.90306,5.46372,19.23384,29.61285,3.756566,2.291154,13.01035,0.677295,0
258,654530059,Google,0,4,0.926852,0.521354,0.405498,1.435889,0.115857,56.09699,0,0,0,0,0,2.880944,5.734898,-0.575352,2 sport,16.19031,11.93384,0.650597,7.395201,25.24038,25.87854,5.69914,3.371913,0,3.64008,0
259,654530059,MapQuest,0,4,0.5079,0.1693,0.3386,38.83058,0.08465,0,0,0,0,0,0,0.363925,4.0632,-0.680315,2 sport,11.7361,10.78332,0.860582,4.118927,22.00418,31.1944,4.297789,4.229916,10.77478,0,0
260,654530059,Shortest Path,0,4,1.527761,0.881401,0.646361,0,0.05876,52.2279,0,0,0.763207,0,0,2.862799,5.229644,-0.424271,2 sport,18.89551,15.85826,0.785742,11.0857,21.93647,20.82308,5.541612,2.990888,0,2.082741,0
265,657927677,Endomondo,1,4,0.600275,0.428768,0.171507,4.05446,0.514521,44.37599,0,0,1.67464,0,38.0176,15.39687,10.54769,-0.307113,2 sport,12.61621,9.241239,0.555554,5.847075,23.44262,43.29153,2.792979,2.13602,0,0.076778,0
266,657927677,Google,0,4,0.356738,0.267553,0.089185,0.051457,0.535107,0.562033,0,0,0,0,61.09662,0.081465,3.121458,-1.000707,2 sport,13.78747,9.812184,0.518827,5.697689,23.4217,41.98659,2.728826,2.009842,0,0.036871,0
267,657927677,MapQuest,0,4,0.356738,0.267553,0.089185,0.051457,0.535107,0.562033,0,0,0,0,61.09662,0.081465,3.121458,-1.000707,2 sport,13.78747,9.812184,0.518827,5.697689,23.4217,41.98659,2.728826,2.009842,0,0.036871,0
268,657927677,Shortest Path,0,4,0.178461,0.178461,0,0,0.535382,61.80752,0,0,0,0,0,0,3.301525,-0.339158,2 sport,13.62495,9.796676,0.489589,5.181517,23.14842,42.93219,2.740345,2.049426,0,0.036879,0
277,658878576,Endomondo,1,4,0.308318,0.154159,0.154159,31.48947,3.160262,8.988177,0,0,0.218125,54.53246,0,3.237304,627.5817,-0.273634,2 sport,28.87888,28.4016,0.762009,15.32516,4.868702,4.785916,0,0.808733,0,16.16901,0
278,658878576,Google,0,4,0.667664,0.286142,0.381522,6.260038,2.193755,0,0,0,0,0.544562,43.3775,7.085157,505.5174,-0.361221,2 sport,24.90072,21.01363,1.745748,18.66875,10.58084,8.629265,0,0.754845,0,13.7062,0
279,658878576,MapQuest,0,4,0.776899,0.291337,0.485562,4.365168,2.816259,0.521375,0,0,2.500487,46.68265,0,5.696518,648.7107,-0.909187,2 sport,28.37775,21.6865,0.858914,18.40396,8.828963,6.83772,0,0.542924,0,14.46327,0
280,658878576,Shortest Path,0,4,0.709461,0.304055,0.405406,0,2.73649,0,0,0,1.169093,34.75462,0,5.872036,549.0211,-0.838234,2 sport,28.14443,20.5895,0.966111,18.51381,9.368471,7.226526,0,0.518213,0,14.67294,0
281,659007962,Endomondo,1,4,0.926388,0.324236,0.602152,36.74117,0.463194,32.69867,0,0,3.860565,0,2.713724,10.24854,20.14895,0.013884,2 sport,14.19762,10.61263,0.528086,7.761464,22.16713,40.43903,1.477258,1.171241,1.581377,0.064162,0
282,659007962,Google,0,4,0.349208,0.174604,0.174604,8.825295,0.756617,52.78716,0,0,0,0,6.706943,0,7.100556,-0.294494,2 sport,24.98719,19.56829,0.669567,7.685038,23.72347,20.22698,1.728789,1.333092,0,0.077592,0
283,659007962,MapQuest,0,4,0.481308,0.240654,0.240654,5.275901,1.263434,0,0,0,0,0,2.567939,0,10.10748,-0.341596,2 sport,23.82083,22.91606,0.662628,6.814634,22.66392,19.89534,1.783517,1.359525,0,0.083548,0
284,659007962,Shortest Path,0,4,0.696715,0.316689,0.380026,0,0.886728,0,0,0,0.474807,0,0,6.777096,8.803942,-0.234228,2 sport,16.8737,13.54525,0.4764,9.152903,24.81775,31.7307,1.90216,1.412799,0,0.08835,0
285,659013798,Endomondo,1,4,2.326264,1.395759,0.930506,25.74875,0.465253,0,0,0,23.63361,0,0,76.36639,488.5155,-0.58861,2 sport,33.76437,15.08205,0.654932,15.49139,8.424813,5.090611,0,0.472593,0,21.01924,0
286,659013798,Google,0,4,2.907358,1.453679,1.453679,20.73841,0.48456,0,0,0,0.702112,0,0,99.29789,492.7972,-0.623102,2 sport,33.28216,16.20356,0.460547,17.55066,8.637166,5.282852,0,0.47206,0,18.11099,0
287,659013798,MapQuest,0,4,2.334193,1.167096,1.167096,0.257309,2.917741,0,0,0,0,54.70368,0,44.47042,1039.299,-0.872472,2 sport,31.56071,21.09706,0.103237,21.67519,7.554658,6.751703,0,0.378536,0,10.87889,0
288,659013798,Shortest Path,0,4,3.510298,2.925248,0.58505,0,2.925248,0,0,0,4.455431,55.24237,0,39.48074,1050.164,-0.782891,2 sport,31.65374,21.04618,0.104155,21.95811,7.334799,6.545539,0,0.3819,0,10.97558,0
373,660050342,Endomondo,1,4,0.831548,0.237585,0.593963,4.090688,1.781888,56.50422,7.389339,0,0.350211,0.852202,0,17.77279,69.85001,-0.916015,2 sport,30.28781,28.94467,0.428722,14.44361,11.61775,13.59376,0,0.683676,0,0,0
374,660050342,Google,0,4,0.831548,0.237585,0.593963,4.090688,1.781888,56.50422,7.389339,0,0.350211,0.852202,0,17.77279,69.85001,-0.916015,2 sport,30.28781,28.94467,0.428722,14.44361,11.61775,13.59376,0,0.683676,0,0,0
375,660050342,MapQuest,0,4,0.800577,0.228736,0.571841,8.117442,2.5161,0,40.75408,0,0,1.139536,37.30794,0,53.40995,-0.205502,2 sport,29.03111,21.76628,0.40393,18.72726,9.739811,19.67658,0,0.655022,0,0,0
376,660050342,Shortest Path,0,4,1.607476,0.494608,1.112868,0,0.989216,39.6816,0,1.923596,0,3.833149,16.4392,27.99893,42.90723,-0.379654,2 sport,27.90551,28.8294,0.506186,15.66261,11.57012,14.5583,0,0.967884,0,0,0
357,660372130,Endomondo,1,4,2.379668,1.529786,0.849881,17.91614,1.35981,9.028507,0.509267,0,0.31863,7.911119,7.83427,22.53297,278.4211,-0.231508,2 sport,31.64987,24.91942,1.47015,13.1081,14.22612,8.940761,0,5.685574,0,0,0
358,660372130,Google,0,4,1.253932,0.313483,0.940449,27.87261,2.507864,0,38.05654,7.359106,0,14.49507,34.4214,2.142317,77.90052,-0.230323,2 sport,31.33536,22.87781,1.732704,14.72549,13.02524,11.28442,0,5.018975,0,0,0
359,660372130,MapQuest,0,4,1.192933,0.397645,0.795289,0.808354,3.181156,0,0,0,0,0,78.80822,21.19178,49.70556,-0.463753,2 sport,30.55486,25.39193,0.993628,22.97489,10.36843,8.144596,0,1.571667,0,0,0
360,660372130,Shortest Path,0,4,2.004294,0.400859,1.603436,0,3.206871,0,0,0,0,0,75.07187,24.92813,46.09877,-0.475922,2 sport,29.53368,24.83545,0.958271,23.38531,11.49606,8.204993,0,1.58624,0,0,0
305,662155460,Endomondo,1,4,1.035364,0.517682,0.517682,4.907743,1.423625,47.1586,0,0,2.555419,2.260914,15.19269,12.22055,2.911961,-0.115122,2 sport,22.00029,18.08682,0.584583,10.81777,24.05527,20.77875,0.696315,0.913298,2.06691,0,0
306,662155460,Google,0,4,0.407001,0.135667,0.271334,0.077423,1.560171,0,29.39575,0,0.026557,0,69.93082,1.282142,5.087515,-0.829799,2 sport,24.00773,20.13395,0.525709,10.89154,22.16802,19.16103,0.274495,1.200035,1.637494,0,0
307,662155460,MapQuest,0,4,0.676852,0.338426,0.338426,0.296735,1.353704,0,32.37627,0,0,0,76.90526,8.161476,12.04797,-0.175347,2 sport,26.41118,21.38484,0.476293,11.3862,18.41929,20.69269,0.166959,0.594624,0.467918,0,0
308,662155460,Shortest Path,0,4,0.543088,0.203658,0.33943,0,1.561379,0,29.32742,0,0,0,69.97456,1.42579,5.091455,-0.794596,2 sport,23.9952,20.13179,0.525363,10.88984,22.17607,19.21979,0.257669,1.165336,1.638949,0,0
385,665009631,Endomondo,1,4,0.436412,0.187034,0.249378,20.72795,0.311723,0,0,2.533483,0,0,2.533483,1.999783,3.553638,-0.704724,2 sport,13.08778,10.18366,0.860594,7.070228,23.96591,33.42064,2.34345,2.801473,5.956199,0.310069,0
386,665009631,Google,0,4,0.185038,0.148031,0.037008,1.6915,0.666138,54.52189,23.74437,0,0,0,34.78056,1.089432,14.58102,-0.198066,2 sport,24.02996,20.16341,1.657627,6.821003,28.10578,15.38306,0.355161,0.690443,2.793548,0,0
387,665009631,MapQuest,0,4,0.436412,0.187034,0.249378,20.72795,0.311723,0,0,2.533483,0,0,2.533483,1.999783,3.553638,-0.704724,2 sport,13.08778,10.18366,0.860594,7.070228,23.96591,33.42064,2.34345,2.801473,5.956199,0.310069,0
388,665009631,Shortest Path,0,4,0.188168,0.150535,0.037634,0,0.865574,0,24.12053,0,0,0,36.13537,2.388769,14.75239,-0.224548,2 sport,24.18097,20.54645,1.749142,6.721544,27.8147,15.37065,0.348874,0.707933,2.559732,0,0
389,665565101,Endomondo,1,4,1.76626,0.824255,0.942006,20.05581,0.588754,23.7678,0,1.010212,0,0,5.616992,60.46048,11.06857,-0.040464,2 sport,12.8911,7.846509,0.306549,8.760486,21.1953,47.98783,0.071796,0.770859,0.16957,0,0
390,665565101,Google,0,4,1.037206,0.388952,0.648254,9.036425,0.518603,0,0,0,0,0,47.97379,17.06816,9.334854,-0.127918,2 sport,14.76924,8.445914,0.29924,10.13437,21.28585,44.56923,0.008786,0.487364,0,0,0
391,665565101,MapQuest,0,4,0.876943,0.501111,0.375833,12.84261,1.002221,0,0,0,0,0,1.004269,18.56765,7.89249,-0.02468,2 sport,18.08637,9.923622,0.424265,12.87304,21.07667,37.23614,0.017449,0.362445,0,0,0
392,665565101,Shortest Path,0,4,1.837765,0.848199,0.989566,0,0.989566,0,0,3.084327,3.563152,0,20.5595,23.53561,22.47728,-0.125517,2 sport,14.30433,10.0615,0.374069,8.217107,21.17694,45.43388,0,0.432182,0,0,0
397,669603378,Endomondo,1,4,0.943459,0.524144,0.419315,25.96506,1.310359,39.65328,0,0,2.069505,1.853267,19.57117,17.22136,5.241437,-0.079328,2 sport,21.73993,16.76466,0.523226,11.7398,22.39742,23.58529,0.565462,1.008838,1.675373,0,0
398,669603378,Google,0,4,0.79559,0.340967,0.454623,16.18206,1.250213,0,27.90124,0,0,0,50.75852,10.8147,7.444451,-0.118625,2 sport,23.28288,18.25909,0.498013,12.10693,22.02193,20.81283,0.231724,1.411035,1.375561,0,0
399,669603378,MapQuest,0,4,0.52819,0.198071,0.330119,0,1.254452,0,31.42916,0,0.505344,0,86.99049,2.514923,16.77004,-0.737574,2 sport,25.52,23.17624,0.421587,12.12143,18.0392,19.46153,0.164946,0.638705,0.456368,0,0
400,669603378,Shortest Path,0,4,0.52819,0.198071,0.330119,0,1.254452,0,31.42916,0,0.505344,0,86.99049,2.514923,16.77004,-0.737574,2 sport,25.52,23.17624,0.421587,12.12143,18.0392,19.46153,0.164946,0.638705,0.456368,0,0
409,672776876,Endomondo,1,4,1.950502,0.886592,1.06391,8.296183,3.723686,0,19.58444,31.47528,0,0,51.74826,39.72536,905.565,-0.183649,2 sport,26.60081,21.72356,0.179405,29.29827,6.264271,6.54366,0,0.158131,0,9.231893,0
410,672776876,Google,0,4,2.805611,1.227455,1.578156,9.511442,2.104208,0,27.38144,0,61.74545,1.840324,16.06332,3.958433,2638.852,-0.555499,2 sport,22.73676,13.62738,6.311378,16.57425,8.065245,8.649396,0,0.196128,0,6.440484,17.39897
411,672776876,MapQuest,0,4,2.345961,1.17298,1.17298,14.59725,1.508118,0.644131,12.09834,0,74.70062,1.760352,1.272057,4.674028,2087.905,-0.375174,2 sport,18.89701,9.994637,9.685083,10.98168,9.122321,9.395217,0,0.188719,0,1.308813,30.42652
412,672776876,Shortest Path,0,4,0.768116,0.192029,0.576087,0,5.184784,0,33.56872,54.5869,5.507067,0,76.55737,0,1941.03,-0.347122,2 sport,27.71131,23.43596,0.100525,30.50468,4.033935,3.743784,0,0.170587,0,10.29921,0
365,675176271,Endomondo,1,4,3.005044,1.314707,1.690337,9.004147,0.563446,0,19.71939,0,22.42788,17.98438,0,46.14323,18.78152,-0.23786,2 sport,18.76701,15.24376,0.56856,12.3314,22.65167,23.24215,0,7.195457,0,0,0
366,675176271,Google,0,4,1.766547,0.785132,0.981415,4.301653,0.588849,0,20.57696,0,0,18.7665,0,29.03916,22.37626,-0.279473,2 sport,17.79632,15.63575,0.746052,9.969045,24.20752,25.46844,0,6.176874,0,0,0
367,675176271,MapQuest,0,4,1.602244,0.801122,0.801122,2.21981,1.802525,0,1.800326,0,0,6.128422,0.30678,19.95329,47.4665,-0.101591,2 sport,31.40648,22.31652,0.740381,16.78277,18.20462,9.473693,0.04697,1.028572,0,0,0
368,675176271,Shortest Path,0,4,2.661443,1.023632,1.637811,0,1.637811,0.935789,5.663975,0,0.383325,8.5413,0,17.13058,11.05523,-0.099148,2 sport,31.91168,22.11017,0.625158,16.06616,16.6047,8.962237,0.036774,3.683122,0,0,0
417,675670157,Endomondo,1,4,3.877928,1.396054,2.481874,28.99255,0.155117,48.92393,0.586483,0,12.20659,0,0.586483,0.460851,102.3773,-0.033448,2 sport,14.62715,14.63282,1.054663,1.390238,23.09851,29.77027,4.2647,4.396533,0,6.76511,0
418,675670157,Google,0,4,0.393639,0.393639,0,1.661482,0.393639,0,67.61515,0,29.62134,0,68.18395,0.417489,175.1693,-0.616325,2 sport,14.92138,22.4931,0.831712,0.94313,17.57815,33.354,0.835635,0.316992,0,8.725912,0
419,675670157,MapQuest,0,4,0.198385,0.198385,0,0.859439,0.396769,0,98.07774,0,0,0,98.07774,0.420937,174.9752,-0.847486,2 sport,13.66336,22.5477,0.878246,0.60182,18.41552,34.20263,0.882985,0.319075,0,8.488659,0
420,675670157,Shortest Path,0,4,0.800358,0.400179,0.400179,0,0.400179,8.830563,90.43532,0,0.539995,0,90.43532,0,174.278,-0.939454,2 sport,11.39609,22.15676,0.896922,0.755009,19.48752,35.61856,0.798061,0.322095,0,8.568992,0
421,676323495,Endomondo,1,4,1.763512,0.822972,0.94054,4.495821,2.468917,53.19555,0,7.288764,4.056814,0.658277,29.72929,3.628407,48.79051,-0.687649,2 sport,29.12994,32.56032,0.627351,14.19884,10.01412,12.58453,0,0.884891,0,0,0
422,676323495,Google,0,4,1.707731,0.683092,1.024639,7.909081,2.22005,61.49997,3.318597,1.380878,0.739146,0.788851,27.82359,1.87362,44.68562,-0.518132,2 sport,28.51899,31.42261,0.564696,14.93289,10.23385,13.47486,0,0.85211,0,0,0
423,676323495,MapQuest,0,4,0.970138,0.399469,0.57067,7.639441,1.997344,0,0,7.075738,0,0.08328,56.07384,0,102.9488,-0.286767,2 sport,21.83948,17.23645,0.571987,17.17148,10.97628,31.33256,0,0.807029,0,0.064745,0
424,676323495,Shortest Path,0,4,0.491412,0.18428,0.307133,0,2.702768,0,0,7.61562,0,0.089634,30.98152,1.050591,51.47545,-0.336258,2 sport,30.70802,32.08041,0.575463,14.976,9.118726,11.76429,0,0.777083,0,0,0
425,676807417,Endomondo,1,4,1.455716,0.529351,0.926365,48.74374,1.19104,30.47189,4.202274,2.190403,0.780762,3.998061,3.468832,13.7419,86.94592,-0.437271,2 sport,28.59753,22.19069,1.194296,12.3579,16.05151,15.05179,0,4.556278,0,0,0
426,676807417,Google,0,4,1.613736,0.645494,0.968241,21.98044,2.097856,18.33503,14.5291,3.921384,0,14.05912,12.34539,3.590196,87.14172,-0.50083,2 sport,32.83878,26.12498,1.844912,12.82809,12.96912,8.563867,0,4.830255,0,0,0
427,676807417,MapQuest,0,4,2.005571,0.364649,1.640922,7.963562,2.734869,0,0,3.00434,0,4.250451,44.43561,22.20903,66.18385,-0.342511,2 sport,31.34246,21.94658,1.791498,20.57742,12.92198,9.810201,0,1.609868,0,0,0
428,676807417,Shortest Path,0,4,1.574753,0.787377,0.787377,0,1.377909,0,0,0,1.146773,0,30.40785,65.95494,30.51085,-0.148883,2 sport,31.51524,21.55376,1.790221,22.56023,11.58526,9.380104,0,1.615184,0,0,0
437,679571769,Endomondo,1,4,0.917697,0.229424,0.688273,4.474418,0.917697,0,9.367065,0,0,32.78089,31.81581,0,4.588485,-0.278746,2 sport,26.12812,25.0827,1.362515,11.71982,14.07201,14.84785,0.413963,6.373024,0,0,0
438,679571769,Google,0,4,0.684762,0.228254,0.456508,5.009996,0.684762,0,26.70091,0,0,25.09956,3.695988,4.764973,0.79889,-0.284591,2 sport,25.98708,21.34548,2.899683,14.10746,16.31157,11.04154,4.403188,3.903999,0,0,0
439,679571769,MapQuest,0,4,0.825732,0.353885,0.471847,1.5964,1.179617,0,9.731175,0,0,0,21.97722,4.606379,6.841778,-0.438617,2 sport,25.76046,19.30578,0.538672,18.58208,18.49519,14.70429,0.540551,2.072972,0,0,0
440,679571769,Shortest Path,0,4,2.037362,0.838914,1.198448,0,0.838914,0,9.783361,0,0,0,13.93167,30.84722,2.037362,-0.386077,2 sport,26.3584,17.44502,0.538269,19.45597,18.34534,15.11092,0.586766,2.15932,0,0,0
441,680394764,Endomondo,1,4,1.793692,1.395094,0.398598,5.371137,0.398598,28.95309,0,0,0.758526,0,0,27.7911,10.96145,-0.724554,2 sport,25.25407,13.70351,1.154897,10.93905,27.23989,21.07886,0.043566,0.586162,0,0,0
442,680394764,Google,0,4,0.793191,0.594893,0.198298,5.903225,0.396596,5.516618,0,0,0,0,0,24.06494,9.914889,-0.985298,2 sport,26.30613,12.4437,1.206077,10.31325,28.09445,20.82267,0.671699,0.14203,0,0,0
443,680394764,MapQuest,0,4,0.793191,0.594893,0.198298,5.903225,0.396596,5.516618,0,0,0,0,0,24.06494,9.914889,-0.985298,2 sport,26.30613,12.4437,1.206077,10.31325,28.09445,20.82267,0.671699,0.14203,0,0,0
444,680394764,Shortest Path,0,4,1.260023,0.840015,0.420007,0,0.420007,30.33053,0,0,0.794613,0,0,25.35015,9.660173,-1.007273,2 sport,24.4803,12.57357,1.188008,11.25736,27.6622,22.17671,0.045789,0.616066,0,0,0
297,680577190,Endomondo,1,4,0.778866,0.155773,0.623093,42.02743,0.467319,0,65.97517,0,0,0,0,0,1.246185,-0.347918,2 sport,19.28179,16.5517,0.872736,12.81043,26.70313,19.59886,0.271339,3.910007,0,0,0
298,680577190,Google,0,4,0.221777,0,0.221777,0,0.66533,0,51.83686,0,0,0,0,0,0.66533,-0.906925,2 sport,20.07276,18.74694,0.885923,15.22249,22.66582,18.36913,0.607815,3.429126,0,0,0
299,680577190,MapQuest,0,4,0.636724,0.212241,0.424483,4.240085,1.697931,0,17.97523,0,0,43.9812,0,0,3.183621,-0.253678,2 sport,21.06367,20.77581,0.585801,14.54349,20.62222,21.015,0.306329,1.087677,0,0,0
300,680577190,Shortest Path,0,4,0.221241,0,0.221241,0,0.663722,0,51.95989,0,0,0,0,0,0.663722,-0.903005,2 sport,20.09109,18.71777,0.889079,15.1885,22.66322,18.42287,0.606388,3.421078,0,0,0
293,680849292,Endomondo,1,4,0.718764,0.718764,0,3.689553,0,1.356864,0,0,28.87334,0,0,64.65796,53.18851,-0.680398,2 sport,13.09341,15.6451,5.452422,1.206176,23.81388,16.64297,0,0.316674,0,4.066093,19.76327
294,680849292,Google,0,4,1.0704,0.7136,0.3568,4.439844,0,4.114391,0,14.65707,7.11494,14.65707,0,68.50208,51.0224,-0.888262,2 sport,13.60625,15.8079,5.432697,1.331914,24.32459,16.45775,0,0.30952,0,4.051764,18.67761
295,680849292,MapQuest,0,4,1.481834,0,1.481834,0.589233,0.740917,2.186497,0,19.52519,0,73.91338,0,18.48546,59.27337,-0.107287,2 sport,18.37201,24.33724,5.407793,1.462348,27.56309,17.67849,0,0.319979,0,4.188686,0.670364
296,680849292,Shortest Path,0,4,1.863207,1.117924,0.745283,0,0.745283,0,0,17.79782,9.208418,39.34056,0,51.45102,52.54243,-0.950675,2 sport,14.40813,18.81815,5.475673,1.312351,25.48502,15.44458,0,0.322614,0,4.223173,14.51031
445,681597828,Endomondo,1,4,4.009333,2.4056,1.603733,0.103938,0,0,0,0,0,0,0,65.3771,231.7394,-0.484237,2 sport,34.95877,15.34925,0.294235,25.79765,11.21157,7.276182,0,0.052104,0,5.060226,0
446,681597828,Google,0,4,4.257141,2.838094,1.419047,13.13227,1.419047,0,0,0,0,7.44683,0,65.67693,251.8808,-0.702994,2 sport,33.48207,17.10736,0.256156,26.59616,10.67317,7.312841,0,0.046824,0,4.525423,0
447,681597828,MapQuest,0,4,1.48541,1.48541,0,8.077909,2.97082,0,0,0,0,63.09416,0,22.29948,291.1403,-0.137804,2 sport,27.84792,24.91507,1.825954,33.3088,8.362586,3.739667,0,0,0,0,0
448,681597828,Shortest Path,0,4,5.6189,3.2108,2.4081,0,0,0,0,0,0,0,0,59.57964,223.9533,-0.695709,2 sport,35.84153,15.85019,0.290716,24.60258,11.16781,7.088514,0,0.052576,0,5.10608,0
449,682397932,Endomondo,1,4,1.322991,0.352798,0.970194,23.60597,0.529197,0,11.3174,0,0.947843,0,11.39038,26.73331,34.30958,-0.086807,2 sport,16.90024,8.33731,0.215266,14.3226,13.02508,46.71719,0.016644,0.46567,0,0,0
450,682397932,Google,0,4,1.125409,0.46892,0.656489,16.2455,0.562704,6.643061,22.3231,0,0,0,27.8711,9.849208,30.38604,-0.243513,2 sport,15.86909,11.33217,0.18557,13.16651,14.5446,44.38246,0,0.519597,0,0,0
451,682397932,MapQuest,0,4,0.867611,0.325354,0.542257,0.524052,0.75916,0,0,0,0,0,10.03628,7.900472,25.26918,-0.440585,2 sport,13.88314,9.285544,0.225686,13.19181,16.06131,46.84018,0.000432,0.5119,0,0,0
452,682397932,Shortest Path,0,4,0.872158,0.327059,0.545099,0,0.763138,0,0,0,0,0,20.22267,17.55714,17.55218,-0.627933,2 sport,12.83326,7.503765,0.130561,13.76067,14.90656,50.37906,0.000435,0.485686,0,0,0
